"scenario","category","note","side","army","composition","research","opponents","model","modelFamily","label","replications","seedStart","seedEnd","survivalMode","selection","floor","densityScale","weightStrength","surviveCap","power","hostilePower","totalSurvival","appliedSurvival","troops","plunder","baseRate","finalRate","expectedCasualties","averageCasualties","casualtyPercent","median","min","max","standardDeviation","shardDeathProbability","allShardsSurviveProbability","shardProbabilityStandardError","annihilationProbability","nominalWinnerSide","nominalWinner","bridgeman_averageCasualties","bridgeman_casualtyRate","spearman_averageCasualties","spearman_casualtyRate","chull_averageCasualties","chull_casualtyRate","scout_averageCasualties","scout_casualtyRate","heavy_averageCasualties","heavy_casualtyRate","shardbearer_averageCasualties","shardbearer_casualtyRate","powerRatio","bridgeman_casualtyShare","spearman_casualtyShare","chull_casualtyShare","scout_casualtyShare","heavy_casualtyShare","shardbearer_casualtyShare"
"gradient-100-0.25","gradient","Exact hostile/own Power = 0.25; scalar opposition, not a simulated opponent.","0","100 BM / 0 SP","{""bridgeman"":100,""spearman"":0,""chull"":0,""scout"":0,""heavy"":0,""shardbearer"":0}","{}","[]","current","current","CURRENT / BASELINE","1000","0","999","total","equal","0.03","100","0.6931471805599453","","50","12.5","-100","-100","100","100","0.0625","0.125","12.5","12.505","12.505","13","12","13","0.4999749993749692","","","","0","","false","12.505","0.12505","0","","0","","0","","0","","0","","0.25","1","0","0","0","0","0"
"gradient-100-0.25","gradient","Exact hostile/own Power = 0.25; scalar opposition, not a simulated opponent.","0","100 BM / 0 SP","{""bridgeman"":100,""spearman"":0,""chull"":0,""scout"":0,""heavy"":0,""shardbearer"":0}","{}","[]","normalized","normalized","EXPERIMENTAL / normalized Survival — NOT BALANCED","1000","0","999","density","equal","0.03","100","0.6931471805599453","","50","12.5","-100","-100","100","100","0.0625","0.125","12.5","12.505","12.505","13","12","13","0.4999749993749692","","","","0","","false","12.505","0.12505","0","","0","","0","","0","","0","","0.25","1","0","0","0","0","0"
"gradient-100-0.25","gradient","Exact hostile/own Power = 0.25; scalar opposition, not a simulated opponent.","0","100 BM / 0 SP","{""bridgeman"":100,""spearman"":0,""chull"":0,""scout"":0,""heavy"":0,""shardbearer"":0}","{}","[]","weighted","weighted","EXPERIMENTAL / weighted selection","1000","0","999","total","weighted","0.03","100","0.6931471805599453","","50","12.5","-100","-100","100","100","0.0625","0.125","12.5","12.505","12.505","13","12","13","0.4999749993749692","","","","0","","false","12.505","0.12505","0","","0","","0","","0","","0","","0.25","1","0","0","0","0","0"
"gradient-100-0.25","gradient","Exact hostile/own Power = 0.25; scalar opposition, not a simulated opponent.","0","100 BM / 0 SP","{""bridgeman"":100,""spearman"":0,""chull"":0,""scout"":0,""heavy"":0,""shardbearer"":0}","{}","[]","normalized-weighted","normalized-weighted","EXPERIMENTAL / normalized + weighted — NOT BALANCED","1000","0","999","density","weighted","0.03","100","0.6931471805599453","","50","12.5","-100","-100","100","100","0.0625","0.125","12.5","12.505","12.505","13","12","13","0.4999749993749692","","","","0","","false","12.505","0.12505","0","","0","","0","","0","","0","","0.25","1","0","0","0","0","0"
"gradient-100-0.5","gradient","Exact hostile/own Power = 0.5; scalar opposition, not a simulated opponent.","0","100 BM / 0 SP","{""bridgeman"":100,""spearman"":0,""chull"":0,""scout"":0,""heavy"":0,""shardbearer"":0}","{}","[]","current","current","CURRENT / BASELINE","1000","0","999","total","equal","0.03","100","0.6931471805599453","","50","25","-100","-100","100","100","0.125","0.25","25","25","25","25","25","25","0","","","","0","","false","25","0.25","0","","0","","0","","0","","0","","0.5","1","0","0","0","0","0"
"gradient-100-0.5","gradient","Exact hostile/own Power = 0.5; scalar opposition, not a simulated opponent.","0","100 BM / 0 SP","{""bridgeman"":100,""spearman"":0,""chull"":0,""scout"":0,""heavy"":0,""shardbearer"":0}","{}","[]","normalized","normalized","EXPERIMENTAL / normalized Survival — NOT BALANCED","1000","0","999","density","equal","0.03","100","0.6931471805599453","","50","25","-100","-100","100","100","0.125","0.25","25","25","25","25","25","25","0","","","","0","","false","25","0.25","0","","0","","0","","0","","0","","0.5","1","0","0","0","0","0"
"gradient-100-0.5","gradient","Exact hostile/own Power = 0.5; scalar opposition, not a simulated opponent.","0","100 BM / 0 SP","{""bridgeman"":100,""spearman"":0,""chull"":0,""scout"":0,""heavy"":0,""shardbearer"":0}","{}","[]","weighted","weighted","EXPERIMENTAL / weighted selection","1000","0","999","total","weighted","0.03","100","0.6931471805599453","","50","25","-100","-100","100","100","0.125","0.25","25","25","25","25","25","25","0","","","","0","","false","25","0.25","0","","0","","0","","0","","0","","0.5","1","0","0","0","0","0"
"gradient-100-0.5","gradient","Exact hostile/own Power = 0.5; scalar opposition, not a simulated opponent.","0","100 BM / 0 SP","{""bridgeman"":100,""spearman"":0,""chull"":0,""scout"":0,""heavy"":0,""shardbearer"":0}","{}","[]","normalized-weighted","normalized-weighted","EXPERIMENTAL / normalized + weighted — NOT BALANCED","1000","0","999","density","weighted","0.03","100","0.6931471805599453","","50","25","-100","-100","100","100","0.125","0.25","25","25","25","25","25","25","0","","","","0","","false","25","0.25","0","","0","","0","","0","","0","","0.5","1","0","0","0","0","0"
"gradient-100-1","gradient","Exact hostile/own Power = 1; scalar opposition, not a simulated opponent.","0","100 BM / 0 SP","{""bridgeman"":100,""spearman"":0,""chull"":0,""scout"":0,""heavy"":0,""shardbearer"":0}","{}","[]","current","current","CURRENT / BASELINE","1000","0","999","total","equal","0.03","100","0.6931471805599453","","50","50","-100","-100","100","100","0.25","0.5","50","50","50","50","50","50","0","","","","0","","false","50","0.5","0","","0","","0","","0","","0","","1","1","0","0","0","0","0"
"gradient-100-1","gradient","Exact hostile/own Power = 1; scalar opposition, not a simulated opponent.","0","100 BM / 0 SP","{""bridgeman"":100,""spearman"":0,""chull"":0,""scout"":0,""heavy"":0,""shardbearer"":0}","{}","[]","normalized","normalized","EXPERIMENTAL / normalized Survival — NOT BALANCED","1000","0","999","density","equal","0.03","100","0.6931471805599453","","50","50","-100","-100","100","100","0.25","0.5","50","50","50","50","50","50","0","","","","0","","false","50","0.5","0","","0","","0","","0","","0","","1","1","0","0","0","0","0"
"gradient-100-1","gradient","Exact hostile/own Power = 1; scalar opposition, not a simulated opponent.","0","100 BM / 0 SP","{""bridgeman"":100,""spearman"":0,""chull"":0,""scout"":0,""heavy"":0,""shardbearer"":0}","{}","[]","weighted","weighted","EXPERIMENTAL / weighted selection","1000","0","999","total","weighted","0.03","100","0.6931471805599453","","50","50","-100","-100","100","100","0.25","0.5","50","50","50","50","50","50","0","","","","0","","false","50","0.5","0","","0","","0","","0","","0","","1","1","0","0","0","0","0"
"gradient-100-1","gradient","Exact hostile/own Power = 1; scalar opposition, not a simulated opponent.","0","100 BM / 0 SP","{""bridgeman"":100,""spearman"":0,""chull"":0,""scout"":0,""heavy"":0,""shardbearer"":0}","{}","[]","normalized-weighted","normalized-weighted","EXPERIMENTAL / normalized + weighted — NOT BALANCED","1000","0","999","density","weighted","0.03","100","0.6931471805599453","","50","50","-100","-100","100","100","0.25","0.5","50","50","50","50","50","50","0","","","","0","","false","50","0.5","0","","0","","0","","0","","0","","1","1","0","0","0","0","0"
"gradient-100-1.5","gradient","Exact hostile/own Power = 1.5; scalar opposition, not a simulated opponent.","0","100 BM / 0 SP","{""bridgeman"":100,""spearman"":0,""chull"":0,""scout"":0,""heavy"":0,""shardbearer"":0}","{}","[]","current","current","CURRENT / BASELINE","1000","0","999","total","equal","0.03","100","0.6931471805599453","","50","75","-100","-100","100","100","0.375","0.75","75","75","75","75","75","75","0","","","","0","","false","75","0.75","0","","0","","0","","0","","0","","1.5","1","0","0","0","0","0"
"gradient-100-1.5","gradient","Exact hostile/own Power = 1.5; scalar opposition, not a simulated opponent.","0","100 BM / 0 SP","{""bridgeman"":100,""spearman"":0,""chull"":0,""scout"":0,""heavy"":0,""shardbearer"":0}","{}","[]","normalized","normalized","EXPERIMENTAL / normalized Survival — NOT BALANCED","1000","0","999","density","equal","0.03","100","0.6931471805599453","","50","75","-100","-100","100","100","0.375","0.75","75","75","75","75","75","75","0","","","","0","","false","75","0.75","0","","0","","0","","0","","0","","1.5","1","0","0","0","0","0"
"gradient-100-1.5","gradient","Exact hostile/own Power = 1.5; scalar opposition, not a simulated opponent.","0","100 BM / 0 SP","{""bridgeman"":100,""spearman"":0,""chull"":0,""scout"":0,""heavy"":0,""shardbearer"":0}","{}","[]","weighted","weighted","EXPERIMENTAL / weighted selection","1000","0","999","total","weighted","0.03","100","0.6931471805599453","","50","75","-100","-100","100","100","0.375","0.75","75","75","75","75","75","75","0","","","","0","","false","75","0.75","0","","0","","0","","0","","0","","1.5","1","0","0","0","0","0"
"gradient-100-1.5","gradient","Exact hostile/own Power = 1.5; scalar opposition, not a simulated opponent.","0","100 BM / 0 SP","{""bridgeman"":100,""spearman"":0,""chull"":0,""scout"":0,""heavy"":0,""shardbearer"":0}","{}","[]","normalized-weighted","normalized-weighted","EXPERIMENTAL / normalized + weighted — NOT BALANCED","1000","0","999","density","weighted","0.03","100","0.6931471805599453","","50","75","-100","-100","100","100","0.375","0.75","75","75","75","75","75","75","0","","","","0","","false","75","0.75","0","","0","","0","","0","","0","","1.5","1","0","0","0","0","0"
"gradient-100-2","gradient","Exact hostile/own Power = 2; scalar opposition, not a simulated opponent.","0","100 BM / 0 SP","{""bridgeman"":100,""spearman"":0,""chull"":0,""scout"":0,""heavy"":0,""shardbearer"":0}","{}","[]","current","current","CURRENT / BASELINE","1000","0","999","total","equal","0.03","100","0.6931471805599453","","50","100","-100","-100","100","100","0.5","0.95","95","95","95","95","95","95","0","","","","0","","false","95","0.95","0","","0","","0","","0","","0","","2","1","0","0","0","0","0"
"gradient-100-2","gradient","Exact hostile/own Power = 2; scalar opposition, not a simulated opponent.","0","100 BM / 0 SP","{""bridgeman"":100,""spearman"":0,""chull"":0,""scout"":0,""heavy"":0,""shardbearer"":0}","{}","[]","normalized","normalized","EXPERIMENTAL / normalized Survival — NOT BALANCED","1000","0","999","density","equal","0.03","100","0.6931471805599453","","50","100","-100","-100","100","100","0.5","0.95","95","95","95","95","95","95","0","","","","0","","false","95","0.95","0","","0","","0","","0","","0","","2","1","0","0","0","0","0"
"gradient-100-2","gradient","Exact hostile/own Power = 2; scalar opposition, not a simulated opponent.","0","100 BM / 0 SP","{""bridgeman"":100,""spearman"":0,""chull"":0,""scout"":0,""heavy"":0,""shardbearer"":0}","{}","[]","weighted","weighted","EXPERIMENTAL / weighted selection","1000","0","999","total","weighted","0.03","100","0.6931471805599453","","50","100","-100","-100","100","100","0.5","0.95","95","95","95","95","95","95","0","","","","0","","false","95","0.95","0","","0","","0","","0","","0","","2","1","0","0","0","0","0"
"gradient-100-2","gradient","Exact hostile/own Power = 2; scalar opposition, not a simulated opponent.","0","100 BM / 0 SP","{""bridgeman"":100,""spearman"":0,""chull"":0,""scout"":0,""heavy"":0,""shardbearer"":0}","{}","[]","normalized-weighted","normalized-weighted","EXPERIMENTAL / normalized + weighted — NOT BALANCED","1000","0","999","density","weighted","0.03","100","0.6931471805599453","","50","100","-100","-100","100","100","0.5","0.95","95","95","95","95","95","95","0","","","","0","","false","95","0.95","0","","0","","0","","0","","0","","2","1","0","0","0","0","0"
"gradient-75-0.25","gradient","Exact hostile/own Power = 0.25; scalar opposition, not a simulated opponent.","0","75 BM / 25 SP","{""bridgeman"":75,""spearman"":25,""chull"":0,""scout"":0,""heavy"":0,""shardbearer"":0}","{}","[]","current","current","CURRENT / BASELINE","1000","0","999","total","equal","0.03","100","0.6931471805599453","","62.5","15.625","-50","-50","100","87.5","0.0625","0.09375","9.375","9.372","9.372","9","9","10","0.4833383907781395","","","","0","","false","7.067","0.09422666666666667","2.305","0.0922","0","","0","","0","","0","","0.25","0.7540546308151942","0.24594536918480583","0","0","0","0"
"gradient-75-0.25","gradient","Exact hostile/own Power = 0.25; scalar opposition, not a simulated opponent.","0","75 BM / 25 SP","{""bridgeman"":75,""spearman"":25,""chull"":0,""scout"":0,""heavy"":0,""shardbearer"":0}","{}","[]","normalized","normalized","EXPERIMENTAL / normalized Survival — NOT BALANCED","1000","0","999","density","equal","0.03","100","0.6931471805599453","","62.5","15.625","-50","-50","100","87.5","0.0625","0.09375","9.375","9.372","9.372","9","9","10","0.4833383907781395","","","","0","","false","7.067","0.09422666666666667","2.305","0.0922","0","","0","","0","","0","","0.25","0.7540546308151942","0.24594536918480583","0","0","0","0"
"gradient-75-0.25","gradient","Exact hostile/own Power = 0.25; scalar opposition, not a simulated opponent.","0","75 BM / 25 SP","{""bridgeman"":75,""spearman"":25,""chull"":0,""scout"":0,""heavy"":0,""shardbearer"":0}","{}","[]","weighted","weighted","EXPERIMENTAL / weighted selection","1000","0","999","total","weighted","0.03","100","0.6931471805599453","","62.5","15.625","-50","-50","100","87.5","0.0625","0.09375","9.375","9.372","9.372","9","9","10","0.4833383907781395","","","","0","","false","8.612","0.11482666666666667","0.76","0.0304","0","","0","","0","","0","","0.25","0.9189073836961161","0.08109261630388391","0","0","0","0"
"gradient-75-0.25","gradient","Exact hostile/own Power = 0.25; scalar opposition, not a simulated opponent.","0","75 BM / 25 SP","{""bridgeman"":75,""spearman"":25,""chull"":0,""scout"":0,""heavy"":0,""shardbearer"":0}","{}","[]","normalized-weighted","normalized-weighted","EXPERIMENTAL / normalized + weighted — NOT BALANCED","1000","0","999","density","weighted","0.03","100","0.6931471805599453","","62.5","15.625","-50","-50","100","87.5","0.0625","0.09375","9.375","9.372","9.372","9","9","10","0.4833383907781395","","","","0","","false","8.612","0.11482666666666667","0.76","0.0304","0","","0","","0","","0","","0.25","0.9189073836961161","0.08109261630388391","0","0","0","0"
"gradient-75-0.5","gradient","Exact hostile/own Power = 0.5; scalar opposition, not a simulated opponent.","0","75 BM / 25 SP","{""bridgeman"":75,""spearman"":25,""chull"":0,""scout"":0,""heavy"":0,""shardbearer"":0}","{}","[]","current","current","CURRENT / BASELINE","1000","0","999","total","equal","0.03","100","0.6931471805599453","","62.5","31.25","-50","-50","100","87.5","0.125","0.1875","18.75","18.766","18.766","19","18","19","0.4233721766956317","","","","0","","false","14.153","0.18870666666666666","4.613","0.18452000000000002","0","","0","","0","","0","","0.5","0.7541830970904829","0.24581690290951727","0","0","0","0"
"gradient-75-0.5","gradient","Exact hostile/own Power = 0.5; scalar opposition, not a simulated opponent.","0","75 BM / 25 SP","{""bridgeman"":75,""spearman"":25,""chull"":0,""scout"":0,""heavy"":0,""shardbearer"":0}","{}","[]","normalized","normalized","EXPERIMENTAL / normalized Survival — NOT BALANCED","1000","0","999","density","equal","0.03","100","0.6931471805599453","","62.5","31.25","-50","-50","100","87.5","0.125","0.1875","18.75","18.766","18.766","19","18","19","0.4233721766956317","","","","0","","false","14.153","0.18870666666666666","4.613","0.18452000000000002","0","","0","","0","","0","","0.5","0.7541830970904829","0.24581690290951727","0","0","0","0"
"gradient-75-0.5","gradient","Exact hostile/own Power = 0.5; scalar opposition, not a simulated opponent.","0","75 BM / 25 SP","{""bridgeman"":75,""spearman"":25,""chull"":0,""scout"":0,""heavy"":0,""shardbearer"":0}","{}","[]","weighted","weighted","EXPERIMENTAL / weighted selection","1000","0","999","total","weighted","0.03","100","0.6931471805599453","","62.5","31.25","-50","-50","100","87.5","0.125","0.1875","18.75","18.766","18.766","19","18","19","0.4233721766956317","","","","0","","false","17.244","0.22991999999999999","1.522","0.060880000000000004","0","","0","","0","","0","","0.5","0.9188958755195568","0.08110412448044337","0","0","0","0"
"gradient-75-0.5","gradient","Exact hostile/own Power = 0.5; scalar opposition, not a simulated opponent.","0","75 BM / 25 SP","{""bridgeman"":75,""spearman"":25,""chull"":0,""scout"":0,""heavy"":0,""shardbearer"":0}","{}","[]","normalized-weighted","normalized-weighted","EXPERIMENTAL / normalized + weighted — NOT BALANCED","1000","0","999","density","weighted","0.03","100","0.6931471805599453","","62.5","31.25","-50","-50","100","87.5","0.125","0.1875","18.75","18.766","18.766","19","18","19","0.4233721766956317","","","","0","","false","17.244","0.22991999999999999","1.522","0.060880000000000004","0","","0","","0","","0","","0.5","0.9188958755195568","0.08110412448044337","0","0","0","0"
"gradient-75-1","gradient","Exact hostile/own Power = 1; scalar opposition, not a simulated opponent.","0","75 BM / 25 SP","{""bridgeman"":75,""spearman"":25,""chull"":0,""scout"":0,""heavy"":0,""shardbearer"":0}","{}","[]","current","current","CURRENT / BASELINE","1000","0","999","total","equal","0.03","100","0.6931471805599453","","62.5","62.5","-50","-50","100","87.5","0.25","0.375","37.5","37.493","37.493","37","37","38","0.4999509975987622","","","","0","","false","28.234","0.37645333333333336","9.259","0.37036","0","","0","","0","","0","","1","0.753047235483957","0.24695276451604298","0","0","0","0"
"gradient-75-1","gradient","Exact hostile/own Power = 1; scalar opposition, not a simulated opponent.","0","75 BM / 25 SP","{""bridgeman"":75,""spearman"":25,""chull"":0,""scout"":0,""heavy"":0,""shardbearer"":0}","{}","[]","normalized","normalized","EXPERIMENTAL / normalized Survival — NOT BALANCED","1000","0","999","density","equal","0.03","100","0.6931471805599453","","62.5","62.5","-50","-50","100","87.5","0.25","0.375","37.5","37.493","37.493","37","37","38","0.4999509975987622","","","","0","","false","28.234","0.37645333333333336","9.259","0.37036","0","","0","","0","","0","","1","0.753047235483957","0.24695276451604298","0","0","0","0"
"gradient-75-1","gradient","Exact hostile/own Power = 1; scalar opposition, not a simulated opponent.","0","75 BM / 25 SP","{""bridgeman"":75,""spearman"":25,""chull"":0,""scout"":0,""heavy"":0,""shardbearer"":0}","{}","[]","weighted","weighted","EXPERIMENTAL / weighted selection","1000","0","999","total","weighted","0.03","100","0.6931471805599453","","62.5","62.5","-50","-50","100","87.5","0.25","0.375","37.5","37.493","37.493","37","37","38","0.4999509975987622","","","","0","","false","34.052","0.45402666666666663","3.441","0.13763999999999998","0","","0","","0","","0","","1","0.9082228682687434","0.0917771317312565","0","0","0","0"
"gradient-75-1","gradient","Exact hostile/own Power = 1; scalar opposition, not a simulated opponent.","0","75 BM / 25 SP","{""bridgeman"":75,""spearman"":25,""chull"":0,""scout"":0,""heavy"":0,""shardbearer"":0}","{}","[]","normalized-weighted","normalized-weighted","EXPERIMENTAL / normalized + weighted — NOT BALANCED","1000","0","999","density","weighted","0.03","100","0.6931471805599453","","62.5","62.5","-50","-50","100","87.5","0.25","0.375","37.5","37.493","37.493","37","37","38","0.4999509975987622","","","","0","","false","34.052","0.45402666666666663","3.441","0.13763999999999998","0","","0","","0","","0","","1","0.9082228682687434","0.0917771317312565","0","0","0","0"
"gradient-75-1.5","gradient","Exact hostile/own Power = 1.5; scalar opposition, not a simulated opponent.","0","75 BM / 25 SP","{""bridgeman"":75,""spearman"":25,""chull"":0,""scout"":0,""heavy"":0,""shardbearer"":0}","{}","[]","current","current","CURRENT / BASELINE","1000","0","999","total","equal","0.03","100","0.6931471805599453","","62.5","93.75","-50","-50","100","87.5","0.375","0.5625","56.25","56.269","56.269","56","56","57","0.44343996211437625","","","","0","","false","42.167","0.5622266666666667","14.102","0.56408","0","","0","","0","","0","","1.5","0.7493824308233664","0.2506175691766337","0","0","0","0"
"gradient-75-1.5","gradient","Exact hostile/own Power = 1.5; scalar opposition, not a simulated opponent.","0","75 BM / 25 SP","{""bridgeman"":75,""spearman"":25,""chull"":0,""scout"":0,""heavy"":0,""shardbearer"":0}","{}","[]","normalized","normalized","EXPERIMENTAL / normalized Survival — NOT BALANCED","1000","0","999","density","equal","0.03","100","0.6931471805599453","","62.5","93.75","-50","-50","100","87.5","0.375","0.5625","56.25","56.269","56.269","56","56","57","0.44343996211437625","","","","0","","false","42.167","0.5622266666666667","14.102","0.56408","0","","0","","0","","0","","1.5","0.7493824308233664","0.2506175691766337","0","0","0","0"
"gradient-75-1.5","gradient","Exact hostile/own Power = 1.5; scalar opposition, not a simulated opponent.","0","75 BM / 25 SP","{""bridgeman"":75,""spearman"":25,""chull"":0,""scout"":0,""heavy"":0,""shardbearer"":0}","{}","[]","weighted","weighted","EXPERIMENTAL / weighted selection","1000","0","999","total","weighted","0.03","100","0.6931471805599453","","62.5","93.75","-50","-50","100","87.5","0.375","0.5625","56.25","56.269","56.269","56","56","57","0.44343996211437625","","","","0","","false","50.335","0.6711333333333334","5.934","0.23736000000000002","0","","0","","0","","0","","1.5","0.8945422879382965","0.10545771206170361","0","0","0","0"
"gradient-75-1.5","gradient","Exact hostile/own Power = 1.5; scalar opposition, not a simulated opponent.","0","75 BM / 25 SP","{""bridgeman"":75,""spearman"":25,""chull"":0,""scout"":0,""heavy"":0,""shardbearer"":0}","{}","[]","normalized-weighted","normalized-weighted","EXPERIMENTAL / normalized + weighted — NOT BALANCED","1000","0","999","density","weighted","0.03","100","0.6931471805599453","","62.5","93.75","-50","-50","100","87.5","0.375","0.5625","56.25","56.269","56.269","56","56","57","0.44343996211437625","","","","0","","false","50.335","0.6711333333333334","5.934","0.23736000000000002","0","","0","","0","","0","","1.5","0.8945422879382965","0.10545771206170361","0","0","0","0"
"gradient-75-2","gradient","Exact hostile/own Power = 2; scalar opposition, not a simulated opponent.","0","75 BM / 25 SP","{""bridgeman"":75,""spearman"":25,""chull"":0,""scout"":0,""heavy"":0,""shardbearer"":0}","{}","[]","current","current","CURRENT / BASELINE","1000","0","999","total","equal","0.03","100","0.6931471805599453","","62.5","125","-50","-50","100","87.5","0.5","0.75","75","75","75","75","75","75","0","","","","0","","false","56.243","0.7499066666666667","18.757","0.7502800000000001","0","","0","","0","","0","","2","0.7499066666666667","0.25009333333333333","0","0","0","0"
"gradient-75-2","gradient","Exact hostile/own Power = 2; scalar opposition, not a simulated opponent.","0","75 BM / 25 SP","{""bridgeman"":75,""spearman"":25,""chull"":0,""scout"":0,""heavy"":0,""shardbearer"":0}","{}","[]","normalized","normalized","EXPERIMENTAL / normalized Survival — NOT BALANCED","1000","0","999","density","equal","0.03","100","0.6931471805599453","","62.5","125","-50","-50","100","87.5","0.5","0.75","75","75","75","75","75","75","0","","","","0","","false","56.243","0.7499066666666667","18.757","0.7502800000000001","0","","0","","0","","0","","2","0.7499066666666667","0.25009333333333333","0","0","0","0"
"gradient-75-2","gradient","Exact hostile/own Power = 2; scalar opposition, not a simulated opponent.","0","75 BM / 25 SP","{""bridgeman"":75,""spearman"":25,""chull"":0,""scout"":0,""heavy"":0,""shardbearer"":0}","{}","[]","weighted","weighted","EXPERIMENTAL / weighted selection","1000","0","999","total","weighted","0.03","100","0.6931471805599453","","62.5","125","-50","-50","100","87.5","0.5","0.75","75","75","75","75","75","75","0","","","","0","","false","65.191","0.8692133333333334","9.809","0.39236","0","","0","","0","","0","","2","0.8692133333333334","0.13078666666666666","0","0","0","0"
"gradient-75-2","gradient","Exact hostile/own Power = 2; scalar opposition, not a simulated opponent.","0","75 BM / 25 SP","{""bridgeman"":75,""spearman"":25,""chull"":0,""scout"":0,""heavy"":0,""shardbearer"":0}","{}","[]","normalized-weighted","normalized-weighted","EXPERIMENTAL / normalized + weighted — NOT BALANCED","1000","0","999","density","weighted","0.03","100","0.6931471805599453","","62.5","125","-50","-50","100","87.5","0.5","0.75","75","75","75","75","75","75","0","","","","0","","false","65.191","0.8692133333333334","9.809","0.39236","0","","0","","0","","0","","2","0.8692133333333334","0.13078666666666666","0","0","0","0"
"gradient-50-0.25","gradient","Exact hostile/own Power = 0.25; scalar opposition, not a simulated opponent.","0","50 BM / 50 SP","{""bridgeman"":50,""spearman"":50,""chull"":0,""scout"":0,""heavy"":0,""shardbearer"":0}","{}","[]","current","current","CURRENT / BASELINE","1000","0","999","total","equal","0.03","100","0.6931471805599453","","75","18.75","0","0","100","75","0.0625","0.0625","6.25","6.244","6.244","6","6","7","0.4294927240361598","","","","0","","false","3.127","0.06254","3.117","0.06234","0","","0","","0","","0","","0.25","0.5008007687379884","0.49919923126201154","0","0","0","0"
"gradient-50-0.25","gradient","Exact hostile/own Power = 0.25; scalar opposition, not a simulated opponent.","0","50 BM / 50 SP","{""bridgeman"":50,""spearman"":50,""chull"":0,""scout"":0,""heavy"":0,""shardbearer"":0}","{}","[]","normalized","normalized","EXPERIMENTAL / normalized Survival — NOT BALANCED","1000","0","999","density","equal","0.03","100","0.6931471805599453","","75","18.75","0","0","100","75","0.0625","0.0625","6.25","6.244","6.244","6","6","7","0.4294927240361598","","","","0","","false","3.127","0.06254","3.117","0.06234","0","","0","","0","","0","","0.25","0.5008007687379884","0.49919923126201154","0","0","0","0"
"gradient-50-0.25","gradient","Exact hostile/own Power = 0.25; scalar opposition, not a simulated opponent.","0","50 BM / 50 SP","{""bridgeman"":50,""spearman"":50,""chull"":0,""scout"":0,""heavy"":0,""shardbearer"":0}","{}","[]","weighted","weighted","EXPERIMENTAL / weighted selection","1000","0","999","total","weighted","0.03","100","0.6931471805599453","","75","18.75","0","0","100","75","0.0625","0.0625","6.25","6.244","6.244","6","6","7","0.4294927240361598","","","","0","","false","4.929","0.09858","1.315","0.0263","0","","0","","0","","0","","0.25","0.7893978219090327","0.21060217809096732","0","0","0","0"
"gradient-50-0.25","gradient","Exact hostile/own Power = 0.25; scalar opposition, not a simulated opponent.","0","50 BM / 50 SP","{""bridgeman"":50,""spearman"":50,""chull"":0,""scout"":0,""heavy"":0,""shardbearer"":0}","{}","[]","normalized-weighted","normalized-weighted","EXPERIMENTAL / normalized + weighted — NOT BALANCED","1000","0","999","density","weighted","0.03","100","0.6931471805599453","","75","18.75","0","0","100","75","0.0625","0.0625","6.25","6.244","6.244","6","6","7","0.4294927240361598","","","","0","","false","4.929","0.09858","1.315","0.0263","0","","0","","0","","0","","0.25","0.7893978219090327","0.21060217809096732","0","0","0","0"
"gradient-50-0.5","gradient","Exact hostile/own Power = 0.5; scalar opposition, not a simulated opponent.","0","50 BM / 50 SP","{""bridgeman"":50,""spearman"":50,""chull"":0,""scout"":0,""heavy"":0,""shardbearer"":0}","{}","[]","current","current","CURRENT / BASELINE","1000","0","999","total","equal","0.03","100","0.6931471805599453","","75","37.5","0","0","100","75","0.125","0.125","12.5","12.517","12.517000000000001","13","12","13","0.49971091643069776","","","","0","","false","6.334","0.12668","6.183","0.12365999999999999","0","","0","","0","","0","","0.5","0.5060317967564113","0.4939682032435887","0","0","0","0"
"gradient-50-0.5","gradient","Exact hostile/own Power = 0.5; scalar opposition, not a simulated opponent.","0","50 BM / 50 SP","{""bridgeman"":50,""spearman"":50,""chull"":0,""scout"":0,""heavy"":0,""shardbearer"":0}","{}","[]","normalized","normalized","EXPERIMENTAL / normalized Survival — NOT BALANCED","1000","0","999","density","equal","0.03","100","0.6931471805599453","","75","37.5","0","0","100","75","0.125","0.125","12.5","12.517","12.517000000000001","13","12","13","0.49971091643069776","","","","0","","false","6.334","0.12668","6.183","0.12365999999999999","0","","0","","0","","0","","0.5","0.5060317967564113","0.4939682032435887","0","0","0","0"
"gradient-50-0.5","gradient","Exact hostile/own Power = 0.5; scalar opposition, not a simulated opponent.","0","50 BM / 50 SP","{""bridgeman"":50,""spearman"":50,""chull"":0,""scout"":0,""heavy"":0,""shardbearer"":0}","{}","[]","weighted","weighted","EXPERIMENTAL / weighted selection","1000","0","999","total","weighted","0.03","100","0.6931471805599453","","75","37.5","0","0","100","75","0.125","0.125","12.5","12.517","12.517000000000001","13","12","13","0.49971091643069776","","","","0","","false","9.861","0.19722","2.656","0.05312","0","","0","","0","","0","","0.5","0.7878085803307503","0.21219141966924984","0","0","0","0"
"gradient-50-0.5","gradient","Exact hostile/own Power = 0.5; scalar opposition, not a simulated opponent.","0","50 BM / 50 SP","{""bridgeman"":50,""spearman"":50,""chull"":0,""scout"":0,""heavy"":0,""shardbearer"":0}","{}","[]","normalized-weighted","normalized-weighted","EXPERIMENTAL / normalized + weighted — NOT BALANCED","1000","0","999","density","weighted","0.03","100","0.6931471805599453","","75","37.5","0","0","100","75","0.125","0.125","12.5","12.517","12.517000000000001","13","12","13","0.49971091643069776","","","","0","","false","9.861","0.19722","2.656","0.05312","0","","0","","0","","0","","0.5","0.7878085803307503","0.21219141966924984","0","0","0","0"
"gradient-50-1","gradient","Exact hostile/own Power = 1; scalar opposition, not a simulated opponent.","0","50 BM / 50 SP","{""bridgeman"":50,""spearman"":50,""chull"":0,""scout"":0,""heavy"":0,""shardbearer"":0}","{}","[]","current","current","CURRENT / BASELINE","1000","0","999","total","equal","0.03","100","0.6931471805599453","","75","75","0","0","100","75","0.25","0.25","25","25","25","25","25","25","0","","","","0","","false","12.518","0.25036","12.482","0.24963999999999997","0","","0","","0","","0","","1","0.50072","0.49927999999999995","0","0","0","0"
"gradient-50-1","gradient","Exact hostile/own Power = 1; scalar opposition, not a simulated opponent.","0","50 BM / 50 SP","{""bridgeman"":50,""spearman"":50,""chull"":0,""scout"":0,""heavy"":0,""shardbearer"":0}","{}","[]","normalized","normalized","EXPERIMENTAL / normalized Survival — NOT BALANCED","1000","0","999","density","equal","0.03","100","0.6931471805599453","","75","75","0","0","100","75","0.25","0.25","25","25","25","25","25","25","0","","","","0","","false","12.518","0.25036","12.482","0.24963999999999997","0","","0","","0","","0","","1","0.50072","0.49927999999999995","0","0","0","0"
"gradient-50-1","gradient","Exact hostile/own Power = 1; scalar opposition, not a simulated opponent.","0","50 BM / 50 SP","{""bridgeman"":50,""spearman"":50,""chull"":0,""scout"":0,""heavy"":0,""shardbearer"":0}","{}","[]","weighted","weighted","EXPERIMENTAL / weighted selection","1000","0","999","total","weighted","0.03","100","0.6931471805599453","","75","75","0","0","100","75","0.25","0.25","25","25","25","25","25","25","0","","","","0","","false","19.33","0.38659999999999994","5.67","0.1134","0","","0","","0","","0","","1","0.7731999999999999","0.2268","0","0","0","0"
"gradient-50-1","gradient","Exact hostile/own Power = 1; scalar opposition, not a simulated opponent.","0","50 BM / 50 SP","{""bridgeman"":50,""spearman"":50,""chull"":0,""scout"":0,""heavy"":0,""shardbearer"":0}","{}","[]","normalized-weighted","normalized-weighted","EXPERIMENTAL / normalized + weighted — NOT BALANCED","1000","0","999","density","weighted","0.03","100","0.6931471805599453","","75","75","0","0","100","75","0.25","0.25","25","25","25","25","25","25","0","","","","0","","false","19.33","0.38659999999999994","5.67","0.1134","0","","0","","0","","0","","1","0.7731999999999999","0.2268","0","0","0","0"
"gradient-50-1.5","gradient","Exact hostile/own Power = 1.5; scalar opposition, not a simulated opponent.","0","50 BM / 50 SP","{""bridgeman"":50,""spearman"":50,""chull"":0,""scout"":0,""heavy"":0,""shardbearer"":0}","{}","[]","current","current","CURRENT / BASELINE","1000","0","999","total","equal","0.03","100","0.6931471805599453","","75","112.5","0","0","100","75","0.375","0.375","37.5","37.499","37.499","37","37","38","0.49999899999900316","","","","0","","false","18.788","0.37576","18.711","0.37422","0","","0","","0","","0","","1.5","0.5010266940451745","0.4989733059548254","0","0","0","0"
"gradient-50-1.5","gradient","Exact hostile/own Power = 1.5; scalar opposition, not a simulated opponent.","0","50 BM / 50 SP","{""bridgeman"":50,""spearman"":50,""chull"":0,""scout"":0,""heavy"":0,""shardbearer"":0}","{}","[]","normalized","normalized","EXPERIMENTAL / normalized Survival — NOT BALANCED","1000","0","999","density","equal","0.03","100","0.6931471805599453","","75","112.5","0","0","100","75","0.375","0.375","37.5","37.499","37.499","37","37","38","0.49999899999900316","","","","0","","false","18.788","0.37576","18.711","0.37422","0","","0","","0","","0","","1.5","0.5010266940451745","0.4989733059548254","0","0","0","0"
"gradient-50-1.5","gradient","Exact hostile/own Power = 1.5; scalar opposition, not a simulated opponent.","0","50 BM / 50 SP","{""bridgeman"":50,""spearman"":50,""chull"":0,""scout"":0,""heavy"":0,""shardbearer"":0}","{}","[]","weighted","weighted","EXPERIMENTAL / weighted selection","1000","0","999","total","weighted","0.03","100","0.6931471805599453","","75","112.5","0","0","100","75","0.375","0.375","37.5","37.499","37.499","37","37","38","0.49999899999900316","","","","0","","false","28.122","0.56244","9.377","0.18754","0","","0","","0","","0","","1.5","0.7499399983999573","0.25006000160004266","0","0","0","0"
"gradient-50-1.5","gradient","Exact hostile/own Power = 1.5; scalar opposition, not a simulated opponent.","0","50 BM / 50 SP","{""bridgeman"":50,""spearman"":50,""chull"":0,""scout"":0,""heavy"":0,""shardbearer"":0}","{}","[]","normalized-weighted","normalized-weighted","EXPERIMENTAL / normalized + weighted — NOT BALANCED","1000","0","999","density","weighted","0.03","100","0.6931471805599453","","75","112.5","0","0","100","75","0.375","0.375","37.5","37.499","37.499","37","37","38","0.49999899999900316","","","","0","","false","28.122","0.56244","9.377","0.18754","0","","0","","0","","0","","1.5","0.7499399983999573","0.25006000160004266","0","0","0","0"
"gradient-50-2","gradient","Exact hostile/own Power = 2; scalar opposition, not a simulated opponent.","0","50 BM / 50 SP","{""bridgeman"":50,""spearman"":50,""chull"":0,""scout"":0,""heavy"":0,""shardbearer"":0}","{}","[]","current","current","CURRENT / BASELINE","1000","0","999","total","equal","0.03","100","0.6931471805599453","","75","150","0","0","100","75","0.5","0.5","50","50","50","50","50","50","0","","","","0","","false","24.987","0.49973999999999996","25.013","0.50026","0","","0","","0","","0","","2","0.49973999999999996","0.50026","0","0","0","0"
"gradient-50-2","gradient","Exact hostile/own Power = 2; scalar opposition, not a simulated opponent.","0","50 BM / 50 SP","{""bridgeman"":50,""spearman"":50,""chull"":0,""scout"":0,""heavy"":0,""shardbearer"":0}","{}","[]","normalized","normalized","EXPERIMENTAL / normalized Survival — NOT BALANCED","1000","0","999","density","equal","0.03","100","0.6931471805599453","","75","150","0","0","100","75","0.5","0.5","50","50","50","50","50","50","0","","","","0","","false","24.987","0.49973999999999996","25.013","0.50026","0","","0","","0","","0","","2","0.49973999999999996","0.50026","0","0","0","0"
"gradient-50-2","gradient","Exact hostile/own Power = 2; scalar opposition, not a simulated opponent.","0","50 BM / 50 SP","{""bridgeman"":50,""spearman"":50,""chull"":0,""scout"":0,""heavy"":0,""shardbearer"":0}","{}","[]","weighted","weighted","EXPERIMENTAL / weighted selection","1000","0","999","total","weighted","0.03","100","0.6931471805599453","","75","150","0","0","100","75","0.5","0.5","50","50","50","50","50","50","0","","","","0","","false","36.306","0.72612","13.694","0.27388","0","","0","","0","","0","","2","0.72612","0.27388","0","0","0","0"
"gradient-50-2","gradient","Exact hostile/own Power = 2; scalar opposition, not a simulated opponent.","0","50 BM / 50 SP","{""bridgeman"":50,""spearman"":50,""chull"":0,""scout"":0,""heavy"":0,""shardbearer"":0}","{}","[]","normalized-weighted","normalized-weighted","EXPERIMENTAL / normalized + weighted — NOT BALANCED","1000","0","999","density","weighted","0.03","100","0.6931471805599453","","75","150","0","0","100","75","0.5","0.5","50","50","50","50","50","50","0","","","","0","","false","36.306","0.72612","13.694","0.27388","0","","0","","0","","0","","2","0.72612","0.27388","0","0","0","0"
"gradient-25-0.25","gradient","Exact hostile/own Power = 0.25; scalar opposition, not a simulated opponent.","0","25 BM / 75 SP","{""bridgeman"":25,""spearman"":75,""chull"":0,""scout"":0,""heavy"":0,""shardbearer"":0}","{}","[]","current","current","CURRENT / BASELINE","1000","0","999","total","equal","0.03","100","0.6931471805599453","","87.5","21.875","50","50","100","62.5","0.0625","0.041666666666666664","4.166666666666666","4.19","4.19","4","4","5","0.392300904918661","","","","0","","false","1.036","0.041440000000000005","3.154","0.04205333333333333","0","","0","","0","","0","","0.25","0.24725536992840094","0.752744630071599","0","0","0","0"
"gradient-25-0.25","gradient","Exact hostile/own Power = 0.25; scalar opposition, not a simulated opponent.","0","25 BM / 75 SP","{""bridgeman"":25,""spearman"":75,""chull"":0,""scout"":0,""heavy"":0,""shardbearer"":0}","{}","[]","normalized","normalized","EXPERIMENTAL / normalized Survival — NOT BALANCED","1000","0","999","density","equal","0.03","100","0.6931471805599453","","87.5","21.875","50","50","100","62.5","0.0625","0.041666666666666664","4.166666666666666","4.19","4.19","4","4","5","0.392300904918661","","","","0","","false","1.036","0.041440000000000005","3.154","0.04205333333333333","0","","0","","0","","0","","0.25","0.24725536992840094","0.752744630071599","0","0","0","0"
"gradient-25-0.25","gradient","Exact hostile/own Power = 0.25; scalar opposition, not a simulated opponent.","0","25 BM / 75 SP","{""bridgeman"":25,""spearman"":75,""chull"":0,""scout"":0,""heavy"":0,""shardbearer"":0}","{}","[]","weighted","weighted","EXPERIMENTAL / weighted selection","1000","0","999","total","weighted","0.03","100","0.6931471805599453","","87.5","21.875","50","50","100","62.5","0.0625","0.041666666666666664","4.166666666666666","4.19","4.19","4","4","5","0.392300904918661","","","","0","","false","2.392","0.09568","1.798","0.023973333333333333","0","","0","","0","","0","","0.25","0.5708830548926014","0.42911694510739856","0","0","0","0"
"gradient-25-0.25","gradient","Exact hostile/own Power = 0.25; scalar opposition, not a simulated opponent.","0","25 BM / 75 SP","{""bridgeman"":25,""spearman"":75,""chull"":0,""scout"":0,""heavy"":0,""shardbearer"":0}","{}","[]","normalized-weighted","normalized-weighted","EXPERIMENTAL / normalized + weighted — NOT BALANCED","1000","0","999","density","weighted","0.03","100","0.6931471805599453","","87.5","21.875","50","50","100","62.5","0.0625","0.041666666666666664","4.166666666666666","4.19","4.19","4","4","5","0.392300904918661","","","","0","","false","2.392","0.09568","1.798","0.023973333333333333","0","","0","","0","","0","","0.25","0.5708830548926014","0.42911694510739856","0","0","0","0"
"gradient-25-0.5","gradient","Exact hostile/own Power = 0.5; scalar opposition, not a simulated opponent.","0","25 BM / 75 SP","{""bridgeman"":25,""spearman"":75,""chull"":0,""scout"":0,""heavy"":0,""shardbearer"":0}","{}","[]","current","current","CURRENT / BASELINE","1000","0","999","total","equal","0.03","100","0.6931471805599453","","87.5","43.75","50","50","100","62.5","0.125","0.08333333333333333","8.333333333333332","8.309","8.309","8","8","9","0.4620811617021425","","","","0","","false","2.104","0.08416","6.205","0.08273333333333334","0","","0","","0","","0","","0.5","0.25321940064989773","0.7467805993501023","0","0","0","0"
"gradient-25-0.5","gradient","Exact hostile/own Power = 0.5; scalar opposition, not a simulated opponent.","0","25 BM / 75 SP","{""bridgeman"":25,""spearman"":75,""chull"":0,""scout"":0,""heavy"":0,""shardbearer"":0}","{}","[]","normalized","normalized","EXPERIMENTAL / normalized Survival — NOT BALANCED","1000","0","999","density","equal","0.03","100","0.6931471805599453","","87.5","43.75","50","50","100","62.5","0.125","0.08333333333333333","8.333333333333332","8.309","8.309","8","8","9","0.4620811617021425","","","","0","","false","2.104","0.08416","6.205","0.08273333333333334","0","","0","","0","","0","","0.5","0.25321940064989773","0.7467805993501023","0","0","0","0"
"gradient-25-0.5","gradient","Exact hostile/own Power = 0.5; scalar opposition, not a simulated opponent.","0","25 BM / 75 SP","{""bridgeman"":25,""spearman"":75,""chull"":0,""scout"":0,""heavy"":0,""shardbearer"":0}","{}","[]","weighted","weighted","EXPERIMENTAL / weighted selection","1000","0","999","total","weighted","0.03","100","0.6931471805599453","","87.5","43.75","50","50","100","62.5","0.125","0.08333333333333333","8.333333333333332","8.309","8.309","8","8","9","0.4620811617021425","","","","0","","false","4.614","0.18456","3.695","0.04926666666666667","0","","0","","0","","0","","0.5","0.5553014803225419","0.4446985196774582","0","0","0","0"
"gradient-25-0.5","gradient","Exact hostile/own Power = 0.5; scalar opposition, not a simulated opponent.","0","25 BM / 75 SP","{""bridgeman"":25,""spearman"":75,""chull"":0,""scout"":0,""heavy"":0,""shardbearer"":0}","{}","[]","normalized-weighted","normalized-weighted","EXPERIMENTAL / normalized + weighted — NOT BALANCED","1000","0","999","density","weighted","0.03","100","0.6931471805599453","","87.5","43.75","50","50","100","62.5","0.125","0.08333333333333333","8.333333333333332","8.309","8.309","8","8","9","0.4620811617021425","","","","0","","false","4.614","0.18456","3.695","0.04926666666666667","0","","0","","0","","0","","0.5","0.5553014803225419","0.4446985196774582","0","0","0","0"
"gradient-25-1","gradient","Exact hostile/own Power = 1; scalar opposition, not a simulated opponent.","0","25 BM / 75 SP","{""bridgeman"":25,""spearman"":75,""chull"":0,""scout"":0,""heavy"":0,""shardbearer"":0}","{}","[]","current","current","CURRENT / BASELINE","1000","0","999","total","equal","0.03","100","0.6931471805599453","","87.5","87.5","50","50","100","62.5","0.25","0.16666666666666666","16.666666666666664","16.672","16.672","17","16","17","0.46948482403588043","","","","0","","false","4.197","0.16788","12.475","0.16633333333333333","0","","0","","0","","0","","1","0.251739443378119","0.748260556621881","0","0","0","0"
"gradient-25-1","gradient","Exact hostile/own Power = 1; scalar opposition, not a simulated opponent.","0","25 BM / 75 SP","{""bridgeman"":25,""spearman"":75,""chull"":0,""scout"":0,""heavy"":0,""shardbearer"":0}","{}","[]","normalized","normalized","EXPERIMENTAL / normalized Survival — NOT BALANCED","1000","0","999","density","equal","0.03","100","0.6931471805599453","","87.5","87.5","50","50","100","62.5","0.25","0.16666666666666666","16.666666666666664","16.672","16.672","17","16","17","0.46948482403588043","","","","0","","false","4.197","0.16788","12.475","0.16633333333333333","0","","0","","0","","0","","1","0.251739443378119","0.748260556621881","0","0","0","0"
"gradient-25-1","gradient","Exact hostile/own Power = 1; scalar opposition, not a simulated opponent.","0","25 BM / 75 SP","{""bridgeman"":25,""spearman"":75,""chull"":0,""scout"":0,""heavy"":0,""shardbearer"":0}","{}","[]","weighted","weighted","EXPERIMENTAL / weighted selection","1000","0","999","total","weighted","0.03","100","0.6931471805599453","","87.5","87.5","50","50","100","62.5","0.25","0.16666666666666666","16.666666666666664","16.672","16.672","17","16","17","0.46948482403588043","","","","0","","false","8.942","0.35768","7.73","0.10306666666666667","0","","0","","0","","0","","1","0.5363483685220729","0.4636516314779271","0","0","0","0"
"gradient-25-1","gradient","Exact hostile/own Power = 1; scalar opposition, not a simulated opponent.","0","25 BM / 75 SP","{""bridgeman"":25,""spearman"":75,""chull"":0,""scout"":0,""heavy"":0,""shardbearer"":0}","{}","[]","normalized-weighted","normalized-weighted","EXPERIMENTAL / normalized + weighted — NOT BALANCED","1000","0","999","density","weighted","0.03","100","0.6931471805599453","","87.5","87.5","50","50","100","62.5","0.25","0.16666666666666666","16.666666666666664","16.672","16.672","17","16","17","0.46948482403588043","","","","0","","false","8.942","0.35768","7.73","0.10306666666666667","0","","0","","0","","0","","1","0.5363483685220729","0.4636516314779271","0","0","0","0"
"gradient-25-1.5","gradient","Exact hostile/own Power = 1.5; scalar opposition, not a simulated opponent.","0","25 BM / 75 SP","{""bridgeman"":25,""spearman"":75,""chull"":0,""scout"":0,""heavy"":0,""shardbearer"":0}","{}","[]","current","current","CURRENT / BASELINE","1000","0","999","total","equal","0.03","100","0.6931471805599453","","87.5","131.25","50","50","100","62.5","0.375","0.25","25","25","25","25","25","25","0","","","","0","","false","6.246","0.24984","18.754","0.25005333333333335","0","","0","","0","","0","","1.5","0.24984","0.75016","0","0","0","0"
"gradient-25-1.5","gradient","Exact hostile/own Power = 1.5; scalar opposition, not a simulated opponent.","0","25 BM / 75 SP","{""bridgeman"":25,""spearman"":75,""chull"":0,""scout"":0,""heavy"":0,""shardbearer"":0}","{}","[]","normalized","normalized","EXPERIMENTAL / normalized Survival — NOT BALANCED","1000","0","999","density","equal","0.03","100","0.6931471805599453","","87.5","131.25","50","50","100","62.5","0.375","0.25","25","25","25","25","25","25","0","","","","0","","false","6.246","0.24984","18.754","0.25005333333333335","0","","0","","0","","0","","1.5","0.24984","0.75016","0","0","0","0"
"gradient-25-1.5","gradient","Exact hostile/own Power = 1.5; scalar opposition, not a simulated opponent.","0","25 BM / 75 SP","{""bridgeman"":25,""spearman"":75,""chull"":0,""scout"":0,""heavy"":0,""shardbearer"":0}","{}","[]","weighted","weighted","EXPERIMENTAL / weighted selection","1000","0","999","total","weighted","0.03","100","0.6931471805599453","","87.5","131.25","50","50","100","62.5","0.375","0.25","25","25","25","25","25","25","0","","","","0","","false","12.803","0.51212","12.197","0.16262666666666667","0","","0","","0","","0","","1.5","0.51212","0.48788","0","0","0","0"
"gradient-25-1.5","gradient","Exact hostile/own Power = 1.5; scalar opposition, not a simulated opponent.","0","25 BM / 75 SP","{""bridgeman"":25,""spearman"":75,""chull"":0,""scout"":0,""heavy"":0,""shardbearer"":0}","{}","[]","normalized-weighted","normalized-weighted","EXPERIMENTAL / normalized + weighted — NOT BALANCED","1000","0","999","density","weighted","0.03","100","0.6931471805599453","","87.5","131.25","50","50","100","62.5","0.375","0.25","25","25","25","25","25","25","0","","","","0","","false","12.803","0.51212","12.197","0.16262666666666667","0","","0","","0","","0","","1.5","0.51212","0.48788","0","0","0","0"
"gradient-25-2","gradient","Exact hostile/own Power = 2; scalar opposition, not a simulated opponent.","0","25 BM / 75 SP","{""bridgeman"":25,""spearman"":75,""chull"":0,""scout"":0,""heavy"":0,""shardbearer"":0}","{}","[]","current","current","CURRENT / BASELINE","1000","0","999","total","equal","0.03","100","0.6931471805599453","","87.5","175","50","50","100","62.5","0.5","0.3333333333333333","33.33333333333333","33.356","33.356","33","33","34","0.4788152044369554","","","","0","","false","8.335","0.33340000000000003","25.021","0.3336133333333333","0","","0","","0","","0","","2","0.24988008154454971","0.7501199184554502","0","0","0","0"
"gradient-25-2","gradient","Exact hostile/own Power = 2; scalar opposition, not a simulated opponent.","0","25 BM / 75 SP","{""bridgeman"":25,""spearman"":75,""chull"":0,""scout"":0,""heavy"":0,""shardbearer"":0}","{}","[]","normalized","normalized","EXPERIMENTAL / normalized Survival — NOT BALANCED","1000","0","999","density","equal","0.03","100","0.6931471805599453","","87.5","175","50","50","100","62.5","0.5","0.3333333333333333","33.33333333333333","33.356","33.356","33","33","34","0.4788152044369554","","","","0","","false","8.335","0.33340000000000003","25.021","0.3336133333333333","0","","0","","0","","0","","2","0.24988008154454971","0.7501199184554502","0","0","0","0"
"gradient-25-2","gradient","Exact hostile/own Power = 2; scalar opposition, not a simulated opponent.","0","25 BM / 75 SP","{""bridgeman"":25,""spearman"":75,""chull"":0,""scout"":0,""heavy"":0,""shardbearer"":0}","{}","[]","weighted","weighted","EXPERIMENTAL / weighted selection","1000","0","999","total","weighted","0.03","100","0.6931471805599453","","87.5","175","50","50","100","62.5","0.5","0.3333333333333333","33.33333333333333","33.356","33.356","33","33","34","0.4788152044369554","","","","0","","false","16.162","0.6464799999999999","17.194","0.2292533333333333","0","","0","","0","","0","","2","0.48453051924691204","0.5154694807530878","0","0","0","0"
"gradient-25-2","gradient","Exact hostile/own Power = 2; scalar opposition, not a simulated opponent.","0","25 BM / 75 SP","{""bridgeman"":25,""spearman"":75,""chull"":0,""scout"":0,""heavy"":0,""shardbearer"":0}","{}","[]","normalized-weighted","normalized-weighted","EXPERIMENTAL / normalized + weighted — NOT BALANCED","1000","0","999","density","weighted","0.03","100","0.6931471805599453","","87.5","175","50","50","100","62.5","0.5","0.3333333333333333","33.33333333333333","33.356","33.356","33","33","34","0.4788152044369554","","","","0","","false","16.162","0.6464799999999999","17.194","0.2292533333333333","0","","0","","0","","0","","2","0.48453051924691204","0.5154694807530878","0","0","0","0"
"gradient-0-0.25","gradient","Exact hostile/own Power = 0.25; scalar opposition, not a simulated opponent.","0","0 BM / 100 SP","{""bridgeman"":0,""spearman"":100,""chull"":0,""scout"":0,""heavy"":0,""shardbearer"":0}","{}","[]","current","current","CURRENT / BASELINE","1000","0","999","total","equal","0.03","100","0.6931471805599453","","100","25","100","100","100","50","0.0625","0.03125","3.125","3.132","3.1319999999999997","3","3","4","0.3384907679686403","","","","0","","false","0","","3.132","0.03132","0","","0","","0","","0","","0.25","0","1","0","0","0","0"
"gradient-0-0.25","gradient","Exact hostile/own Power = 0.25; scalar opposition, not a simulated opponent.","0","0 BM / 100 SP","{""bridgeman"":0,""spearman"":100,""chull"":0,""scout"":0,""heavy"":0,""shardbearer"":0}","{}","[]","normalized","normalized","EXPERIMENTAL / normalized Survival — NOT BALANCED","1000","0","999","density","equal","0.03","100","0.6931471805599453","","100","25","100","100","100","50","0.0625","0.03125","3.125","3.132","3.1319999999999997","3","3","4","0.3384907679686403","","","","0","","false","0","","3.132","0.03132","0","","0","","0","","0","","0.25","0","1","0","0","0","0"
"gradient-0-0.25","gradient","Exact hostile/own Power = 0.25; scalar opposition, not a simulated opponent.","0","0 BM / 100 SP","{""bridgeman"":0,""spearman"":100,""chull"":0,""scout"":0,""heavy"":0,""shardbearer"":0}","{}","[]","weighted","weighted","EXPERIMENTAL / weighted selection","1000","0","999","total","weighted","0.03","100","0.6931471805599453","","100","25","100","100","100","50","0.0625","0.03125","3.125","3.132","3.1319999999999997","3","3","4","0.3384907679686403","","","","0","","false","0","","3.132","0.03132","0","","0","","0","","0","","0.25","0","1","0","0","0","0"
"gradient-0-0.25","gradient","Exact hostile/own Power = 0.25; scalar opposition, not a simulated opponent.","0","0 BM / 100 SP","{""bridgeman"":0,""spearman"":100,""chull"":0,""scout"":0,""heavy"":0,""shardbearer"":0}","{}","[]","normalized-weighted","normalized-weighted","EXPERIMENTAL / normalized + weighted — NOT BALANCED","1000","0","999","density","weighted","0.03","100","0.6931471805599453","","100","25","100","100","100","50","0.0625","0.03125","3.125","3.132","3.1319999999999997","3","3","4","0.3384907679686403","","","","0","","false","0","","3.132","0.03132","0","","0","","0","","0","","0.25","0","1","0","0","0","0"
"gradient-0-0.5","gradient","Exact hostile/own Power = 0.5; scalar opposition, not a simulated opponent.","0","0 BM / 100 SP","{""bridgeman"":0,""spearman"":100,""chull"":0,""scout"":0,""heavy"":0,""shardbearer"":0}","{}","[]","current","current","CURRENT / BASELINE","1000","0","999","total","equal","0.03","100","0.6931471805599453","","100","50","100","100","100","50","0.125","0.0625","6.25","6.27","6.27","6","6","7","0.44395945760846295","","","","0","","false","0","","6.27","0.06269999999999999","0","","0","","0","","0","","0.5","0","1","0","0","0","0"
"gradient-0-0.5","gradient","Exact hostile/own Power = 0.5; scalar opposition, not a simulated opponent.","0","0 BM / 100 SP","{""bridgeman"":0,""spearman"":100,""chull"":0,""scout"":0,""heavy"":0,""shardbearer"":0}","{}","[]","normalized","normalized","EXPERIMENTAL / normalized Survival — NOT BALANCED","1000","0","999","density","equal","0.03","100","0.6931471805599453","","100","50","100","100","100","50","0.125","0.0625","6.25","6.27","6.27","6","6","7","0.44395945760846295","","","","0","","false","0","","6.27","0.06269999999999999","0","","0","","0","","0","","0.5","0","1","0","0","0","0"
"gradient-0-0.5","gradient","Exact hostile/own Power = 0.5; scalar opposition, not a simulated opponent.","0","0 BM / 100 SP","{""bridgeman"":0,""spearman"":100,""chull"":0,""scout"":0,""heavy"":0,""shardbearer"":0}","{}","[]","weighted","weighted","EXPERIMENTAL / weighted selection","1000","0","999","total","weighted","0.03","100","0.6931471805599453","","100","50","100","100","100","50","0.125","0.0625","6.25","6.27","6.27","6","6","7","0.44395945760846295","","","","0","","false","0","","6.27","0.06269999999999999","0","","0","","0","","0","","0.5","0","1","0","0","0","0"
"gradient-0-0.5","gradient","Exact hostile/own Power = 0.5; scalar opposition, not a simulated opponent.","0","0 BM / 100 SP","{""bridgeman"":0,""spearman"":100,""chull"":0,""scout"":0,""heavy"":0,""shardbearer"":0}","{}","[]","normalized-weighted","normalized-weighted","EXPERIMENTAL / normalized + weighted — NOT BALANCED","1000","0","999","density","weighted","0.03","100","0.6931471805599453","","100","50","100","100","100","50","0.125","0.0625","6.25","6.27","6.27","6","6","7","0.44395945760846295","","","","0","","false","0","","6.27","0.06269999999999999","0","","0","","0","","0","","0.5","0","1","0","0","0","0"
"gradient-0-1","gradient","Exact hostile/own Power = 1; scalar opposition, not a simulated opponent.","0","0 BM / 100 SP","{""bridgeman"":0,""spearman"":100,""chull"":0,""scout"":0,""heavy"":0,""shardbearer"":0}","{}","[]","current","current","CURRENT / BASELINE","1000","0","999","total","equal","0.03","100","0.6931471805599453","","100","100","100","100","100","50","0.25","0.125","12.5","12.497","12.497","12","12","13","0.49999099991899565","","","","0","","false","0","","12.497","0.12497","0","","0","","0","","0","","1","0","1","0","0","0","0"
"gradient-0-1","gradient","Exact hostile/own Power = 1; scalar opposition, not a simulated opponent.","0","0 BM / 100 SP","{""bridgeman"":0,""spearman"":100,""chull"":0,""scout"":0,""heavy"":0,""shardbearer"":0}","{}","[]","normalized","normalized","EXPERIMENTAL / normalized Survival — NOT BALANCED","1000","0","999","density","equal","0.03","100","0.6931471805599453","","100","100","100","100","100","50","0.25","0.125","12.5","12.497","12.497","12","12","13","0.49999099991899565","","","","0","","false","0","","12.497","0.12497","0","","0","","0","","0","","1","0","1","0","0","0","0"
"gradient-0-1","gradient","Exact hostile/own Power = 1; scalar opposition, not a simulated opponent.","0","0 BM / 100 SP","{""bridgeman"":0,""spearman"":100,""chull"":0,""scout"":0,""heavy"":0,""shardbearer"":0}","{}","[]","weighted","weighted","EXPERIMENTAL / weighted selection","1000","0","999","total","weighted","0.03","100","0.6931471805599453","","100","100","100","100","100","50","0.25","0.125","12.5","12.497","12.497","12","12","13","0.49999099991899565","","","","0","","false","0","","12.497","0.12497","0","","0","","0","","0","","1","0","1","0","0","0","0"
"gradient-0-1","gradient","Exact hostile/own Power = 1; scalar opposition, not a simulated opponent.","0","0 BM / 100 SP","{""bridgeman"":0,""spearman"":100,""chull"":0,""scout"":0,""heavy"":0,""shardbearer"":0}","{}","[]","normalized-weighted","normalized-weighted","EXPERIMENTAL / normalized + weighted — NOT BALANCED","1000","0","999","density","weighted","0.03","100","0.6931471805599453","","100","100","100","100","100","50","0.25","0.125","12.5","12.497","12.497","12","12","13","0.49999099991899565","","","","0","","false","0","","12.497","0.12497","0","","0","","0","","0","","1","0","1","0","0","0","0"
"gradient-0-1.5","gradient","Exact hostile/own Power = 1.5; scalar opposition, not a simulated opponent.","0","0 BM / 100 SP","{""bridgeman"":0,""spearman"":100,""chull"":0,""scout"":0,""heavy"":0,""shardbearer"":0}","{}","[]","current","current","CURRENT / BASELINE","1000","0","999","total","equal","0.03","100","0.6931471805599453","","100","150","100","100","100","50","0.375","0.1875","18.75","18.758","18.758","19","18","19","0.4282942913464895","","","","0","","false","0","","18.758","0.18758","0","","0","","0","","0","","1.5","0","1","0","0","0","0"
"gradient-0-1.5","gradient","Exact hostile/own Power = 1.5; scalar opposition, not a simulated opponent.","0","0 BM / 100 SP","{""bridgeman"":0,""spearman"":100,""chull"":0,""scout"":0,""heavy"":0,""shardbearer"":0}","{}","[]","normalized","normalized","EXPERIMENTAL / normalized Survival — NOT BALANCED","1000","0","999","density","equal","0.03","100","0.6931471805599453","","100","150","100","100","100","50","0.375","0.1875","18.75","18.758","18.758","19","18","19","0.4282942913464895","","","","0","","false","0","","18.758","0.18758","0","","0","","0","","0","","1.5","0","1","0","0","0","0"
"gradient-0-1.5","gradient","Exact hostile/own Power = 1.5; scalar opposition, not a simulated opponent.","0","0 BM / 100 SP","{""bridgeman"":0,""spearman"":100,""chull"":0,""scout"":0,""heavy"":0,""shardbearer"":0}","{}","[]","weighted","weighted","EXPERIMENTAL / weighted selection","1000","0","999","total","weighted","0.03","100","0.6931471805599453","","100","150","100","100","100","50","0.375","0.1875","18.75","18.758","18.758","19","18","19","0.4282942913464895","","","","0","","false","0","","18.758","0.18758","0","","0","","0","","0","","1.5","0","1","0","0","0","0"
"gradient-0-1.5","gradient","Exact hostile/own Power = 1.5; scalar opposition, not a simulated opponent.","0","0 BM / 100 SP","{""bridgeman"":0,""spearman"":100,""chull"":0,""scout"":0,""heavy"":0,""shardbearer"":0}","{}","[]","normalized-weighted","normalized-weighted","EXPERIMENTAL / normalized + weighted — NOT BALANCED","1000","0","999","density","weighted","0.03","100","0.6931471805599453","","100","150","100","100","100","50","0.375","0.1875","18.75","18.758","18.758","19","18","19","0.4282942913464895","","","","0","","false","0","","18.758","0.18758","0","","0","","0","","0","","1.5","0","1","0","0","0","0"
"gradient-0-2","gradient","Exact hostile/own Power = 2; scalar opposition, not a simulated opponent.","0","0 BM / 100 SP","{""bridgeman"":0,""spearman"":100,""chull"":0,""scout"":0,""heavy"":0,""shardbearer"":0}","{}","[]","current","current","CURRENT / BASELINE","1000","0","999","total","equal","0.03","100","0.6931471805599453","","100","200","100","100","100","50","0.5","0.25","25","25","25","25","25","25","0","","","","0","","false","0","","25","0.25","0","","0","","0","","0","","2","0","1","0","0","0","0"
"gradient-0-2","gradient","Exact hostile/own Power = 2; scalar opposition, not a simulated opponent.","0","0 BM / 100 SP","{""bridgeman"":0,""spearman"":100,""chull"":0,""scout"":0,""heavy"":0,""shardbearer"":0}","{}","[]","normalized","normalized","EXPERIMENTAL / normalized Survival — NOT BALANCED","1000","0","999","density","equal","0.03","100","0.6931471805599453","","100","200","100","100","100","50","0.5","0.25","25","25","25","25","25","25","0","","","","0","","false","0","","25","0.25","0","","0","","0","","0","","2","0","1","0","0","0","0"
"gradient-0-2","gradient","Exact hostile/own Power = 2; scalar opposition, not a simulated opponent.","0","0 BM / 100 SP","{""bridgeman"":0,""spearman"":100,""chull"":0,""scout"":0,""heavy"":0,""shardbearer"":0}","{}","[]","weighted","weighted","EXPERIMENTAL / weighted selection","1000","0","999","total","weighted","0.03","100","0.6931471805599453","","100","200","100","100","100","50","0.5","0.25","25","25","25","25","25","25","0","","","","0","","false","0","","25","0.25","0","","0","","0","","0","","2","0","1","0","0","0","0"
"gradient-0-2","gradient","Exact hostile/own Power = 2; scalar opposition, not a simulated opponent.","0","0 BM / 100 SP","{""bridgeman"":0,""spearman"":100,""chull"":0,""scout"":0,""heavy"":0,""shardbearer"":0}","{}","[]","normalized-weighted","normalized-weighted","EXPERIMENTAL / normalized + weighted — NOT BALANCED","1000","0","999","density","weighted","0.03","100","0.6931471805599453","","100","200","100","100","100","50","0.5","0.25","25","25","25","25","25","25","0","","","","0","","false","0","","25","0.25","0","","0","","0","","0","","2","0","1","0","0","0","0"
"size-10-1","size","Exact hostile/own Power = 1; scalar opposition, not a simulated opponent.","0","10 BM / 0 SP","{""bridgeman"":10,""spearman"":0,""chull"":0,""scout"":0,""heavy"":0,""shardbearer"":0}","{}","[]","current","current","CURRENT / BASELINE","1000","0","999","total","equal","0.03","100","0.6931471805599453","","5","5","-10","-10","10","10","0.25","0.275","2.75","2.745","27.45","3","2","3","0.435861216443943","","","","0","","false","2.745","0.2745","0","","0","","0","","0","","0","","1","1","0","0","0","0","0"
"size-10-1","size","Exact hostile/own Power = 1; scalar opposition, not a simulated opponent.","0","10 BM / 0 SP","{""bridgeman"":10,""spearman"":0,""chull"":0,""scout"":0,""heavy"":0,""shardbearer"":0}","{}","[]","normalized","normalized","EXPERIMENTAL / normalized Survival — NOT BALANCED","1000","0","999","density","equal","0.03","100","0.6931471805599453","","5","5","-10","-100","10","10","0.25","0.5","5","5","50","5","5","5","0","","","","0","","false","5","0.5","0","","0","","0","","0","","0","","1","1","0","0","0","0","0"
"size-10-1","size","Exact hostile/own Power = 1; scalar opposition, not a simulated opponent.","0","10 BM / 0 SP","{""bridgeman"":10,""spearman"":0,""chull"":0,""scout"":0,""heavy"":0,""shardbearer"":0}","{}","[]","weighted","weighted","EXPERIMENTAL / weighted selection","1000","0","999","total","weighted","0.03","100","0.6931471805599453","","5","5","-10","-10","10","10","0.25","0.275","2.75","2.745","27.45","3","2","3","0.435861216443943","","","","0","","false","2.745","0.2745","0","","0","","0","","0","","0","","1","1","0","0","0","0","0"
"size-10-1","size","Exact hostile/own Power = 1; scalar opposition, not a simulated opponent.","0","10 BM / 0 SP","{""bridgeman"":10,""spearman"":0,""chull"":0,""scout"":0,""heavy"":0,""shardbearer"":0}","{}","[]","normalized-weighted","normalized-weighted","EXPERIMENTAL / normalized + weighted — NOT BALANCED","1000","0","999","density","weighted","0.03","100","0.6931471805599453","","5","5","-10","-100","10","10","0.25","0.5","5","5","50","5","5","5","0","","","","0","","false","5","0.5","0","","0","","0","","0","","0","","1","1","0","0","0","0","0"
"size-10-0.5","size","Exact hostile/own Power = 1; scalar opposition, not a simulated opponent.","0","5 BM / 5 SP","{""bridgeman"":5,""spearman"":5,""chull"":0,""scout"":0,""heavy"":0,""shardbearer"":0}","{}","[]","current","current","CURRENT / BASELINE","1000","0","999","total","equal","0.03","100","0.6931471805599453","","7.5","7.5","0","0","10","7.5","0.25","0.25","2.5","2.514","25.139999999999997","3","2","3","0.4998039615689363","","","","0","","false","1.265","0.253","1.249","0.24980000000000002","0","","0","","0","","0","","1","0.5031821797931583","0.4968178202068418","0","0","0","0"
"size-10-0.5","size","Exact hostile/own Power = 1; scalar opposition, not a simulated opponent.","0","5 BM / 5 SP","{""bridgeman"":5,""spearman"":5,""chull"":0,""scout"":0,""heavy"":0,""shardbearer"":0}","{}","[]","normalized","normalized","EXPERIMENTAL / normalized Survival — NOT BALANCED","1000","0","999","density","equal","0.03","100","0.6931471805599453","","7.5","7.5","0","0","10","7.5","0.25","0.25","2.5","2.514","25.139999999999997","3","2","3","0.4998039615689363","","","","0","","false","1.265","0.253","1.249","0.24980000000000002","0","","0","","0","","0","","1","0.5031821797931583","0.4968178202068418","0","0","0","0"
"size-10-0.5","size","Exact hostile/own Power = 1; scalar opposition, not a simulated opponent.","0","5 BM / 5 SP","{""bridgeman"":5,""spearman"":5,""chull"":0,""scout"":0,""heavy"":0,""shardbearer"":0}","{}","[]","weighted","weighted","EXPERIMENTAL / weighted selection","1000","0","999","total","weighted","0.03","100","0.6931471805599453","","7.5","7.5","0","0","10","7.5","0.25","0.25","2.5","2.514","25.139999999999997","3","2","3","0.4998039615689363","","","","0","","false","1.967","0.3934","0.547","0.10940000000000001","0","","0","","0","","0","","1","0.7824184566428004","0.21758154335719973","0","0","0","0"
"size-10-0.5","size","Exact hostile/own Power = 1; scalar opposition, not a simulated opponent.","0","5 BM / 5 SP","{""bridgeman"":5,""spearman"":5,""chull"":0,""scout"":0,""heavy"":0,""shardbearer"":0}","{}","[]","normalized-weighted","normalized-weighted","EXPERIMENTAL / normalized + weighted — NOT BALANCED","1000","0","999","density","weighted","0.03","100","0.6931471805599453","","7.5","7.5","0","0","10","7.5","0.25","0.25","2.5","2.514","25.139999999999997","3","2","3","0.4998039615689363","","","","0","","false","1.967","0.3934","0.547","0.10940000000000001","0","","0","","0","","0","","1","0.7824184566428004","0.21758154335719973","0","0","0","0"
"size-10-0","size","Exact hostile/own Power = 1; scalar opposition, not a simulated opponent.","0","0 BM / 10 SP","{""bridgeman"":0,""spearman"":10,""chull"":0,""scout"":0,""heavy"":0,""shardbearer"":0}","{}","[]","current","current","CURRENT / BASELINE","1000","0","999","total","equal","0.03","100","0.6931471805599453","","10","10","10","10","10","5","0.25","0.22727272727272727","2.2727272727272725","2.277","22.770000000000003","2","2","3","0.4475164801434688","","","","0","","false","0","","2.277","0.2277","0","","0","","0","","0","","1","0","1","0","0","0","0"
"size-10-0","size","Exact hostile/own Power = 1; scalar opposition, not a simulated opponent.","0","0 BM / 10 SP","{""bridgeman"":0,""spearman"":10,""chull"":0,""scout"":0,""heavy"":0,""shardbearer"":0}","{}","[]","normalized","normalized","EXPERIMENTAL / normalized Survival — NOT BALANCED","1000","0","999","density","equal","0.03","100","0.6931471805599453","","10","10","10","100","10","5","0.25","0.125","1.25","1.254","12.540000000000001","1","1","2","0.43529759935014406","","","","0","","false","0","","1.254","0.1254","0","","0","","0","","0","","1","0","1","0","0","0","0"
"size-10-0","size","Exact hostile/own Power = 1; scalar opposition, not a simulated opponent.","0","0 BM / 10 SP","{""bridgeman"":0,""spearman"":10,""chull"":0,""scout"":0,""heavy"":0,""shardbearer"":0}","{}","[]","weighted","weighted","EXPERIMENTAL / weighted selection","1000","0","999","total","weighted","0.03","100","0.6931471805599453","","10","10","10","10","10","5","0.25","0.22727272727272727","2.2727272727272725","2.277","22.770000000000003","2","2","3","0.4475164801434688","","","","0","","false","0","","2.277","0.2277","0","","0","","0","","0","","1","0","1","0","0","0","0"
"size-10-0","size","Exact hostile/own Power = 1; scalar opposition, not a simulated opponent.","0","0 BM / 10 SP","{""bridgeman"":0,""spearman"":10,""chull"":0,""scout"":0,""heavy"":0,""shardbearer"":0}","{}","[]","normalized-weighted","normalized-weighted","EXPERIMENTAL / normalized + weighted — NOT BALANCED","1000","0","999","density","weighted","0.03","100","0.6931471805599453","","10","10","10","100","10","5","0.25","0.125","1.25","1.254","12.540000000000001","1","1","2","0.43529759935014406","","","","0","","false","0","","1.254","0.1254","0","","0","","0","","0","","1","0","1","0","0","0","0"
"size-100-1","size","Exact hostile/own Power = 1; scalar opposition, not a simulated opponent.","0","100 BM / 0 SP","{""bridgeman"":100,""spearman"":0,""chull"":0,""scout"":0,""heavy"":0,""shardbearer"":0}","{}","[]","current","current","CURRENT / BASELINE","1000","0","999","total","equal","0.03","100","0.6931471805599453","","50","50","-100","-100","100","100","0.25","0.5","50","50","50","50","50","50","0","","","","0","","false","50","0.5","0","","0","","0","","0","","0","","1","1","0","0","0","0","0"
"size-100-1","size","Exact hostile/own Power = 1; scalar opposition, not a simulated opponent.","0","100 BM / 0 SP","{""bridgeman"":100,""spearman"":0,""chull"":0,""scout"":0,""heavy"":0,""shardbearer"":0}","{}","[]","normalized","normalized","EXPERIMENTAL / normalized Survival — NOT BALANCED","1000","0","999","density","equal","0.03","100","0.6931471805599453","","50","50","-100","-100","100","100","0.25","0.5","50","50","50","50","50","50","0","","","","0","","false","50","0.5","0","","0","","0","","0","","0","","1","1","0","0","0","0","0"
"size-100-1","size","Exact hostile/own Power = 1; scalar opposition, not a simulated opponent.","0","100 BM / 0 SP","{""bridgeman"":100,""spearman"":0,""chull"":0,""scout"":0,""heavy"":0,""shardbearer"":0}","{}","[]","weighted","weighted","EXPERIMENTAL / weighted selection","1000","0","999","total","weighted","0.03","100","0.6931471805599453","","50","50","-100","-100","100","100","0.25","0.5","50","50","50","50","50","50","0","","","","0","","false","50","0.5","0","","0","","0","","0","","0","","1","1","0","0","0","0","0"
"size-100-1","size","Exact hostile/own Power = 1; scalar opposition, not a simulated opponent.","0","100 BM / 0 SP","{""bridgeman"":100,""spearman"":0,""chull"":0,""scout"":0,""heavy"":0,""shardbearer"":0}","{}","[]","normalized-weighted","normalized-weighted","EXPERIMENTAL / normalized + weighted — NOT BALANCED","1000","0","999","density","weighted","0.03","100","0.6931471805599453","","50","50","-100","-100","100","100","0.25","0.5","50","50","50","50","50","50","0","","","","0","","false","50","0.5","0","","0","","0","","0","","0","","1","1","0","0","0","0","0"
"size-100-0.5","size","Exact hostile/own Power = 1; scalar opposition, not a simulated opponent.","0","50 BM / 50 SP","{""bridgeman"":50,""spearman"":50,""chull"":0,""scout"":0,""heavy"":0,""shardbearer"":0}","{}","[]","current","current","CURRENT / BASELINE","1000","0","999","total","equal","0.03","100","0.6931471805599453","","75","75","0","0","100","75","0.25","0.25","25","25","25","25","25","25","0","","","","0","","false","12.514","0.25028","12.486","0.24972000000000003","0","","0","","0","","0","","1","0.50056","0.49944000000000005","0","0","0","0"
"size-100-0.5","size","Exact hostile/own Power = 1; scalar opposition, not a simulated opponent.","0","50 BM / 50 SP","{""bridgeman"":50,""spearman"":50,""chull"":0,""scout"":0,""heavy"":0,""shardbearer"":0}","{}","[]","normalized","normalized","EXPERIMENTAL / normalized Survival — NOT BALANCED","1000","0","999","density","equal","0.03","100","0.6931471805599453","","75","75","0","0","100","75","0.25","0.25","25","25","25","25","25","25","0","","","","0","","false","12.514","0.25028","12.486","0.24972000000000003","0","","0","","0","","0","","1","0.50056","0.49944000000000005","0","0","0","0"
"size-100-0.5","size","Exact hostile/own Power = 1; scalar opposition, not a simulated opponent.","0","50 BM / 50 SP","{""bridgeman"":50,""spearman"":50,""chull"":0,""scout"":0,""heavy"":0,""shardbearer"":0}","{}","[]","weighted","weighted","EXPERIMENTAL / weighted selection","1000","0","999","total","weighted","0.03","100","0.6931471805599453","","75","75","0","0","100","75","0.25","0.25","25","25","25","25","25","25","0","","","","0","","false","19.194","0.38388","5.806","0.11612","0","","0","","0","","0","","1","0.76776","0.23224","0","0","0","0"
"size-100-0.5","size","Exact hostile/own Power = 1; scalar opposition, not a simulated opponent.","0","50 BM / 50 SP","{""bridgeman"":50,""spearman"":50,""chull"":0,""scout"":0,""heavy"":0,""shardbearer"":0}","{}","[]","normalized-weighted","normalized-weighted","EXPERIMENTAL / normalized + weighted — NOT BALANCED","1000","0","999","density","weighted","0.03","100","0.6931471805599453","","75","75","0","0","100","75","0.25","0.25","25","25","25","25","25","25","0","","","","0","","false","19.194","0.38388","5.806","0.11612","0","","0","","0","","0","","1","0.76776","0.23224","0","0","0","0"
"size-100-0","size","Exact hostile/own Power = 1; scalar opposition, not a simulated opponent.","0","0 BM / 100 SP","{""bridgeman"":0,""spearman"":100,""chull"":0,""scout"":0,""heavy"":0,""shardbearer"":0}","{}","[]","current","current","CURRENT / BASELINE","1000","0","999","total","equal","0.03","100","0.6931471805599453","","100","100","100","100","100","50","0.25","0.125","12.5","12.489","12.489","12","12","13","0.4998789853554562","","","","0","","false","0","","12.489","0.12489","0","","0","","0","","0","","1","0","1","0","0","0","0"
"size-100-0","size","Exact hostile/own Power = 1; scalar opposition, not a simulated opponent.","0","0 BM / 100 SP","{""bridgeman"":0,""spearman"":100,""chull"":0,""scout"":0,""heavy"":0,""shardbearer"":0}","{}","[]","normalized","normalized","EXPERIMENTAL / normalized Survival — NOT BALANCED","1000","0","999","density","equal","0.03","100","0.6931471805599453","","100","100","100","100","100","50","0.25","0.125","12.5","12.489","12.489","12","12","13","0.4998789853554562","","","","0","","false","0","","12.489","0.12489","0","","0","","0","","0","","1","0","1","0","0","0","0"
"size-100-0","size","Exact hostile/own Power = 1; scalar opposition, not a simulated opponent.","0","0 BM / 100 SP","{""bridgeman"":0,""spearman"":100,""chull"":0,""scout"":0,""heavy"":0,""shardbearer"":0}","{}","[]","weighted","weighted","EXPERIMENTAL / weighted selection","1000","0","999","total","weighted","0.03","100","0.6931471805599453","","100","100","100","100","100","50","0.25","0.125","12.5","12.489","12.489","12","12","13","0.4998789853554562","","","","0","","false","0","","12.489","0.12489","0","","0","","0","","0","","1","0","1","0","0","0","0"
"size-100-0","size","Exact hostile/own Power = 1; scalar opposition, not a simulated opponent.","0","0 BM / 100 SP","{""bridgeman"":0,""spearman"":100,""chull"":0,""scout"":0,""heavy"":0,""shardbearer"":0}","{}","[]","normalized-weighted","normalized-weighted","EXPERIMENTAL / normalized + weighted — NOT BALANCED","1000","0","999","density","weighted","0.03","100","0.6931471805599453","","100","100","100","100","100","50","0.25","0.125","12.5","12.489","12.489","12","12","13","0.4998789853554562","","","","0","","false","0","","12.489","0.12489","0","","0","","0","","0","","1","0","1","0","0","0","0"
"size-1000-1","size","Exact hostile/own Power = 1; scalar opposition, not a simulated opponent.","0","1000 BM / 0 SP","{""bridgeman"":1000,""spearman"":0,""chull"":0,""scout"":0,""heavy"":0,""shardbearer"":0}","{}","[]","current","current","CURRENT / BASELINE","1000","0","999","total","equal","0.03","100","0.6931471805599453","","500","500","-1000","-1000","1000","1000","0.25","0.95","950","950","95","950","950","950","0","","","","0","","false","950","0.95","0","","0","","0","","0","","0","","1","1","0","0","0","0","0"
"size-1000-1","size","Exact hostile/own Power = 1; scalar opposition, not a simulated opponent.","0","1000 BM / 0 SP","{""bridgeman"":1000,""spearman"":0,""chull"":0,""scout"":0,""heavy"":0,""shardbearer"":0}","{}","[]","normalized","normalized","EXPERIMENTAL / normalized Survival — NOT BALANCED","1000","0","999","density","equal","0.03","100","0.6931471805599453","","500","500","-1000","-100","1000","1000","0.25","0.5","500","500","50","500","500","500","0","","","","0","","false","500","0.5","0","","0","","0","","0","","0","","1","1","0","0","0","0","0"
"size-1000-1","size","Exact hostile/own Power = 1; scalar opposition, not a simulated opponent.","0","1000 BM / 0 SP","{""bridgeman"":1000,""spearman"":0,""chull"":0,""scout"":0,""heavy"":0,""shardbearer"":0}","{}","[]","weighted","weighted","EXPERIMENTAL / weighted selection","1000","0","999","total","weighted","0.03","100","0.6931471805599453","","500","500","-1000","-1000","1000","1000","0.25","0.95","950","950","95","950","950","950","0","","","","0","","false","950","0.95","0","","0","","0","","0","","0","","1","1","0","0","0","0","0"
"size-1000-1","size","Exact hostile/own Power = 1; scalar opposition, not a simulated opponent.","0","1000 BM / 0 SP","{""bridgeman"":1000,""spearman"":0,""chull"":0,""scout"":0,""heavy"":0,""shardbearer"":0}","{}","[]","normalized-weighted","normalized-weighted","EXPERIMENTAL / normalized + weighted — NOT BALANCED","1000","0","999","density","weighted","0.03","100","0.6931471805599453","","500","500","-1000","-100","1000","1000","0.25","0.5","500","500","50","500","500","500","0","","","","0","","false","500","0.5","0","","0","","0","","0","","0","","1","1","0","0","0","0","0"
"size-1000-0.5","size","Exact hostile/own Power = 1; scalar opposition, not a simulated opponent.","0","500 BM / 500 SP","{""bridgeman"":500,""spearman"":500,""chull"":0,""scout"":0,""heavy"":0,""shardbearer"":0}","{}","[]","current","current","CURRENT / BASELINE","1000","0","999","total","equal","0.03","100","0.6931471805599453","","750","750","0","0","1000","750","0.25","0.25","250","250","25","250","250","250","0","","","","0","","false","124.948","0.24989599999999998","125.052","0.250104","0","","0","","0","","0","","1","0.49979199999999996","0.500208","0","0","0","0"
"size-1000-0.5","size","Exact hostile/own Power = 1; scalar opposition, not a simulated opponent.","0","500 BM / 500 SP","{""bridgeman"":500,""spearman"":500,""chull"":0,""scout"":0,""heavy"":0,""shardbearer"":0}","{}","[]","normalized","normalized","EXPERIMENTAL / normalized Survival — NOT BALANCED","1000","0","999","density","equal","0.03","100","0.6931471805599453","","750","750","0","0","1000","750","0.25","0.25","250","250","25","250","250","250","0","","","","0","","false","124.948","0.24989599999999998","125.052","0.250104","0","","0","","0","","0","","1","0.49979199999999996","0.500208","0","0","0","0"
"size-1000-0.5","size","Exact hostile/own Power = 1; scalar opposition, not a simulated opponent.","0","500 BM / 500 SP","{""bridgeman"":500,""spearman"":500,""chull"":0,""scout"":0,""heavy"":0,""shardbearer"":0}","{}","[]","weighted","weighted","EXPERIMENTAL / weighted selection","1000","0","999","total","weighted","0.03","100","0.6931471805599453","","750","750","0","0","1000","750","0.25","0.25","250","250","25","250","250","250","0","","","","0","","false","193.155","0.38631","56.845","0.11369","0","","0","","0","","0","","1","0.77262","0.22738","0","0","0","0"
"size-1000-0.5","size","Exact hostile/own Power = 1; scalar opposition, not a simulated opponent.","0","500 BM / 500 SP","{""bridgeman"":500,""spearman"":500,""chull"":0,""scout"":0,""heavy"":0,""shardbearer"":0}","{}","[]","normalized-weighted","normalized-weighted","EXPERIMENTAL / normalized + weighted — NOT BALANCED","1000","0","999","density","weighted","0.03","100","0.6931471805599453","","750","750","0","0","1000","750","0.25","0.25","250","250","25","250","250","250","0","","","","0","","false","193.155","0.38631","56.845","0.11369","0","","0","","0","","0","","1","0.77262","0.22738","0","0","0","0"
"size-1000-0","size","Exact hostile/own Power = 1; scalar opposition, not a simulated opponent.","0","0 BM / 1000 SP","{""bridgeman"":0,""spearman"":1000,""chull"":0,""scout"":0,""heavy"":0,""shardbearer"":0}","{}","[]","current","current","CURRENT / BASELINE","1000","0","999","total","equal","0.03","100","0.6931471805599453","","1000","1000","1000","1000","1000","500","0.25","0.022727272727272728","22.727272727272727","22.738","2.2738","23","22","23","0.4397226398538118","","","","0","","false","0","","22.738","0.022738","0","","0","","0","","0","","1","0","1","0","0","0","0"
"size-1000-0","size","Exact hostile/own Power = 1; scalar opposition, not a simulated opponent.","0","0 BM / 1000 SP","{""bridgeman"":0,""spearman"":1000,""chull"":0,""scout"":0,""heavy"":0,""shardbearer"":0}","{}","[]","normalized","normalized","EXPERIMENTAL / normalized Survival — NOT BALANCED","1000","0","999","density","equal","0.03","100","0.6931471805599453","","1000","1000","1000","100","1000","500","0.25","0.125","125","125","12.5","125","125","125","0","","","","0","","false","0","","125","0.125","0","","0","","0","","0","","1","0","1","0","0","0","0"
"size-1000-0","size","Exact hostile/own Power = 1; scalar opposition, not a simulated opponent.","0","0 BM / 1000 SP","{""bridgeman"":0,""spearman"":1000,""chull"":0,""scout"":0,""heavy"":0,""shardbearer"":0}","{}","[]","weighted","weighted","EXPERIMENTAL / weighted selection","1000","0","999","total","weighted","0.03","100","0.6931471805599453","","1000","1000","1000","1000","1000","500","0.25","0.022727272727272728","22.727272727272727","22.738","2.2738","23","22","23","0.4397226398538118","","","","0","","false","0","","22.738","0.022738","0","","0","","0","","0","","1","0","1","0","0","0","0"
"size-1000-0","size","Exact hostile/own Power = 1; scalar opposition, not a simulated opponent.","0","0 BM / 1000 SP","{""bridgeman"":0,""spearman"":1000,""chull"":0,""scout"":0,""heavy"":0,""shardbearer"":0}","{}","[]","normalized-weighted","normalized-weighted","EXPERIMENTAL / normalized + weighted — NOT BALANCED","1000","0","999","density","weighted","0.03","100","0.6931471805599453","","1000","1000","1000","100","1000","500","0.25","0.125","125","125","12.5","125","125","125","0","","","","0","","false","0","","125","0.125","0","","0","","0","","0","","1","0","1","0","0","0","0"
"shard-100-0.5","shard","Exact hostile/own Power = 0.5; scalar opposition, not a simulated opponent.","0","100 BM / 0 SP / 1 Shard","{""bridgeman"":100,""spearman"":0,""chull"":0,""scout"":0,""heavy"":0,""shardbearer"":1}","{}","[]","current","current","CURRENT / BASELINE","10000","0","9999","total","equal","0.03","100","0.6931471805599453","","120","60","-95","-95","101","100","0.125","0.24375","24.61875","24.631","24.387128712871288","25","24","25","0.4825339366303075","0.2484","0.7516","0.0043208499163937646","0","","false","24.3826","0.243826","0","","0","","0","","0","","0.2484","0.2484","0.5","0.989915147578255","0","0","0","0","0.010084852421744955"
"shard-100-0.5","shard","Exact hostile/own Power = 0.5; scalar opposition, not a simulated opponent.","0","100 BM / 0 SP / 1 Shard","{""bridgeman"":100,""spearman"":0,""chull"":0,""scout"":0,""heavy"":0,""shardbearer"":1}","{}","[]","normalized","normalized","EXPERIMENTAL / normalized Survival — NOT BALANCED","10000","0","9999","density","equal","0.03","100","0.6931471805599453","","120","60","-95","-94.05940594059406","101","100","0.125","0.24257425742574257","24.5","24.5091","24.266435643564353","25","24","25","0.49991718314138356","0.2475","0.7525","0.00431559671424474","0","","false","24.2616","0.24261600000000003","0","","0","","0","","0","","0.2475","0.2475","0.5","0.9899017099771106","0","0","0","0","0.010098290022889457"
"shard-100-0.5","shard","Exact hostile/own Power = 0.5; scalar opposition, not a simulated opponent.","0","100 BM / 0 SP / 1 Shard","{""bridgeman"":100,""spearman"":0,""chull"":0,""scout"":0,""heavy"":0,""shardbearer"":1}","{}","[]","weighted","weighted","EXPERIMENTAL / weighted selection","10000","0","9999","total","weighted","0.03","100","0.6931471805599453","","120","60","-95","-95","101","100","0.125","0.24375","24.61875","24.631","24.387128712871288","25","24","25","0.4825339366303075","0.0044","0.9956","0.0006618640343756413","0","","false","24.6266","0.24626599999999998","0","","0","","0","","0","","0.0044","0.0044","0.5","0.9998213633226422","0","0","0","0","0.00017863667735780114"
"shard-100-0.5","shard","Exact hostile/own Power = 0.5; scalar opposition, not a simulated opponent.","0","100 BM / 0 SP / 1 Shard","{""bridgeman"":100,""spearman"":0,""chull"":0,""scout"":0,""heavy"":0,""shardbearer"":1}","{}","[]","normalized-weighted","normalized-weighted","EXPERIMENTAL / normalized + weighted — NOT BALANCED","10000","0","9999","density","weighted","0.03","100","0.6931471805599453","","120","60","-95","-94.05940594059406","101","100","0.125","0.24257425742574257","24.5","24.5091","24.266435643564353","25","24","25","0.49991718314138356","0.0044","0.9956","0.0006618640343756413","0","","false","24.5047","0.245047","0","","0","","0","","0","","0.0044","0.0044","0.5","0.9998204748440375","0","0","0","0","0.00017952515596247925"
"shard-100-2","shard","Exact hostile/own Power = 2; scalar opposition, not a simulated opponent.","0","100 BM / 0 SP / 1 Shard","{""bridgeman"":100,""spearman"":0,""chull"":0,""scout"":0,""heavy"":0,""shardbearer"":1}","{}","[]","current","current","CURRENT / BASELINE","10000","0","9999","total","equal","0.03","100","0.6931471805599453","","120","240","-95","-95","101","100","0.5","0.95","95.94999999999999","95.9442","94.99425742574257","96","95","96","0.22953509535582609","0.95","0.050000000000000044","0.0021794494717703376","0","","false","94.9942","0.9499420000000001","0","","0","","0","","0","","0.95","0.95","2","0.9900984113682746","0","0","0","0","0.009901588631725524"
"shard-100-2","shard","Exact hostile/own Power = 2; scalar opposition, not a simulated opponent.","0","100 BM / 0 SP / 1 Shard","{""bridgeman"":100,""spearman"":0,""chull"":0,""scout"":0,""heavy"":0,""shardbearer"":1}","{}","[]","normalized","normalized","EXPERIMENTAL / normalized Survival — NOT BALANCED","10000","0","9999","density","equal","0.03","100","0.6931471805599453","","120","240","-95","-94.05940594059406","101","100","0.5","0.95","95.94999999999999","95.9442","94.99425742574257","96","95","96","0.22953509535582609","0.95","0.050000000000000044","0.0021794494717703376","0","","false","94.9942","0.9499420000000001","0","","0","","0","","0","","0.95","0.95","2","0.9900984113682746","0","0","0","0","0.009901588631725524"
"shard-100-2","shard","Exact hostile/own Power = 2; scalar opposition, not a simulated opponent.","0","100 BM / 0 SP / 1 Shard","{""bridgeman"":100,""spearman"":0,""chull"":0,""scout"":0,""heavy"":0,""shardbearer"":1}","{}","[]","weighted","weighted","EXPERIMENTAL / weighted selection","10000","0","9999","total","weighted","0.03","100","0.6931471805599453","","120","240","-95","-95","101","100","0.5","0.95","95.94999999999999","95.9442","94.99425742574257","96","95","96","0.22953509535582609","0.0443","0.9557","0.0020576080773558407","0","","false","95.8999","0.958999","0","","0","","0","","0","","0.0443","0.0443","2","0.9995382732880154","0","0","0","0","0.00046172671198467443"
"shard-100-2","shard","Exact hostile/own Power = 2; scalar opposition, not a simulated opponent.","0","100 BM / 0 SP / 1 Shard","{""bridgeman"":100,""spearman"":0,""chull"":0,""scout"":0,""heavy"":0,""shardbearer"":1}","{}","[]","normalized-weighted","normalized-weighted","EXPERIMENTAL / normalized + weighted — NOT BALANCED","10000","0","9999","density","weighted","0.03","100","0.6931471805599453","","120","240","-95","-94.05940594059406","101","100","0.5","0.95","95.94999999999999","95.9442","94.99425742574257","96","95","96","0.22953509535582609","0.0443","0.9557","0.0020576080773558407","0","","false","95.8999","0.958999","0","","0","","0","","0","","0.0443","0.0443","2","0.9995382732880154","0","0","0","0","0.00046172671198467443"
"shard-50-0.5","shard","Exact hostile/own Power = 0.5; scalar opposition, not a simulated opponent.","0","50 BM / 50 SP / 1 Shard","{""bridgeman"":50,""spearman"":50,""chull"":0,""scout"":0,""heavy"":0,""shardbearer"":1}","{}","[]","current","current","CURRENT / BASELINE","10000","0","9999","total","equal","0.03","100","0.6931471805599453","","170","85","5","5","101","75","0.125","0.11904761904761904","12.023809523809524","12.0241","11.905049504950496","12","12","13","0.1533596752735213","0.1175","0.8825000000000001","0.0032201513939565016","0","","false","5.9219","0.118438","5.9847","0.11969400000000001","0","","0","","0","","0.1175","0.1175","0.5","0.4925025573639607","0.4977254014853502","0","0","0","0.009772041150689031"
"shard-50-0.5","shard","Exact hostile/own Power = 0.5; scalar opposition, not a simulated opponent.","0","50 BM / 50 SP / 1 Shard","{""bridgeman"":50,""spearman"":50,""chull"":0,""scout"":0,""heavy"":0,""shardbearer"":1}","{}","[]","normalized","normalized","EXPERIMENTAL / normalized Survival — NOT BALANCED","10000","0","9999","density","equal","0.03","100","0.6931471805599453","","170","85","5","4.9504950495049505","101","75","0.125","0.11910377358490566","12.029481132075471","12.0296","11.91049504950495","12","12","13","0.16948109039063844","0.1175","0.8825000000000001","0.0032201513939565016","0","","false","5.9241","0.118482","5.988","0.11976","0","","0","","0","","0.1175","0.1175","0.5","0.4924602646804549","0.49777216200039903","0","0","0","0.009767573319146105"
"shard-50-0.5","shard","Exact hostile/own Power = 0.5; scalar opposition, not a simulated opponent.","0","50 BM / 50 SP / 1 Shard","{""bridgeman"":50,""spearman"":50,""chull"":0,""scout"":0,""heavy"":0,""shardbearer"":1}","{}","[]","weighted","weighted","EXPERIMENTAL / weighted selection","10000","0","9999","total","weighted","0.03","100","0.6931471805599453","","170","85","5","5","101","75","0.125","0.11904761904761904","12.023809523809524","12.0241","11.905049504950496","12","12","13","0.1533596752735213","0.0028","0.9972","0.0005284089325512959","0","","false","9.4612","0.189224","2.5601","0.051202","0","","0","","0","","0.0028","0.0028","0.5","0.7868530700842474","0.21291406425428927","0","0","0","0.000232865661463228"
"shard-50-0.5","shard","Exact hostile/own Power = 0.5; scalar opposition, not a simulated opponent.","0","50 BM / 50 SP / 1 Shard","{""bridgeman"":50,""spearman"":50,""chull"":0,""scout"":0,""heavy"":0,""shardbearer"":1}","{}","[]","normalized-weighted","normalized-weighted","EXPERIMENTAL / normalized + weighted — NOT BALANCED","10000","0","9999","density","weighted","0.03","100","0.6931471805599453","","170","85","5","4.9504950495049505","101","75","0.125","0.11910377358490566","12.029481132075471","12.0296","11.91049504950495","12","12","13","0.16948109039063844","0.0028","0.9972","0.0005284089325512959","0","","false","9.4654","0.189308","2.5614","0.051227999999999996","0","","0","","0","","0.0028","0.0028","0.5","0.7868424552769835","0.21292478552902838","0","0","0","0.00023275919398816253"
"shard-50-2","shard","Exact hostile/own Power = 2; scalar opposition, not a simulated opponent.","0","50 BM / 50 SP / 1 Shard","{""bridgeman"":50,""spearman"":50,""chull"":0,""scout"":0,""heavy"":0,""shardbearer"":1}","{}","[]","current","current","CURRENT / BASELINE","10000","0","9999","total","equal","0.03","100","0.6931471805599453","","170","340","5","5","101","75","0.5","0.47619047619047616","48.095238095238095","48.0996","47.623366336633666","48","48","49","0.2994659246057894","0.4738","0.5262","0.004993130881521132","0","","false","23.8724","0.477448","23.7534","0.475068","0","","0","","0","","0.4738","0.4738","2","0.49631181964091176","0.49383778659281985","0","0","0","0.009850393766268326"
"shard-50-2","shard","Exact hostile/own Power = 2; scalar opposition, not a simulated opponent.","0","50 BM / 50 SP / 1 Shard","{""bridgeman"":50,""spearman"":50,""chull"":0,""scout"":0,""heavy"":0,""shardbearer"":1}","{}","[]","normalized","normalized","EXPERIMENTAL / normalized Survival — NOT BALANCED","10000","0","9999","density","equal","0.03","100","0.6931471805599453","","170","340","5","4.9504950495049505","101","75","0.5","0.47641509433962265","48.117924528301884","48.1215","47.64504950495049","48","48","49","0.3267074379318654","0.4739","0.5261","0.004993183253196302","0","","false","23.8823","0.477646","23.7653","0.475306","0","","0","","0","","0.4739","0.4739","2","0.4962916783558285","0.493860332699521","0","0","0","0.00984798894465052"
"shard-50-2","shard","Exact hostile/own Power = 2; scalar opposition, not a simulated opponent.","0","50 BM / 50 SP / 1 Shard","{""bridgeman"":50,""spearman"":50,""chull"":0,""scout"":0,""heavy"":0,""shardbearer"":1}","{}","[]","weighted","weighted","EXPERIMENTAL / weighted selection","10000","0","9999","total","weighted","0.03","100","0.6931471805599453","","170","340","5","5","101","75","0.5","0.47619047619047616","48.095238095238095","48.0996","47.623366336633666","48","48","49","0.2994659246057894","0.0184","0.9816","0.00134392856953039","0","","false","35.1159","0.7023180000000001","12.9653","0.259306","0","","0","","0","","0.0184","0.0184","2","0.7300663622982312","0.26955109813803024","0","0","0","0.0003825395637385758"
"shard-50-2","shard","Exact hostile/own Power = 2; scalar opposition, not a simulated opponent.","0","50 BM / 50 SP / 1 Shard","{""bridgeman"":50,""spearman"":50,""chull"":0,""scout"":0,""heavy"":0,""shardbearer"":1}","{}","[]","normalized-weighted","normalized-weighted","EXPERIMENTAL / normalized + weighted — NOT BALANCED","10000","0","9999","density","weighted","0.03","100","0.6931471805599453","","170","340","5","4.9504950495049505","101","75","0.5","0.47641509433962265","48.117924528301884","48.1215","47.64504950495049","48","48","49","0.3267074379318654","0.0184","0.9816","0.00134392856953039","0","","false","35.1296","0.7025920000000001","12.9735","0.25947","0","","0","","0","","0.0184","0.0184","2","0.7300188065625554","0.26959882796670925","0","0","0","0.000382365470735534"
"shard-0-0.5","shard","Exact hostile/own Power = 0.5; scalar opposition, not a simulated opponent.","0","0 BM / 100 SP / 1 Shard","{""bridgeman"":0,""spearman"":100,""chull"":0,""scout"":0,""heavy"":0,""shardbearer"":1}","{}","[]","current","current","CURRENT / BASELINE","10000","0","9999","total","equal","0.03","100","0.6931471805599453","","220","110","105","105","101","50","0.125","0.06097560975609756","6.158536585365853","6.1552","6.094257425742574","6","6","7","0.3620952360912805","0.0599","0.9401","0.0023730147492167005","0","","false","0","","6.0953","0.060953","0","","0","","0","","0.0599","0.0599","0.5","0","0.9902683909539901","0","0","0","0.009731609046009879"
"shard-0-0.5","shard","Exact hostile/own Power = 0.5; scalar opposition, not a simulated opponent.","0","0 BM / 100 SP / 1 Shard","{""bridgeman"":0,""spearman"":100,""chull"":0,""scout"":0,""heavy"":0,""shardbearer"":1}","{}","[]","normalized","normalized","EXPERIMENTAL / normalized Survival — NOT BALANCED","10000","0","9999","density","equal","0.03","100","0.6931471805599453","","220","110","105","103.96039603960396","101","50","0.125","0.06128640776699029","6.189927184466019","6.1864","6.125148514851485","6","6","7","0.3894291206368751","0.0602","0.9398","0.0023785701587298196","0","","false","0","","6.1262","0.061262","0","","0","","0","","0.0602","0.0602","0.5","0","0.9902689771110824","0","0","0","0.009731022888917626"
"shard-0-0.5","shard","Exact hostile/own Power = 0.5; scalar opposition, not a simulated opponent.","0","0 BM / 100 SP / 1 Shard","{""bridgeman"":0,""spearman"":100,""chull"":0,""scout"":0,""heavy"":0,""shardbearer"":1}","{}","[]","weighted","weighted","EXPERIMENTAL / weighted selection","10000","0","9999","total","weighted","0.03","100","0.6931471805599453","","220","110","105","105","101","50","0.125","0.06097560975609756","6.158536585365853","6.1552","6.094257425742574","6","6","7","0.3620952360912805","0.0045","0.9955","0.0006693093455196931","0","","false","0","","6.1507","0.061507","0","","0","","0","","0.0045","0.0045","0.5","0","0.9992689108396152","0","0","0","0.0007310891603847154"
"shard-0-0.5","shard","Exact hostile/own Power = 0.5; scalar opposition, not a simulated opponent.","0","0 BM / 100 SP / 1 Shard","{""bridgeman"":0,""spearman"":100,""chull"":0,""scout"":0,""heavy"":0,""shardbearer"":1}","{}","[]","normalized-weighted","normalized-weighted","EXPERIMENTAL / normalized + weighted — NOT BALANCED","10000","0","9999","density","weighted","0.03","100","0.6931471805599453","","220","110","105","103.96039603960396","101","50","0.125","0.06128640776699029","6.189927184466019","6.1864","6.125148514851485","6","6","7","0.3894291206368751","0.0045","0.9955","0.0006693093455196931","0","","false","0","","6.1819","0.061819","0","","0","","0","","0.0045","0.0045","0.5","0","0.9992725979568085","0","0","0","0.0007274020431915168"
"shard-0-2","shard","Exact hostile/own Power = 2; scalar opposition, not a simulated opponent.","0","0 BM / 100 SP / 1 Shard","{""bridgeman"":0,""spearman"":100,""chull"":0,""scout"":0,""heavy"":0,""shardbearer"":1}","{}","[]","current","current","CURRENT / BASELINE","10000","0","9999","total","equal","0.03","100","0.6931471805599453","","220","440","105","105","101","50","0.5","0.24390243902439024","24.634146341463413","24.6318","24.387920792079207","25","24","25","0.4823160374691987","0.2387","0.7613","0.00426288998215999","0","","false","0","","24.3931","0.243931","0","","0","","0","","0.2387","0.2387","2","0","0.990309275002233","0","0","0","0.009690724997767115"
"shard-0-2","shard","Exact hostile/own Power = 2; scalar opposition, not a simulated opponent.","0","0 BM / 100 SP / 1 Shard","{""bridgeman"":0,""spearman"":100,""chull"":0,""scout"":0,""heavy"":0,""shardbearer"":1}","{}","[]","normalized","normalized","EXPERIMENTAL / normalized Survival — NOT BALANCED","10000","0","9999","density","equal","0.03","100","0.6931471805599453","","220","440","105","103.96039603960396","101","50","0.5","0.24514563106796117","24.759708737864077","24.7601","24.514950495049508","25","24","25","0.42702223595509414","0.2399","0.7601","0.0042702223595499095","0","","false","0","","24.5202","0.245202","0","","0","","0","","0.2399","0.2399","2","0","0.9903110245919846","0","0","0","0.009688975408015315"
"shard-0-2","shard","Exact hostile/own Power = 2; scalar opposition, not a simulated opponent.","0","0 BM / 100 SP / 1 Shard","{""bridgeman"":0,""spearman"":100,""chull"":0,""scout"":0,""heavy"":0,""shardbearer"":1}","{}","[]","weighted","weighted","EXPERIMENTAL / weighted selection","10000","0","9999","total","weighted","0.03","100","0.6931471805599453","","220","440","105","105","101","50","0.5","0.24390243902439024","24.634146341463413","24.6318","24.387920792079207","25","24","25","0.4823160374691987","0.018","0.982","0.0013295111883696203","0","","false","0","","24.6138","0.24613800000000002","0","","0","","0","","0.018","0.018","2","0","0.9992692373273574","0","0","0","0.0007307626726426814"
"shard-0-2","shard","Exact hostile/own Power = 2; scalar opposition, not a simulated opponent.","0","0 BM / 100 SP / 1 Shard","{""bridgeman"":0,""spearman"":100,""chull"":0,""scout"":0,""heavy"":0,""shardbearer"":1}","{}","[]","normalized-weighted","normalized-weighted","EXPERIMENTAL / normalized + weighted — NOT BALANCED","10000","0","9999","density","weighted","0.03","100","0.6931471805599453","","220","440","105","103.96039603960396","101","50","0.5","0.24514563106796117","24.759708737864077","24.7601","24.514950495049508","25","24","25","0.42702223595509414","0.0182","0.9818","0.0013367408125736268","0","","false","0","","24.7419","0.247419","0","","0","","0","","0.0182","0.0182","2","0","0.9992649464259029","0","0","0","0.0007350535740970352"
"chull-0","chull","Exact hostile/own Power = 1; scalar opposition, not a simulated opponent.","0","50 BM / 50 SP / 0 Chulls","{""bridgeman"":50,""spearman"":50,""chull"":0,""scout"":0,""heavy"":0,""shardbearer"":0}","{}","[]","current","current","CURRENT / BASELINE","1000","0","999","total","equal","0.03","100","0.6931471805599453","","75","75","0","0","100","75","0.25","0.25","25","25","25","25","25","25","0","","","","0","","false","12.568","0.25136","12.432","0.24864","0","","0","","0","","0","","1","0.50272","0.49728","0","0","0","0"
"chull-0","chull","Exact hostile/own Power = 1; scalar opposition, not a simulated opponent.","0","50 BM / 50 SP / 0 Chulls","{""bridgeman"":50,""spearman"":50,""chull"":0,""scout"":0,""heavy"":0,""shardbearer"":0}","{}","[]","normalized","normalized","EXPERIMENTAL / normalized Survival — NOT BALANCED","1000","0","999","density","equal","0.03","100","0.6931471805599453","","75","75","0","0","100","75","0.25","0.25","25","25","25","25","25","25","0","","","","0","","false","12.568","0.25136","12.432","0.24864","0","","0","","0","","0","","1","0.50272","0.49728","0","0","0","0"
"chull-0","chull","Exact hostile/own Power = 1; scalar opposition, not a simulated opponent.","0","50 BM / 50 SP / 0 Chulls","{""bridgeman"":50,""spearman"":50,""chull"":0,""scout"":0,""heavy"":0,""shardbearer"":0}","{}","[]","weighted","weighted","EXPERIMENTAL / weighted selection","1000","0","999","total","weighted","0.03","100","0.6931471805599453","","75","75","0","0","100","75","0.25","0.25","25","25","25","25","25","25","0","","","","0","","false","19.246","0.38492","5.754","0.11507999999999999","0","","0","","0","","0","","1","0.76984","0.23015999999999998","0","0","0","0"
"chull-0","chull","Exact hostile/own Power = 1; scalar opposition, not a simulated opponent.","0","50 BM / 50 SP / 0 Chulls","{""bridgeman"":50,""spearman"":50,""chull"":0,""scout"":0,""heavy"":0,""shardbearer"":0}","{}","[]","normalized-weighted","normalized-weighted","EXPERIMENTAL / normalized + weighted — NOT BALANCED","1000","0","999","density","weighted","0.03","100","0.6931471805599453","","75","75","0","0","100","75","0.25","0.25","25","25","25","25","25","25","0","","","","0","","false","19.246","0.38492","5.754","0.11507999999999999","0","","0","","0","","0","","1","0.76984","0.23015999999999998","0","0","0","0"
"chull-1","chull","Exact hostile/own Power = 1; scalar opposition, not a simulated opponent.","0","50 BM / 50 SP / 1 Chulls","{""bridgeman"":50,""spearman"":50,""chull"":1,""scout"":0,""heavy"":0,""shardbearer"":0}","{}","[]","current","current","CURRENT / BASELINE","1000","0","999","total","equal","0.03","100","0.6931471805599453","","75","75","2","2","101","105","0.25","0.24509803921568626","24.754901960784313","24.762","24.516831683168316","25","24","25","0.4258591316386267","","","","0","","false","12.227","0.24454","12.273","0.24545999999999998","0.262","0.262","0","","0","","0","","1","0.4937807931507956","0.4956384783135449","0.010580728535659478","0","0","0"
"chull-1","chull","Exact hostile/own Power = 1; scalar opposition, not a simulated opponent.","0","50 BM / 50 SP / 1 Chulls","{""bridgeman"":50,""spearman"":50,""chull"":1,""scout"":0,""heavy"":0,""shardbearer"":0}","{}","[]","normalized","normalized","EXPERIMENTAL / normalized Survival — NOT BALANCED","1000","0","999","density","equal","0.03","100","0.6931471805599453","","75","75","2","1.9801980198019802","101","105","0.25","0.24514563106796117","24.759708737864077","24.765","24.519801980198018","25","24","25","0.42399882075308315","","","","0","","false","12.228","0.24456","12.275","0.2455","0.262","0.262","0","","0","","0","","1","0.4937613567534827","0.495659196446598","0.010579446799919241","0","0","0"
"chull-1","chull","Exact hostile/own Power = 1; scalar opposition, not a simulated opponent.","0","50 BM / 50 SP / 1 Chulls","{""bridgeman"":50,""spearman"":50,""chull"":1,""scout"":0,""heavy"":0,""shardbearer"":0}","{}","[]","weighted","weighted","EXPERIMENTAL / weighted selection","1000","0","999","total","weighted","0.03","100","0.6931471805599453","","75","75","2","2","101","105","0.25","0.24509803921568626","24.754901960784313","24.762","24.516831683168316","25","24","25","0.4258591316386267","","","","0","","false","19.044","0.38088","5.665","0.1133","0.053","0.053","0","","0","","0","","1","0.7690816573782409","0.2287779662385914","0.002140376383167757","0","0","0"
"chull-1","chull","Exact hostile/own Power = 1; scalar opposition, not a simulated opponent.","0","50 BM / 50 SP / 1 Chulls","{""bridgeman"":50,""spearman"":50,""chull"":1,""scout"":0,""heavy"":0,""shardbearer"":0}","{}","[]","normalized-weighted","normalized-weighted","EXPERIMENTAL / normalized + weighted — NOT BALANCED","1000","0","999","density","weighted","0.03","100","0.6931471805599453","","75","75","2","1.9801980198019802","101","105","0.25","0.24514563106796117","24.759708737864077","24.765","24.519801980198018","25","24","25","0.42399882075308315","","","","0","","false","19.046","0.38092","5.666","0.11332","0.053","0.053","0","","0","","0","","1","0.7690692509590147","0.22879063194023824","0.002140117100747022","0","0","0"
"chull-5","chull","Exact hostile/own Power = 1; scalar opposition, not a simulated opponent.","0","50 BM / 50 SP / 5 Chulls","{""bridgeman"":50,""spearman"":50,""chull"":5,""scout"":0,""heavy"":0,""shardbearer"":0}","{}","[]","current","current","CURRENT / BASELINE","1000","0","999","total","equal","0.03","100","0.6931471805599453","","75","75","10","10","105","225","0.25","0.22727272727272727","23.863636363636363","23.842","22.706666666666663","24","23","24","0.36474100400146914","","","","0","","false","11.402","0.22804","11.303","0.22606","1.137","0.2274","0","","0","","0","","1","0.47823169197215","0.47407935575874516","0.047688952269104946","0","0","0"
"chull-5","chull","Exact hostile/own Power = 1; scalar opposition, not a simulated opponent.","0","50 BM / 50 SP / 5 Chulls","{""bridgeman"":50,""spearman"":50,""chull"":5,""scout"":0,""heavy"":0,""shardbearer"":0}","{}","[]","normalized","normalized","EXPERIMENTAL / normalized Survival — NOT BALANCED","1000","0","999","density","equal","0.03","100","0.6931471805599453","","75","75","10","9.523809523809524","105","225","0.25","0.2282608695652174","23.967391304347828","23.963","22.821904761904765","24","23","24","0.18876175460086464","","","","0","","false","11.452","0.22904","11.367","0.22734000000000001","1.144","0.22879999999999998","0","","0","","0","","1","0.4779034344614614","0.4743562992947461","0.04774026624379251","0","0","0"
"chull-5","chull","Exact hostile/own Power = 1; scalar opposition, not a simulated opponent.","0","50 BM / 50 SP / 5 Chulls","{""bridgeman"":50,""spearman"":50,""chull"":5,""scout"":0,""heavy"":0,""shardbearer"":0}","{}","[]","weighted","weighted","EXPERIMENTAL / weighted selection","1000","0","999","total","weighted","0.03","100","0.6931471805599453","","75","75","10","10","105","225","0.25","0.22727272727272727","23.863636363636363","23.842","22.706666666666663","24","23","24","0.36474100400146914","","","","0","","false","18.187","0.36374","5.399","0.10798","0.256","0.0512","0","","0","","0","","1","0.7628135223555071","0.2264491233956883","0.01073735424880463","0","0","0"
"chull-5","chull","Exact hostile/own Power = 1; scalar opposition, not a simulated opponent.","0","50 BM / 50 SP / 5 Chulls","{""bridgeman"":50,""spearman"":50,""chull"":5,""scout"":0,""heavy"":0,""shardbearer"":0}","{}","[]","normalized-weighted","normalized-weighted","EXPERIMENTAL / normalized + weighted — NOT BALANCED","1000","0","999","density","weighted","0.03","100","0.6931471805599453","","75","75","10","9.523809523809524","105","225","0.25","0.2282608695652174","23.967391304347828","23.963","22.821904761904765","24","23","24","0.18876175460086464","","","","0","","false","18.275","0.3655","5.43","0.10859999999999999","0.258","0.0516","0","","0","","0","","1","0.7626340608438008","0.22659934065016898","0.01076659850603013","0","0","0"
"chull-20","chull","Exact hostile/own Power = 1; scalar opposition, not a simulated opponent.","0","50 BM / 50 SP / 20 Chulls","{""bridgeman"":50,""spearman"":50,""chull"":20,""scout"":0,""heavy"":0,""shardbearer"":0}","{}","[]","current","current","CURRENT / BASELINE","1000","0","999","total","equal","0.03","100","0.6931471805599453","","75","75","40","40","120","675","0.25","0.17857142857142858","21.42857142857143","21.443","17.86916666666667","21","21","22","0.4967403748438401","","","","0","","false","8.844","0.17687999999999998","8.94","0.1788","3.659","0.18295","0","","0","","0","","1","0.412442288858835","0.4169192743552674","0.17063843678589746","0","0","0"
"chull-20","chull","Exact hostile/own Power = 1; scalar opposition, not a simulated opponent.","0","50 BM / 50 SP / 20 Chulls","{""bridgeman"":50,""spearman"":50,""chull"":20,""scout"":0,""heavy"":0,""shardbearer"":0}","{}","[]","normalized","normalized","EXPERIMENTAL / normalized Survival — NOT BALANCED","1000","0","999","density","equal","0.03","100","0.6931471805599453","","75","75","40","33.333333333333336","120","675","0.25","0.1875","22.5","22.514","18.761666666666667","23","22","23","0.49980396156893625","","","","0","","false","9.307","0.18614","9.365","0.1873","3.842","0.1921","0","","0","","0","","1","0.41338722572621484","0.4159634005507684","0.1706493737230168","0","0","0"
"chull-20","chull","Exact hostile/own Power = 1; scalar opposition, not a simulated opponent.","0","50 BM / 50 SP / 20 Chulls","{""bridgeman"":50,""spearman"":50,""chull"":20,""scout"":0,""heavy"":0,""shardbearer"":0}","{}","[]","weighted","weighted","EXPERIMENTAL / weighted selection","1000","0","999","total","weighted","0.03","100","0.6931471805599453","","75","75","40","40","120","675","0.25","0.17857142857142858","21.42857142857143","21.443","17.86916666666667","21","21","22","0.4967403748438401","","","","0","","false","15.907","0.31814","4.645","0.0929","0.891","0.04455","0","","0","","0","","1","0.7418271697057315","0.21662080865550526","0.04155202163876323","0","0","0"
"chull-20","chull","Exact hostile/own Power = 1; scalar opposition, not a simulated opponent.","0","50 BM / 50 SP / 20 Chulls","{""bridgeman"":50,""spearman"":50,""chull"":20,""scout"":0,""heavy"":0,""shardbearer"":0}","{}","[]","normalized-weighted","normalized-weighted","EXPERIMENTAL / normalized + weighted — NOT BALANCED","1000","0","999","density","weighted","0.03","100","0.6931471805599453","","75","75","40","33.333333333333336","120","675","0.25","0.1875","22.5","22.514","18.761666666666667","23","22","23","0.49980396156893625","","","","0","","false","16.66","0.3332","4.901","0.09802","0.953","0.04765","0","","0","","0","","1","0.7399840099493649","0.21768677267478012","0.04232921737585502","0","0","0"
"chull-100","chull","Exact hostile/own Power = 1; scalar opposition, not a simulated opponent.","0","50 BM / 50 SP / 100 Chulls","{""bridgeman"":50,""spearman"":50,""chull"":100,""scout"":0,""heavy"":0,""shardbearer"":0}","{}","[]","current","current","CURRENT / BASELINE","1000","0","999","total","equal","0.03","100","0.6931471805599453","","75","75","200","200","200","3075","0.25","0.08333333333333333","16.666666666666664","16.705","8.3525","17","16","17","0.45604276115295067","","","","0","","false","4.243","0.08486","4.122","0.08244","8.34","0.0834","0","","0","","0","","1","0.253995809637833","0.24675246932056272","0.49925172104160437","0","0","0"
"chull-100","chull","Exact hostile/own Power = 1; scalar opposition, not a simulated opponent.","0","50 BM / 50 SP / 100 Chulls","{""bridgeman"":50,""spearman"":50,""chull"":100,""scout"":0,""heavy"":0,""shardbearer"":0}","{}","[]","normalized","normalized","EXPERIMENTAL / normalized Survival — NOT BALANCED","1000","0","999","density","equal","0.03","100","0.6931471805599453","","75","75","200","100","200","3075","0.25","0.125","25","25","12.5","25","25","25","0","","","","0","","false","6.324","0.12648","6.124","0.12247999999999999","12.552","0.12552","0","","0","","0","","1","0.25296","0.24495999999999998","0.50208","0","0","0"
"chull-100","chull","Exact hostile/own Power = 1; scalar opposition, not a simulated opponent.","0","50 BM / 50 SP / 100 Chulls","{""bridgeman"":50,""spearman"":50,""chull"":100,""scout"":0,""heavy"":0,""shardbearer"":0}","{}","[]","weighted","weighted","EXPERIMENTAL / weighted selection","1000","0","999","total","weighted","0.03","100","0.6931471805599453","","75","75","200","200","200","3075","0.25","0.08333333333333333","16.666666666666664","16.705","8.3525","17","16","17","0.45604276115295067","","","","0","","false","10.821","0.21642","2.859","0.05718","3.025","0.03025","0","","0","","0","","1","0.6477701287039809","0.17114636336426223","0.18108350793175698","0","0","0"
"chull-100","chull","Exact hostile/own Power = 1; scalar opposition, not a simulated opponent.","0","50 BM / 50 SP / 100 Chulls","{""bridgeman"":50,""spearman"":50,""chull"":100,""scout"":0,""heavy"":0,""shardbearer"":0}","{}","[]","normalized-weighted","normalized-weighted","EXPERIMENTAL / normalized + weighted — NOT BALANCED","1000","0","999","density","weighted","0.03","100","0.6931471805599453","","75","75","200","100","200","3075","0.25","0.125","25","25","12.5","25","25","25","0","","","","0","","false","15.848","0.31696","4.468","0.08936","4.684","0.04684","0","","0","","0","","1","0.63392","0.17872","0.18736","0","0","0"
"chull-zero-power-1","chull-zero-power","Fixed hostile Power 10; ratio is undefined when own Power is zero.","0","1 Chulls","{""bridgeman"":0,""spearman"":0,""chull"":1,""scout"":0,""heavy"":0,""shardbearer"":0}","{}","[]","current","current","CURRENT / BASELINE","1000","0","999","total","equal","0.03","100","0.6931471805599453","","0","10","2","2","1","30","0.8","0.7843137254901961","0.7843137254901961","0.793","79.3","1","0","1","0.4051555256935196","","","","0.793","","false","0","","0","","0.793","0.793","0","","0","","0","","","0","0","1","0","0","0"
"chull-zero-power-1","chull-zero-power","Fixed hostile Power 10; ratio is undefined when own Power is zero.","0","1 Chulls","{""bridgeman"":0,""spearman"":0,""chull"":1,""scout"":0,""heavy"":0,""shardbearer"":0}","{}","[]","normalized","normalized","EXPERIMENTAL / normalized Survival — NOT BALANCED","1000","0","999","density","equal","0.03","100","0.6931471805599453","","0","10","2","200","1","30","0.8","0.26666666666666666","0.26666666666666666","0.257","25.7","0","0","1","0.4369794045490022","","","","0.257","","false","0","","0","","0.257","0.257","0","","0","","0","","","0","0","1","0","0","0"
"chull-zero-power-1","chull-zero-power","Fixed hostile Power 10; ratio is undefined when own Power is zero.","0","1 Chulls","{""bridgeman"":0,""spearman"":0,""chull"":1,""scout"":0,""heavy"":0,""shardbearer"":0}","{}","[]","weighted","weighted","EXPERIMENTAL / weighted selection","1000","0","999","total","weighted","0.03","100","0.6931471805599453","","0","10","2","2","1","30","0.8","0.7843137254901961","0.7843137254901961","0.793","79.3","1","0","1","0.4051555256935196","","","","0.793","","false","0","","0","","0.793","0.793","0","","0","","0","","","0","0","1","0","0","0"
"chull-zero-power-1","chull-zero-power","Fixed hostile Power 10; ratio is undefined when own Power is zero.","0","1 Chulls","{""bridgeman"":0,""spearman"":0,""chull"":1,""scout"":0,""heavy"":0,""shardbearer"":0}","{}","[]","normalized-weighted","normalized-weighted","EXPERIMENTAL / normalized + weighted — NOT BALANCED","1000","0","999","density","weighted","0.03","100","0.6931471805599453","","0","10","2","200","1","30","0.8","0.26666666666666666","0.26666666666666666","0.257","25.7","0","0","1","0.4369794045490022","","","","0.257","","false","0","","0","","0.257","0.257","0","","0","","0","","","0","0","1","0","0","0"
"chull-zero-power-10","chull-zero-power","Fixed hostile Power 10; ratio is undefined when own Power is zero.","0","10 Chulls","{""bridgeman"":0,""spearman"":0,""chull"":10,""scout"":0,""heavy"":0,""shardbearer"":0}","{}","[]","current","current","CURRENT / BASELINE","1000","0","999","total","equal","0.03","100","0.6931471805599453","","0","10","20","20","10","300","0.8","0.6666666666666667","6.666666666666668","6.682","66.82000000000001","7","6","7","0.4656994739099453","","","","0","","false","0","","0","","6.682","0.6682","0","","0","","0","","","0","0","1","0","0","0"
"chull-zero-power-10","chull-zero-power","Fixed hostile Power 10; ratio is undefined when own Power is zero.","0","10 Chulls","{""bridgeman"":0,""spearman"":0,""chull"":10,""scout"":0,""heavy"":0,""shardbearer"":0}","{}","[]","normalized","normalized","EXPERIMENTAL / normalized Survival — NOT BALANCED","1000","0","999","density","equal","0.03","100","0.6931471805599453","","0","10","20","200","10","300","0.8","0.26666666666666666","2.6666666666666665","2.682","26.82","3","2","3","0.4656994739099453","","","","0","","false","0","","0","","2.682","0.2682","0","","0","","0","","","0","0","1","0","0","0"
"chull-zero-power-10","chull-zero-power","Fixed hostile Power 10; ratio is undefined when own Power is zero.","0","10 Chulls","{""bridgeman"":0,""spearman"":0,""chull"":10,""scout"":0,""heavy"":0,""shardbearer"":0}","{}","[]","weighted","weighted","EXPERIMENTAL / weighted selection","1000","0","999","total","weighted","0.03","100","0.6931471805599453","","0","10","20","20","10","300","0.8","0.6666666666666667","6.666666666666668","6.682","66.82000000000001","7","6","7","0.4656994739099453","","","","0","","false","0","","0","","6.682","0.6682","0","","0","","0","","","0","0","1","0","0","0"
"chull-zero-power-10","chull-zero-power","Fixed hostile Power 10; ratio is undefined when own Power is zero.","0","10 Chulls","{""bridgeman"":0,""spearman"":0,""chull"":10,""scout"":0,""heavy"":0,""shardbearer"":0}","{}","[]","normalized-weighted","normalized-weighted","EXPERIMENTAL / normalized + weighted — NOT BALANCED","1000","0","999","density","weighted","0.03","100","0.6931471805599453","","0","10","20","200","10","300","0.8","0.26666666666666666","2.6666666666666665","2.682","26.82","3","2","3","0.4656994739099453","","","","0","","false","0","","0","","2.682","0.2682","0","","0","","0","","","0","0","1","0","0","0"
"chull-zero-power-100","chull-zero-power","Fixed hostile Power 10; ratio is undefined when own Power is zero.","0","100 Chulls","{""bridgeman"":0,""spearman"":0,""chull"":100,""scout"":0,""heavy"":0,""shardbearer"":0}","{}","[]","current","current","CURRENT / BASELINE","1000","0","999","total","equal","0.03","100","0.6931471805599453","","0","10","200","200","100","3000","0.8","0.26666666666666666","26.666666666666668","26.685","26.685","27","26","27","0.4645158770160521","","","","0","","false","0","","0","","26.685","0.26685","0","","0","","0","","","0","0","1","0","0","0"
"chull-zero-power-100","chull-zero-power","Fixed hostile Power 10; ratio is undefined when own Power is zero.","0","100 Chulls","{""bridgeman"":0,""spearman"":0,""chull"":100,""scout"":0,""heavy"":0,""shardbearer"":0}","{}","[]","normalized","normalized","EXPERIMENTAL / normalized Survival — NOT BALANCED","1000","0","999","density","equal","0.03","100","0.6931471805599453","","0","10","200","200","100","3000","0.8","0.26666666666666666","26.666666666666668","26.685","26.685","27","26","27","0.4645158770160521","","","","0","","false","0","","0","","26.685","0.26685","0","","0","","0","","","0","0","1","0","0","0"
"chull-zero-power-100","chull-zero-power","Fixed hostile Power 10; ratio is undefined when own Power is zero.","0","100 Chulls","{""bridgeman"":0,""spearman"":0,""chull"":100,""scout"":0,""heavy"":0,""shardbearer"":0}","{}","[]","weighted","weighted","EXPERIMENTAL / weighted selection","1000","0","999","total","weighted","0.03","100","0.6931471805599453","","0","10","200","200","100","3000","0.8","0.26666666666666666","26.666666666666668","26.685","26.685","27","26","27","0.4645158770160521","","","","0","","false","0","","0","","26.685","0.26685","0","","0","","0","","","0","0","1","0","0","0"
"chull-zero-power-100","chull-zero-power","Fixed hostile Power 10; ratio is undefined when own Power is zero.","0","100 Chulls","{""bridgeman"":0,""spearman"":0,""chull"":100,""scout"":0,""heavy"":0,""shardbearer"":0}","{}","[]","normalized-weighted","normalized-weighted","EXPERIMENTAL / normalized + weighted — NOT BALANCED","1000","0","999","density","weighted","0.03","100","0.6931471805599453","","0","10","200","200","100","3000","0.8","0.26666666666666666","26.666666666666668","26.685","26.685","27","26","27","0.4645158770160521","","","","0","","false","0","","0","","26.685","0.26685","0","","0","","0","","","0","0","1","0","0","0"
"surgery-0-10-0","surgery","Exact hostile/own Power = 1; scalar opposition, not a simulated opponent.","0","0 BM / 10 SP","{""bridgeman"":0,""spearman"":10,""chull"":0,""scout"":0,""heavy"":0,""shardbearer"":0}","{""painrialMedicine"":0}","[]","current","current","CURRENT / BASELINE","1000","0","999","total","equal","0.03","100","0.6931471805599453","","10","10","10","10","10","5","0.25","0.22727272727272727","2.2727272727272725","2.273","22.73","2","2","3","0.4455008417500451","","","","0","","false","0","","2.273","0.2273","0","","0","","0","","0","","1","0","1","0","0","0","0"
"surgery-0-10-0","surgery","Exact hostile/own Power = 1; scalar opposition, not a simulated opponent.","0","0 BM / 10 SP","{""bridgeman"":0,""spearman"":10,""chull"":0,""scout"":0,""heavy"":0,""shardbearer"":0}","{""painrialMedicine"":0}","[]","normalized","normalized","EXPERIMENTAL / normalized Survival — NOT BALANCED","1000","0","999","density","equal","0.03","100","0.6931471805599453","","10","10","10","100","10","5","0.25","0.125","1.25","1.255","12.549999999999999","1","1","2","0.43586121644394954","","","","0","","false","0","","1.255","0.1255","0","","0","","0","","0","","1","0","1","0","0","0","0"
"surgery-0-10-0","surgery","Exact hostile/own Power = 1; scalar opposition, not a simulated opponent.","0","0 BM / 10 SP","{""bridgeman"":0,""spearman"":10,""chull"":0,""scout"":0,""heavy"":0,""shardbearer"":0}","{""painrialMedicine"":0}","[]","weighted","weighted","EXPERIMENTAL / weighted selection","1000","0","999","total","weighted","0.03","100","0.6931471805599453","","10","10","10","10","10","5","0.25","0.22727272727272727","2.2727272727272725","2.273","22.73","2","2","3","0.4455008417500451","","","","0","","false","0","","2.273","0.2273","0","","0","","0","","0","","1","0","1","0","0","0","0"
"surgery-0-10-0","surgery","Exact hostile/own Power = 1; scalar opposition, not a simulated opponent.","0","0 BM / 10 SP","{""bridgeman"":0,""spearman"":10,""chull"":0,""scout"":0,""heavy"":0,""shardbearer"":0}","{""painrialMedicine"":0}","[]","normalized-weighted","normalized-weighted","EXPERIMENTAL / normalized + weighted — NOT BALANCED","1000","0","999","density","weighted","0.03","100","0.6931471805599453","","10","10","10","100","10","5","0.25","0.125","1.25","1.255","12.549999999999999","1","1","2","0.43586121644394954","","","","0","","false","0","","1.255","0.1255","0","","0","","0","","0","","1","0","1","0","0","0","0"
"surgery-0-10-1","surgery","Exact hostile/own Power = 1; scalar opposition, not a simulated opponent.","0","0 BM / 10 SP","{""bridgeman"":0,""spearman"":10,""chull"":0,""scout"":0,""heavy"":0,""shardbearer"":0}","{""painrialMedicine"":1}","[]","current","current","CURRENT / BASELINE","1000","0","999","total","equal","0.03","100","0.6931471805599453","","10","10","20","20","10","5","0.25","0.20833333333333334","2.0833333333333335","2.092","20.92","2","2","3","0.2890259503920022","","","","0","","false","0","","2.092","0.2092","0","","0","","0","","0","","1","0","1","0","0","0","0"
"surgery-0-10-1","surgery","Exact hostile/own Power = 1; scalar opposition, not a simulated opponent.","0","0 BM / 10 SP","{""bridgeman"":0,""spearman"":10,""chull"":0,""scout"":0,""heavy"":0,""shardbearer"":0}","{""painrialMedicine"":1}","[]","normalized","normalized","EXPERIMENTAL / normalized Survival — NOT BALANCED","1000","0","999","density","equal","0.03","100","0.6931471805599453","","10","10","20","200","10","5","0.25","0.08333333333333333","0.8333333333333333","0.836","8.36","1","0","1","0.37027557305336106","","","","0","","false","0","","0.836","0.0836","0","","0","","0","","0","","1","0","1","0","0","0","0"
"surgery-0-10-1","surgery","Exact hostile/own Power = 1; scalar opposition, not a simulated opponent.","0","0 BM / 10 SP","{""bridgeman"":0,""spearman"":10,""chull"":0,""scout"":0,""heavy"":0,""shardbearer"":0}","{""painrialMedicine"":1}","[]","weighted","weighted","EXPERIMENTAL / weighted selection","1000","0","999","total","weighted","0.03","100","0.6931471805599453","","10","10","20","20","10","5","0.25","0.20833333333333334","2.0833333333333335","2.092","20.92","2","2","3","0.2890259503920022","","","","0","","false","0","","2.092","0.2092","0","","0","","0","","0","","1","0","1","0","0","0","0"
"surgery-0-10-1","surgery","Exact hostile/own Power = 1; scalar opposition, not a simulated opponent.","0","0 BM / 10 SP","{""bridgeman"":0,""spearman"":10,""chull"":0,""scout"":0,""heavy"":0,""shardbearer"":0}","{""painrialMedicine"":1}","[]","normalized-weighted","normalized-weighted","EXPERIMENTAL / normalized + weighted — NOT BALANCED","1000","0","999","density","weighted","0.03","100","0.6931471805599453","","10","10","20","200","10","5","0.25","0.08333333333333333","0.8333333333333333","0.836","8.36","1","0","1","0.37027557305336106","","","","0","","false","0","","0.836","0.0836","0","","0","","0","","0","","1","0","1","0","0","0","0"
"surgery-0-10-2","surgery","Exact hostile/own Power = 1; scalar opposition, not a simulated opponent.","0","0 BM / 10 SP","{""bridgeman"":0,""spearman"":10,""chull"":0,""scout"":0,""heavy"":0,""shardbearer"":0}","{""painrialMedicine"":2}","[]","current","current","CURRENT / BASELINE","1000","0","999","total","equal","0.03","100","0.6931471805599453","","10","10","20","20","10","5","0.25","0.20833333333333334","2.0833333333333335","2.073","20.729999999999997","2","2","3","0.2601365026289084","","","","0","","false","0","","2.073","0.20729999999999998","0","","0","","0","","0","","1","0","1","0","0","0","0"
"surgery-0-10-2","surgery","Exact hostile/own Power = 1; scalar opposition, not a simulated opponent.","0","0 BM / 10 SP","{""bridgeman"":0,""spearman"":10,""chull"":0,""scout"":0,""heavy"":0,""shardbearer"":0}","{""painrialMedicine"":2}","[]","normalized","normalized","EXPERIMENTAL / normalized Survival — NOT BALANCED","1000","0","999","density","equal","0.03","100","0.6931471805599453","","10","10","20","200","10","5","0.25","0.08333333333333333","0.8333333333333333","0.836","8.36","1","0","1","0.37027557305336106","","","","0","","false","0","","0.836","0.0836","0","","0","","0","","0","","1","0","1","0","0","0","0"
"surgery-0-10-2","surgery","Exact hostile/own Power = 1; scalar opposition, not a simulated opponent.","0","0 BM / 10 SP","{""bridgeman"":0,""spearman"":10,""chull"":0,""scout"":0,""heavy"":0,""shardbearer"":0}","{""painrialMedicine"":2}","[]","weighted","weighted","EXPERIMENTAL / weighted selection","1000","0","999","total","weighted","0.03","100","0.6931471805599453","","10","10","20","20","10","5","0.25","0.20833333333333334","2.0833333333333335","2.073","20.729999999999997","2","2","3","0.2601365026289084","","","","0","","false","0","","2.073","0.20729999999999998","0","","0","","0","","0","","1","0","1","0","0","0","0"
"surgery-0-10-2","surgery","Exact hostile/own Power = 1; scalar opposition, not a simulated opponent.","0","0 BM / 10 SP","{""bridgeman"":0,""spearman"":10,""chull"":0,""scout"":0,""heavy"":0,""shardbearer"":0}","{""painrialMedicine"":2}","[]","normalized-weighted","normalized-weighted","EXPERIMENTAL / normalized + weighted — NOT BALANCED","1000","0","999","density","weighted","0.03","100","0.6931471805599453","","10","10","20","200","10","5","0.25","0.08333333333333333","0.8333333333333333","0.836","8.36","1","0","1","0.37027557305336106","","","","0","","false","0","","0.836","0.0836","0","","0","","0","","0","","1","0","1","0","0","0","0"
"surgery-0-10-3","surgery","Exact hostile/own Power = 1; scalar opposition, not a simulated opponent.","0","0 BM / 10 SP","{""bridgeman"":0,""spearman"":10,""chull"":0,""scout"":0,""heavy"":0,""shardbearer"":0}","{""painrialMedicine"":3}","[]","current","current","CURRENT / BASELINE","1000","0","999","total","equal","0.03","100","0.6931471805599453","","10","10","30","30","10","5","0.25","0.19230769230769232","1.9230769230769231","1.906","19.06","2","1","2","0.29182871688715295","","","","0","","false","0","","1.906","0.1906","0","","0","","0","","0","","1","0","1","0","0","0","0"
"surgery-0-10-3","surgery","Exact hostile/own Power = 1; scalar opposition, not a simulated opponent.","0","0 BM / 10 SP","{""bridgeman"":0,""spearman"":10,""chull"":0,""scout"":0,""heavy"":0,""shardbearer"":0}","{""painrialMedicine"":3}","[]","normalized","normalized","EXPERIMENTAL / normalized Survival — NOT BALANCED","1000","0","999","density","equal","0.03","100","0.6931471805599453","","10","10","30","300","10","5","0.25","0.0625","0.625","0.619","6.1899999999999995","1","0","1","0.4856325771609658","","","","0","","false","0","","0.619","0.0619","0","","0","","0","","0","","1","0","1","0","0","0","0"
"surgery-0-10-3","surgery","Exact hostile/own Power = 1; scalar opposition, not a simulated opponent.","0","0 BM / 10 SP","{""bridgeman"":0,""spearman"":10,""chull"":0,""scout"":0,""heavy"":0,""shardbearer"":0}","{""painrialMedicine"":3}","[]","weighted","weighted","EXPERIMENTAL / weighted selection","1000","0","999","total","weighted","0.03","100","0.6931471805599453","","10","10","30","30","10","5","0.25","0.19230769230769232","1.9230769230769231","1.906","19.06","2","1","2","0.29182871688715295","","","","0","","false","0","","1.906","0.1906","0","","0","","0","","0","","1","0","1","0","0","0","0"
"surgery-0-10-3","surgery","Exact hostile/own Power = 1; scalar opposition, not a simulated opponent.","0","0 BM / 10 SP","{""bridgeman"":0,""spearman"":10,""chull"":0,""scout"":0,""heavy"":0,""shardbearer"":0}","{""painrialMedicine"":3}","[]","normalized-weighted","normalized-weighted","EXPERIMENTAL / normalized + weighted — NOT BALANCED","1000","0","999","density","weighted","0.03","100","0.6931471805599453","","10","10","30","300","10","5","0.25","0.0625","0.625","0.619","6.1899999999999995","1","0","1","0.4856325771609658","","","","0","","false","0","","0.619","0.0619","0","","0","","0","","0","","1","0","1","0","0","0","0"
"surgery-0-100-0","surgery","Exact hostile/own Power = 1; scalar opposition, not a simulated opponent.","0","0 BM / 100 SP","{""bridgeman"":0,""spearman"":100,""chull"":0,""scout"":0,""heavy"":0,""shardbearer"":0}","{""painrialMedicine"":0}","[]","current","current","CURRENT / BASELINE","1000","0","999","total","equal","0.03","100","0.6931471805599453","","100","100","100","100","100","50","0.25","0.125","12.5","12.498","12.498","12","12","13","0.49999599998399835","","","","0","","false","0","","12.498","0.12498","0","","0","","0","","0","","1","0","1","0","0","0","0"
"surgery-0-100-0","surgery","Exact hostile/own Power = 1; scalar opposition, not a simulated opponent.","0","0 BM / 100 SP","{""bridgeman"":0,""spearman"":100,""chull"":0,""scout"":0,""heavy"":0,""shardbearer"":0}","{""painrialMedicine"":0}","[]","normalized","normalized","EXPERIMENTAL / normalized Survival — NOT BALANCED","1000","0","999","density","equal","0.03","100","0.6931471805599453","","100","100","100","100","100","50","0.25","0.125","12.5","12.498","12.498","12","12","13","0.49999599998399835","","","","0","","false","0","","12.498","0.12498","0","","0","","0","","0","","1","0","1","0","0","0","0"
"surgery-0-100-0","surgery","Exact hostile/own Power = 1; scalar opposition, not a simulated opponent.","0","0 BM / 100 SP","{""bridgeman"":0,""spearman"":100,""chull"":0,""scout"":0,""heavy"":0,""shardbearer"":0}","{""painrialMedicine"":0}","[]","weighted","weighted","EXPERIMENTAL / weighted selection","1000","0","999","total","weighted","0.03","100","0.6931471805599453","","100","100","100","100","100","50","0.25","0.125","12.5","12.498","12.498","12","12","13","0.49999599998399835","","","","0","","false","0","","12.498","0.12498","0","","0","","0","","0","","1","0","1","0","0","0","0"
"surgery-0-100-0","surgery","Exact hostile/own Power = 1; scalar opposition, not a simulated opponent.","0","0 BM / 100 SP","{""bridgeman"":0,""spearman"":100,""chull"":0,""scout"":0,""heavy"":0,""shardbearer"":0}","{""painrialMedicine"":0}","[]","normalized-weighted","normalized-weighted","EXPERIMENTAL / normalized + weighted — NOT BALANCED","1000","0","999","density","weighted","0.03","100","0.6931471805599453","","100","100","100","100","100","50","0.25","0.125","12.5","12.498","12.498","12","12","13","0.49999599998399835","","","","0","","false","0","","12.498","0.12498","0","","0","","0","","0","","1","0","1","0","0","0","0"
"surgery-0-100-1","surgery","Exact hostile/own Power = 1; scalar opposition, not a simulated opponent.","0","0 BM / 100 SP","{""bridgeman"":0,""spearman"":100,""chull"":0,""scout"":0,""heavy"":0,""shardbearer"":0}","{""painrialMedicine"":1}","[]","current","current","CURRENT / BASELINE","1000","0","999","total","equal","0.03","100","0.6931471805599453","","100","100","200","200","100","50","0.25","0.08333333333333333","8.333333333333332","8.331","8.331","8","8","9","0.47057305490221396","","","","0","","false","0","","8.331","0.08331","0","","0","","0","","0","","1","0","1","0","0","0","0"
"surgery-0-100-1","surgery","Exact hostile/own Power = 1; scalar opposition, not a simulated opponent.","0","0 BM / 100 SP","{""bridgeman"":0,""spearman"":100,""chull"":0,""scout"":0,""heavy"":0,""shardbearer"":0}","{""painrialMedicine"":1}","[]","normalized","normalized","EXPERIMENTAL / normalized Survival — NOT BALANCED","1000","0","999","density","equal","0.03","100","0.6931471805599453","","100","100","200","200","100","50","0.25","0.08333333333333333","8.333333333333332","8.331","8.331","8","8","9","0.47057305490221396","","","","0","","false","0","","8.331","0.08331","0","","0","","0","","0","","1","0","1","0","0","0","0"
"surgery-0-100-1","surgery","Exact hostile/own Power = 1; scalar opposition, not a simulated opponent.","0","0 BM / 100 SP","{""bridgeman"":0,""spearman"":100,""chull"":0,""scout"":0,""heavy"":0,""shardbearer"":0}","{""painrialMedicine"":1}","[]","weighted","weighted","EXPERIMENTAL / weighted selection","1000","0","999","total","weighted","0.03","100","0.6931471805599453","","100","100","200","200","100","50","0.25","0.08333333333333333","8.333333333333332","8.331","8.331","8","8","9","0.47057305490221396","","","","0","","false","0","","8.331","0.08331","0","","0","","0","","0","","1","0","1","0","0","0","0"
"surgery-0-100-1","surgery","Exact hostile/own Power = 1; scalar opposition, not a simulated opponent.","0","0 BM / 100 SP","{""bridgeman"":0,""spearman"":100,""chull"":0,""scout"":0,""heavy"":0,""shardbearer"":0}","{""painrialMedicine"":1}","[]","normalized-weighted","normalized-weighted","EXPERIMENTAL / normalized + weighted — NOT BALANCED","1000","0","999","density","weighted","0.03","100","0.6931471805599453","","100","100","200","200","100","50","0.25","0.08333333333333333","8.333333333333332","8.331","8.331","8","8","9","0.47057305490221396","","","","0","","false","0","","8.331","0.08331","0","","0","","0","","0","","1","0","1","0","0","0","0"
"surgery-0-100-2","surgery","Exact hostile/own Power = 1; scalar opposition, not a simulated opponent.","0","0 BM / 100 SP","{""bridgeman"":0,""spearman"":100,""chull"":0,""scout"":0,""heavy"":0,""shardbearer"":0}","{""painrialMedicine"":2}","[]","current","current","CURRENT / BASELINE","1000","0","999","total","equal","0.03","100","0.6931471805599453","","100","100","200","200","100","50","0.25","0.08333333333333333","8.333333333333332","8.31","8.31","8","8","9","0.462493243193888","","","","0","","false","0","","8.31","0.08310000000000001","0","","0","","0","","0","","1","0","1","0","0","0","0"
"surgery-0-100-2","surgery","Exact hostile/own Power = 1; scalar opposition, not a simulated opponent.","0","0 BM / 100 SP","{""bridgeman"":0,""spearman"":100,""chull"":0,""scout"":0,""heavy"":0,""shardbearer"":0}","{""painrialMedicine"":2}","[]","normalized","normalized","EXPERIMENTAL / normalized Survival — NOT BALANCED","1000","0","999","density","equal","0.03","100","0.6931471805599453","","100","100","200","200","100","50","0.25","0.08333333333333333","8.333333333333332","8.31","8.31","8","8","9","0.462493243193888","","","","0","","false","0","","8.31","0.08310000000000001","0","","0","","0","","0","","1","0","1","0","0","0","0"
"surgery-0-100-2","surgery","Exact hostile/own Power = 1; scalar opposition, not a simulated opponent.","0","0 BM / 100 SP","{""bridgeman"":0,""spearman"":100,""chull"":0,""scout"":0,""heavy"":0,""shardbearer"":0}","{""painrialMedicine"":2}","[]","weighted","weighted","EXPERIMENTAL / weighted selection","1000","0","999","total","weighted","0.03","100","0.6931471805599453","","100","100","200","200","100","50","0.25","0.08333333333333333","8.333333333333332","8.31","8.31","8","8","9","0.462493243193888","","","","0","","false","0","","8.31","0.08310000000000001","0","","0","","0","","0","","1","0","1","0","0","0","0"
"surgery-0-100-2","surgery","Exact hostile/own Power = 1; scalar opposition, not a simulated opponent.","0","0 BM / 100 SP","{""bridgeman"":0,""spearman"":100,""chull"":0,""scout"":0,""heavy"":0,""shardbearer"":0}","{""painrialMedicine"":2}","[]","normalized-weighted","normalized-weighted","EXPERIMENTAL / normalized + weighted — NOT BALANCED","1000","0","999","density","weighted","0.03","100","0.6931471805599453","","100","100","200","200","100","50","0.25","0.08333333333333333","8.333333333333332","8.31","8.31","8","8","9","0.462493243193888","","","","0","","false","0","","8.31","0.08310000000000001","0","","0","","0","","0","","1","0","1","0","0","0","0"
"surgery-0-100-3","surgery","Exact hostile/own Power = 1; scalar opposition, not a simulated opponent.","0","0 BM / 100 SP","{""bridgeman"":0,""spearman"":100,""chull"":0,""scout"":0,""heavy"":0,""shardbearer"":0}","{""painrialMedicine"":3}","[]","current","current","CURRENT / BASELINE","1000","0","999","total","equal","0.03","100","0.6931471805599453","","100","100","300","300","100","50","0.25","0.0625","6.25","6.273","6.273","6","6","7","0.4455008417500451","","","","0","","false","0","","6.273","0.06273","0","","0","","0","","0","","1","0","1","0","0","0","0"
"surgery-0-100-3","surgery","Exact hostile/own Power = 1; scalar opposition, not a simulated opponent.","0","0 BM / 100 SP","{""bridgeman"":0,""spearman"":100,""chull"":0,""scout"":0,""heavy"":0,""shardbearer"":0}","{""painrialMedicine"":3}","[]","normalized","normalized","EXPERIMENTAL / normalized Survival — NOT BALANCED","1000","0","999","density","equal","0.03","100","0.6931471805599453","","100","100","300","300","100","50","0.25","0.0625","6.25","6.273","6.273","6","6","7","0.4455008417500451","","","","0","","false","0","","6.273","0.06273","0","","0","","0","","0","","1","0","1","0","0","0","0"
"surgery-0-100-3","surgery","Exact hostile/own Power = 1; scalar opposition, not a simulated opponent.","0","0 BM / 100 SP","{""bridgeman"":0,""spearman"":100,""chull"":0,""scout"":0,""heavy"":0,""shardbearer"":0}","{""painrialMedicine"":3}","[]","weighted","weighted","EXPERIMENTAL / weighted selection","1000","0","999","total","weighted","0.03","100","0.6931471805599453","","100","100","300","300","100","50","0.25","0.0625","6.25","6.273","6.273","6","6","7","0.4455008417500451","","","","0","","false","0","","6.273","0.06273","0","","0","","0","","0","","1","0","1","0","0","0","0"
"surgery-0-100-3","surgery","Exact hostile/own Power = 1; scalar opposition, not a simulated opponent.","0","0 BM / 100 SP","{""bridgeman"":0,""spearman"":100,""chull"":0,""scout"":0,""heavy"":0,""shardbearer"":0}","{""painrialMedicine"":3}","[]","normalized-weighted","normalized-weighted","EXPERIMENTAL / normalized + weighted — NOT BALANCED","1000","0","999","density","weighted","0.03","100","0.6931471805599453","","100","100","300","300","100","50","0.25","0.0625","6.25","6.273","6.273","6","6","7","0.4455008417500451","","","","0","","false","0","","6.273","0.06273","0","","0","","0","","0","","1","0","1","0","0","0","0"
"surgery-0-1000-0","surgery","Exact hostile/own Power = 1; scalar opposition, not a simulated opponent.","0","0 BM / 1000 SP","{""bridgeman"":0,""spearman"":1000,""chull"":0,""scout"":0,""heavy"":0,""shardbearer"":0}","{""painrialMedicine"":0}","[]","current","current","CURRENT / BASELINE","1000","0","999","total","equal","0.03","100","0.6931471805599453","","1000","1000","1000","1000","1000","500","0.25","0.022727272727272728","22.727272727272727","22.738","2.2738","23","22","23","0.4397226398538118","","","","0","","false","0","","22.738","0.022738","0","","0","","0","","0","","1","0","1","0","0","0","0"
"surgery-0-1000-0","surgery","Exact hostile/own Power = 1; scalar opposition, not a simulated opponent.","0","0 BM / 1000 SP","{""bridgeman"":0,""spearman"":1000,""chull"":0,""scout"":0,""heavy"":0,""shardbearer"":0}","{""painrialMedicine"":0}","[]","normalized","normalized","EXPERIMENTAL / normalized Survival — NOT BALANCED","1000","0","999","density","equal","0.03","100","0.6931471805599453","","1000","1000","1000","100","1000","500","0.25","0.125","125","125","12.5","125","125","125","0","","","","0","","false","0","","125","0.125","0","","0","","0","","0","","1","0","1","0","0","0","0"
"surgery-0-1000-0","surgery","Exact hostile/own Power = 1; scalar opposition, not a simulated opponent.","0","0 BM / 1000 SP","{""bridgeman"":0,""spearman"":1000,""chull"":0,""scout"":0,""heavy"":0,""shardbearer"":0}","{""painrialMedicine"":0}","[]","weighted","weighted","EXPERIMENTAL / weighted selection","1000","0","999","total","weighted","0.03","100","0.6931471805599453","","1000","1000","1000","1000","1000","500","0.25","0.022727272727272728","22.727272727272727","22.738","2.2738","23","22","23","0.4397226398538118","","","","0","","false","0","","22.738","0.022738","0","","0","","0","","0","","1","0","1","0","0","0","0"
"surgery-0-1000-0","surgery","Exact hostile/own Power = 1; scalar opposition, not a simulated opponent.","0","0 BM / 1000 SP","{""bridgeman"":0,""spearman"":1000,""chull"":0,""scout"":0,""heavy"":0,""shardbearer"":0}","{""painrialMedicine"":0}","[]","normalized-weighted","normalized-weighted","EXPERIMENTAL / normalized + weighted — NOT BALANCED","1000","0","999","density","weighted","0.03","100","0.6931471805599453","","1000","1000","1000","100","1000","500","0.25","0.125","125","125","12.5","125","125","125","0","","","","0","","false","0","","125","0.125","0","","0","","0","","0","","1","0","1","0","0","0","0"
"surgery-0-1000-1","surgery","Exact hostile/own Power = 1; scalar opposition, not a simulated opponent.","0","0 BM / 1000 SP","{""bridgeman"":0,""spearman"":1000,""chull"":0,""scout"":0,""heavy"":0,""shardbearer"":0}","{""painrialMedicine"":1}","[]","current","current","CURRENT / BASELINE","1000","0","999","total","equal","0.03","100","0.6931471805599453","","1000","1000","2000","2000","1000","500","0.25","0.011904761904761904","11.904761904761903","11.906","1.1906","12","11","12","0.29182871688715295","","","","0","","false","0","","11.906","0.011906","0","","0","","0","","0","","1","0","1","0","0","0","0"
"surgery-0-1000-1","surgery","Exact hostile/own Power = 1; scalar opposition, not a simulated opponent.","0","0 BM / 1000 SP","{""bridgeman"":0,""spearman"":1000,""chull"":0,""scout"":0,""heavy"":0,""shardbearer"":0}","{""painrialMedicine"":1}","[]","normalized","normalized","EXPERIMENTAL / normalized Survival — NOT BALANCED","1000","0","999","density","equal","0.03","100","0.6931471805599453","","1000","1000","2000","200","1000","500","0.25","0.08333333333333333","83.33333333333333","83.378","8.3378","83","83","84","0.48488761584515805","","","","0","","false","0","","83.378","0.083378","0","","0","","0","","0","","1","0","1","0","0","0","0"
"surgery-0-1000-1","surgery","Exact hostile/own Power = 1; scalar opposition, not a simulated opponent.","0","0 BM / 1000 SP","{""bridgeman"":0,""spearman"":1000,""chull"":0,""scout"":0,""heavy"":0,""shardbearer"":0}","{""painrialMedicine"":1}","[]","weighted","weighted","EXPERIMENTAL / weighted selection","1000","0","999","total","weighted","0.03","100","0.6931471805599453","","1000","1000","2000","2000","1000","500","0.25","0.011904761904761904","11.904761904761903","11.906","1.1906","12","11","12","0.29182871688715295","","","","0","","false","0","","11.906","0.011906","0","","0","","0","","0","","1","0","1","0","0","0","0"
"surgery-0-1000-1","surgery","Exact hostile/own Power = 1; scalar opposition, not a simulated opponent.","0","0 BM / 1000 SP","{""bridgeman"":0,""spearman"":1000,""chull"":0,""scout"":0,""heavy"":0,""shardbearer"":0}","{""painrialMedicine"":1}","[]","normalized-weighted","normalized-weighted","EXPERIMENTAL / normalized + weighted — NOT BALANCED","1000","0","999","density","weighted","0.03","100","0.6931471805599453","","1000","1000","2000","200","1000","500","0.25","0.08333333333333333","83.33333333333333","83.378","8.3378","83","83","84","0.48488761584515805","","","","0","","false","0","","83.378","0.083378","0","","0","","0","","0","","1","0","1","0","0","0","0"
"surgery-0-1000-2","surgery","Exact hostile/own Power = 1; scalar opposition, not a simulated opponent.","0","0 BM / 1000 SP","{""bridgeman"":0,""spearman"":1000,""chull"":0,""scout"":0,""heavy"":0,""shardbearer"":0}","{""painrialMedicine"":2}","[]","current","current","CURRENT / BASELINE","1000","0","999","total","equal","0.03","100","0.6931471805599453","","1000","1000","2000","2000","1000","500","0.25","0.011904761904761904","11.904761904761903","11.895","1.1895","12","11","12","0.3065534211193914","","","","0","","false","0","","11.895","0.011895","0","","0","","0","","0","","1","0","1","0","0","0","0"
"surgery-0-1000-2","surgery","Exact hostile/own Power = 1; scalar opposition, not a simulated opponent.","0","0 BM / 1000 SP","{""bridgeman"":0,""spearman"":1000,""chull"":0,""scout"":0,""heavy"":0,""shardbearer"":0}","{""painrialMedicine"":2}","[]","normalized","normalized","EXPERIMENTAL / normalized Survival — NOT BALANCED","1000","0","999","density","equal","0.03","100","0.6931471805599453","","1000","1000","2000","200","1000","500","0.25","0.08333333333333333","83.33333333333333","83.322","8.3322","83","83","84","0.4672429774753199","","","","0","","false","0","","83.322","0.08332200000000001","0","","0","","0","","0","","1","0","1","0","0","0","0"
"surgery-0-1000-2","surgery","Exact hostile/own Power = 1; scalar opposition, not a simulated opponent.","0","0 BM / 1000 SP","{""bridgeman"":0,""spearman"":1000,""chull"":0,""scout"":0,""heavy"":0,""shardbearer"":0}","{""painrialMedicine"":2}","[]","weighted","weighted","EXPERIMENTAL / weighted selection","1000","0","999","total","weighted","0.03","100","0.6931471805599453","","1000","1000","2000","2000","1000","500","0.25","0.011904761904761904","11.904761904761903","11.895","1.1895","12","11","12","0.3065534211193914","","","","0","","false","0","","11.895","0.011895","0","","0","","0","","0","","1","0","1","0","0","0","0"
"surgery-0-1000-2","surgery","Exact hostile/own Power = 1; scalar opposition, not a simulated opponent.","0","0 BM / 1000 SP","{""bridgeman"":0,""spearman"":1000,""chull"":0,""scout"":0,""heavy"":0,""shardbearer"":0}","{""painrialMedicine"":2}","[]","normalized-weighted","normalized-weighted","EXPERIMENTAL / normalized + weighted — NOT BALANCED","1000","0","999","density","weighted","0.03","100","0.6931471805599453","","1000","1000","2000","200","1000","500","0.25","0.08333333333333333","83.33333333333333","83.322","8.3322","83","83","84","0.4672429774753199","","","","0","","false","0","","83.322","0.08332200000000001","0","","0","","0","","0","","1","0","1","0","0","0","0"
"surgery-0-1000-3","surgery","Exact hostile/own Power = 1; scalar opposition, not a simulated opponent.","0","0 BM / 1000 SP","{""bridgeman"":0,""spearman"":1000,""chull"":0,""scout"":0,""heavy"":0,""shardbearer"":0}","{""painrialMedicine"":3}","[]","current","current","CURRENT / BASELINE","1000","0","999","total","equal","0.03","100","0.6931471805599453","","1000","1000","3000","3000","1000","500","0.25","0.008064516129032258","8.064516129032258","8.073","0.8073","8","8","9","0.2601365026289085","","","","0","","false","0","","8.073","0.008073","0","","0","","0","","0","","1","0","1","0","0","0","0"
"surgery-0-1000-3","surgery","Exact hostile/own Power = 1; scalar opposition, not a simulated opponent.","0","0 BM / 1000 SP","{""bridgeman"":0,""spearman"":1000,""chull"":0,""scout"":0,""heavy"":0,""shardbearer"":0}","{""painrialMedicine"":3}","[]","normalized","normalized","EXPERIMENTAL / normalized Survival — NOT BALANCED","1000","0","999","density","equal","0.03","100","0.6931471805599453","","1000","1000","3000","300","1000","500","0.25","0.0625","62.5","62.522","6.2522","63","62","63","0.49951576551696764","","","","0","","false","0","","62.522","0.062522","0","","0","","0","","0","","1","0","1","0","0","0","0"
"surgery-0-1000-3","surgery","Exact hostile/own Power = 1; scalar opposition, not a simulated opponent.","0","0 BM / 1000 SP","{""bridgeman"":0,""spearman"":1000,""chull"":0,""scout"":0,""heavy"":0,""shardbearer"":0}","{""painrialMedicine"":3}","[]","weighted","weighted","EXPERIMENTAL / weighted selection","1000","0","999","total","weighted","0.03","100","0.6931471805599453","","1000","1000","3000","3000","1000","500","0.25","0.008064516129032258","8.064516129032258","8.073","0.8073","8","8","9","0.2601365026289085","","","","0","","false","0","","8.073","0.008073","0","","0","","0","","0","","1","0","1","0","0","0","0"
"surgery-0-1000-3","surgery","Exact hostile/own Power = 1; scalar opposition, not a simulated opponent.","0","0 BM / 1000 SP","{""bridgeman"":0,""spearman"":1000,""chull"":0,""scout"":0,""heavy"":0,""shardbearer"":0}","{""painrialMedicine"":3}","[]","normalized-weighted","normalized-weighted","EXPERIMENTAL / normalized + weighted — NOT BALANCED","1000","0","999","density","weighted","0.03","100","0.6931471805599453","","1000","1000","3000","300","1000","500","0.25","0.0625","62.5","62.522","6.2522","63","62","63","0.49951576551696764","","","","0","","false","0","","62.522","0.062522","0","","0","","0","","0","","1","0","1","0","0","0","0"
"surgery-0.5-10-0","surgery","Exact hostile/own Power = 1; scalar opposition, not a simulated opponent.","0","5 BM / 5 SP","{""bridgeman"":5,""spearman"":5,""chull"":0,""scout"":0,""heavy"":0,""shardbearer"":0}","{""painrialMedicine"":0}","[]","current","current","CURRENT / BASELINE","1000","0","999","total","equal","0.03","100","0.6931471805599453","","7.5","7.5","0","0","10","7.5","0.25","0.25","2.5","2.488","24.880000000000003","2","2","3","0.49985597925803","","","","0","","false","1.241","0.24820000000000003","1.247","0.2494","0","","0","","0","","0","","1","0.49879421221864956","0.5012057877813505","0","0","0","0"
"surgery-0.5-10-0","surgery","Exact hostile/own Power = 1; scalar opposition, not a simulated opponent.","0","5 BM / 5 SP","{""bridgeman"":5,""spearman"":5,""chull"":0,""scout"":0,""heavy"":0,""shardbearer"":0}","{""painrialMedicine"":0}","[]","normalized","normalized","EXPERIMENTAL / normalized Survival — NOT BALANCED","1000","0","999","density","equal","0.03","100","0.6931471805599453","","7.5","7.5","0","0","10","7.5","0.25","0.25","2.5","2.488","24.880000000000003","2","2","3","0.49985597925803","","","","0","","false","1.241","0.24820000000000003","1.247","0.2494","0","","0","","0","","0","","1","0.49879421221864956","0.5012057877813505","0","0","0","0"
"surgery-0.5-10-0","surgery","Exact hostile/own Power = 1; scalar opposition, not a simulated opponent.","0","5 BM / 5 SP","{""bridgeman"":5,""spearman"":5,""chull"":0,""scout"":0,""heavy"":0,""shardbearer"":0}","{""painrialMedicine"":0}","[]","weighted","weighted","EXPERIMENTAL / weighted selection","1000","0","999","total","weighted","0.03","100","0.6931471805599453","","7.5","7.5","0","0","10","7.5","0.25","0.25","2.5","2.488","24.880000000000003","2","2","3","0.49985597925803","","","","0","","false","1.928","0.3856","0.56","0.11200000000000002","0","","0","","0","","0","","1","0.77491961414791","0.22508038585209006","0","0","0","0"
"surgery-0.5-10-0","surgery","Exact hostile/own Power = 1; scalar opposition, not a simulated opponent.","0","5 BM / 5 SP","{""bridgeman"":5,""spearman"":5,""chull"":0,""scout"":0,""heavy"":0,""shardbearer"":0}","{""painrialMedicine"":0}","[]","normalized-weighted","normalized-weighted","EXPERIMENTAL / normalized + weighted — NOT BALANCED","1000","0","999","density","weighted","0.03","100","0.6931471805599453","","7.5","7.5","0","0","10","7.5","0.25","0.25","2.5","2.488","24.880000000000003","2","2","3","0.49985597925803","","","","0","","false","1.928","0.3856","0.56","0.11200000000000002","0","","0","","0","","0","","1","0.77491961414791","0.22508038585209006","0","0","0","0"
"surgery-0.5-10-1","surgery","Exact hostile/own Power = 1; scalar opposition, not a simulated opponent.","0","5 BM / 5 SP","{""bridgeman"":5,""spearman"":5,""chull"":0,""scout"":0,""heavy"":0,""shardbearer"":0}","{""painrialMedicine"":1}","[]","current","current","CURRENT / BASELINE","1000","0","999","total","equal","0.03","100","0.6931471805599453","","7.5","7.5","5","5","10","7.5","0.25","0.23809523809523808","2.380952380952381","2.382","23.82","2","2","3","0.48587652752525345","","","","0","","false","1.192","0.2384","1.19","0.238","0","","0","","0","","0","","1","0.5004198152812762","0.49958018471872373","0","0","0","0"
"surgery-0.5-10-1","surgery","Exact hostile/own Power = 1; scalar opposition, not a simulated opponent.","0","5 BM / 5 SP","{""bridgeman"":5,""spearman"":5,""chull"":0,""scout"":0,""heavy"":0,""shardbearer"":0}","{""painrialMedicine"":1}","[]","normalized","normalized","EXPERIMENTAL / normalized Survival — NOT BALANCED","1000","0","999","density","equal","0.03","100","0.6931471805599453","","7.5","7.5","5","50","10","7.5","0.25","0.16666666666666666","1.6666666666666665","1.685","16.85","2","1","2","0.46451587701605235","","","","0","","false","0.854","0.1708","0.831","0.1662","0","","0","","0","","0","","1","0.5068249258160237","0.4931750741839762","0","0","0","0"
"surgery-0.5-10-1","surgery","Exact hostile/own Power = 1; scalar opposition, not a simulated opponent.","0","5 BM / 5 SP","{""bridgeman"":5,""spearman"":5,""chull"":0,""scout"":0,""heavy"":0,""shardbearer"":0}","{""painrialMedicine"":1}","[]","weighted","weighted","EXPERIMENTAL / weighted selection","1000","0","999","total","weighted","0.03","100","0.6931471805599453","","7.5","7.5","5","5","10","7.5","0.25","0.23809523809523808","2.380952380952381","2.382","23.82","2","2","3","0.48587652752525345","","","","0","","false","2.07","0.414","0.312","0.0624","0","","0","","0","","0","","1","0.8690176322418135","0.1309823677581864","0","0","0","0"
"surgery-0.5-10-1","surgery","Exact hostile/own Power = 1; scalar opposition, not a simulated opponent.","0","5 BM / 5 SP","{""bridgeman"":5,""spearman"":5,""chull"":0,""scout"":0,""heavy"":0,""shardbearer"":0}","{""painrialMedicine"":1}","[]","normalized-weighted","normalized-weighted","EXPERIMENTAL / normalized + weighted — NOT BALANCED","1000","0","999","density","weighted","0.03","100","0.6931471805599453","","7.5","7.5","5","50","10","7.5","0.25","0.16666666666666666","1.6666666666666665","1.685","16.85","2","1","2","0.46451587701605235","","","","0","","false","1.482","0.2964","0.203","0.040600000000000004","0","","0","","0","","0","","1","0.8795252225519288","0.12047477744807122","0","0","0","0"
"surgery-0.5-10-2","surgery","Exact hostile/own Power = 1; scalar opposition, not a simulated opponent.","0","5 BM / 5 SP","{""bridgeman"":5,""spearman"":5,""chull"":0,""scout"":0,""heavy"":0,""shardbearer"":0}","{""painrialMedicine"":2}","[]","current","current","CURRENT / BASELINE","1000","0","999","total","equal","0.03","100","0.6931471805599453","","7.5","7.5","5","5","10","7.5","0.25","0.23809523809523808","2.380952380952381","2.386","23.860000000000003","2","2","3","0.48683056600833596","","","","0","","false","1.188","0.23759999999999998","1.198","0.23959999999999998","0","","0","","0","","0","","1","0.49790444258172667","0.5020955574182732","0","0","0","0"
"surgery-0.5-10-2","surgery","Exact hostile/own Power = 1; scalar opposition, not a simulated opponent.","0","5 BM / 5 SP","{""bridgeman"":5,""spearman"":5,""chull"":0,""scout"":0,""heavy"":0,""shardbearer"":0}","{""painrialMedicine"":2}","[]","normalized","normalized","EXPERIMENTAL / normalized Survival — NOT BALANCED","1000","0","999","density","equal","0.03","100","0.6931471805599453","","7.5","7.5","5","50","10","7.5","0.25","0.16666666666666666","1.6666666666666665","1.663","16.630000000000003","2","1","2","0.4726848844632217","","","","0","","false","0.816","0.16319999999999998","0.847","0.1694","0","","0","","0","","0","","1","0.49067949488875523","0.5093205051112447","0","0","0","0"
"surgery-0.5-10-2","surgery","Exact hostile/own Power = 1; scalar opposition, not a simulated opponent.","0","5 BM / 5 SP","{""bridgeman"":5,""spearman"":5,""chull"":0,""scout"":0,""heavy"":0,""shardbearer"":0}","{""painrialMedicine"":2}","[]","weighted","weighted","EXPERIMENTAL / weighted selection","1000","0","999","total","weighted","0.03","100","0.6931471805599453","","7.5","7.5","5","5","10","7.5","0.25","0.23809523809523808","2.380952380952381","2.386","23.860000000000003","2","2","3","0.48683056600833596","","","","0","","false","2.107","0.42140000000000005","0.279","0.0558","0","","0","","0","","0","","1","0.8830678960603521","0.11693210393964795","0","0","0","0"
"surgery-0.5-10-2","surgery","Exact hostile/own Power = 1; scalar opposition, not a simulated opponent.","0","5 BM / 5 SP","{""bridgeman"":5,""spearman"":5,""chull"":0,""scout"":0,""heavy"":0,""shardbearer"":0}","{""painrialMedicine"":2}","[]","normalized-weighted","normalized-weighted","EXPERIMENTAL / normalized + weighted — NOT BALANCED","1000","0","999","density","weighted","0.03","100","0.6931471805599453","","7.5","7.5","5","50","10","7.5","0.25","0.16666666666666666","1.6666666666666665","1.663","16.630000000000003","2","1","2","0.4726848844632217","","","","0","","false","1.465","0.29300000000000004","0.198","0.0396","0","","0","","0","","0","","1","0.8809380637402285","0.1190619362597715","0","0","0","0"
"surgery-0.5-10-3","surgery","Exact hostile/own Power = 1; scalar opposition, not a simulated opponent.","0","5 BM / 5 SP","{""bridgeman"":5,""spearman"":5,""chull"":0,""scout"":0,""heavy"":0,""shardbearer"":0}","{""painrialMedicine"":3}","[]","current","current","CURRENT / BASELINE","1000","0","999","total","equal","0.03","100","0.6931471805599453","","7.5","7.5","10","10","10","7.5","0.25","0.22727272727272727","2.2727272727272725","2.251","22.509999999999998","2","2","3","0.43358851460803344","","","","0","","false","1.143","0.2286","1.108","0.22160000000000002","0","","0","","0","","0","","1","0.507774322523323","0.4922256774766771","0","0","0","0"
"surgery-0.5-10-3","surgery","Exact hostile/own Power = 1; scalar opposition, not a simulated opponent.","0","5 BM / 5 SP","{""bridgeman"":5,""spearman"":5,""chull"":0,""scout"":0,""heavy"":0,""shardbearer"":0}","{""painrialMedicine"":3}","[]","normalized","normalized","EXPERIMENTAL / normalized Survival — NOT BALANCED","1000","0","999","density","equal","0.03","100","0.6931471805599453","","7.5","7.5","10","100","10","7.5","0.25","0.125","1.25","1.231","12.31","1","1","2","0.4214724190264427","","","","0","","false","0.646","0.1292","0.585","0.11699999999999999","0","","0","","0","","0","","1","0.5247766043866775","0.47522339561332244","0","0","0","0"
"surgery-0.5-10-3","surgery","Exact hostile/own Power = 1; scalar opposition, not a simulated opponent.","0","5 BM / 5 SP","{""bridgeman"":5,""spearman"":5,""chull"":0,""scout"":0,""heavy"":0,""shardbearer"":0}","{""painrialMedicine"":3}","[]","weighted","weighted","EXPERIMENTAL / weighted selection","1000","0","999","total","weighted","0.03","100","0.6931471805599453","","7.5","7.5","10","10","10","7.5","0.25","0.22727272727272727","2.2727272727272725","2.251","22.509999999999998","2","2","3","0.43358851460803344","","","","0","","false","2.074","0.41479999999999995","0.177","0.0354","0","","0","","0","","0","","1","0.9213682807641048","0.07863171923589515","0","0","0","0"
"surgery-0.5-10-3","surgery","Exact hostile/own Power = 1; scalar opposition, not a simulated opponent.","0","5 BM / 5 SP","{""bridgeman"":5,""spearman"":5,""chull"":0,""scout"":0,""heavy"":0,""shardbearer"":0}","{""painrialMedicine"":3}","[]","normalized-weighted","normalized-weighted","EXPERIMENTAL / normalized + weighted — NOT BALANCED","1000","0","999","density","weighted","0.03","100","0.6931471805599453","","7.5","7.5","10","100","10","7.5","0.25","0.125","1.25","1.231","12.31","1","1","2","0.4214724190264427","","","","0","","false","1.142","0.2284","0.089","0.0178","0","","0","","0","","0","","1","0.9277010560519902","0.07229894394800974","0","0","0","0"
"surgery-0.5-100-0","surgery","Exact hostile/own Power = 1; scalar opposition, not a simulated opponent.","0","50 BM / 50 SP","{""bridgeman"":50,""spearman"":50,""chull"":0,""scout"":0,""heavy"":0,""shardbearer"":0}","{""painrialMedicine"":0}","[]","current","current","CURRENT / BASELINE","1000","0","999","total","equal","0.03","100","0.6931471805599453","","75","75","0","0","100","75","0.25","0.25","25","25","25","25","25","25","0","","","","0","","false","12.497","0.24994","12.503","0.25006","0","","0","","0","","0","","1","0.49988","0.50012","0","0","0","0"
"surgery-0.5-100-0","surgery","Exact hostile/own Power = 1; scalar opposition, not a simulated opponent.","0","50 BM / 50 SP","{""bridgeman"":50,""spearman"":50,""chull"":0,""scout"":0,""heavy"":0,""shardbearer"":0}","{""painrialMedicine"":0}","[]","normalized","normalized","EXPERIMENTAL / normalized Survival — NOT BALANCED","1000","0","999","density","equal","0.03","100","0.6931471805599453","","75","75","0","0","100","75","0.25","0.25","25","25","25","25","25","25","0","","","","0","","false","12.497","0.24994","12.503","0.25006","0","","0","","0","","0","","1","0.49988","0.50012","0","0","0","0"
"surgery-0.5-100-0","surgery","Exact hostile/own Power = 1; scalar opposition, not a simulated opponent.","0","50 BM / 50 SP","{""bridgeman"":50,""spearman"":50,""chull"":0,""scout"":0,""heavy"":0,""shardbearer"":0}","{""painrialMedicine"":0}","[]","weighted","weighted","EXPERIMENTAL / weighted selection","1000","0","999","total","weighted","0.03","100","0.6931471805599453","","75","75","0","0","100","75","0.25","0.25","25","25","25","25","25","25","0","","","","0","","false","19.354","0.38708","5.646","0.11291999999999999","0","","0","","0","","0","","1","0.77416","0.22583999999999999","0","0","0","0"
"surgery-0.5-100-0","surgery","Exact hostile/own Power = 1; scalar opposition, not a simulated opponent.","0","50 BM / 50 SP","{""bridgeman"":50,""spearman"":50,""chull"":0,""scout"":0,""heavy"":0,""shardbearer"":0}","{""painrialMedicine"":0}","[]","normalized-weighted","normalized-weighted","EXPERIMENTAL / normalized + weighted — NOT BALANCED","1000","0","999","density","weighted","0.03","100","0.6931471805599453","","75","75","0","0","100","75","0.25","0.25","25","25","25","25","25","25","0","","","","0","","false","19.354","0.38708","5.646","0.11291999999999999","0","","0","","0","","0","","1","0.77416","0.22583999999999999","0","0","0","0"
"surgery-0.5-100-1","surgery","Exact hostile/own Power = 1; scalar opposition, not a simulated opponent.","0","50 BM / 50 SP","{""bridgeman"":50,""spearman"":50,""chull"":0,""scout"":0,""heavy"":0,""shardbearer"":0}","{""painrialMedicine"":1}","[]","current","current","CURRENT / BASELINE","1000","0","999","total","equal","0.03","100","0.6931471805599453","","75","75","50","50","100","75","0.25","0.16666666666666666","16.666666666666664","16.683","16.683","17","16","17","0.46530742525776053","","","","0","","false","8.268","0.16536","8.415","0.16829999999999998","0","","0","","0","","0","","1","0.49559431756878264","0.5044056824312173","0","0","0","0"
"surgery-0.5-100-1","surgery","Exact hostile/own Power = 1; scalar opposition, not a simulated opponent.","0","50 BM / 50 SP","{""bridgeman"":50,""spearman"":50,""chull"":0,""scout"":0,""heavy"":0,""shardbearer"":0}","{""painrialMedicine"":1}","[]","normalized","normalized","EXPERIMENTAL / normalized Survival — NOT BALANCED","1000","0","999","density","equal","0.03","100","0.6931471805599453","","75","75","50","50","100","75","0.25","0.16666666666666666","16.666666666666664","16.683","16.683","17","16","17","0.46530742525776053","","","","0","","false","8.268","0.16536","8.415","0.16829999999999998","0","","0","","0","","0","","1","0.49559431756878264","0.5044056824312173","0","0","0","0"
"surgery-0.5-100-1","surgery","Exact hostile/own Power = 1; scalar opposition, not a simulated opponent.","0","50 BM / 50 SP","{""bridgeman"":50,""spearman"":50,""chull"":0,""scout"":0,""heavy"":0,""shardbearer"":0}","{""painrialMedicine"":1}","[]","weighted","weighted","EXPERIMENTAL / weighted selection","1000","0","999","total","weighted","0.03","100","0.6931471805599453","","75","75","50","50","100","75","0.25","0.16666666666666666","16.666666666666664","16.683","16.683","17","16","17","0.46530742525776053","","","","0","","false","14.56","0.2912","2.123","0.042460000000000005","0","","0","","0","","0","","1","0.8727447101840197","0.12725528981598036","0","0","0","0"
"surgery-0.5-100-1","surgery","Exact hostile/own Power = 1; scalar opposition, not a simulated opponent.","0","50 BM / 50 SP","{""bridgeman"":50,""spearman"":50,""chull"":0,""scout"":0,""heavy"":0,""shardbearer"":0}","{""painrialMedicine"":1}","[]","normalized-weighted","normalized-weighted","EXPERIMENTAL / normalized + weighted — NOT BALANCED","1000","0","999","density","weighted","0.03","100","0.6931471805599453","","75","75","50","50","100","75","0.25","0.16666666666666666","16.666666666666664","16.683","16.683","17","16","17","0.46530742525776053","","","","0","","false","14.56","0.2912","2.123","0.042460000000000005","0","","0","","0","","0","","1","0.8727447101840197","0.12725528981598036","0","0","0","0"
"surgery-0.5-100-2","surgery","Exact hostile/own Power = 1; scalar opposition, not a simulated opponent.","0","50 BM / 50 SP","{""bridgeman"":50,""spearman"":50,""chull"":0,""scout"":0,""heavy"":0,""shardbearer"":0}","{""painrialMedicine"":2}","[]","current","current","CURRENT / BASELINE","1000","0","999","total","equal","0.03","100","0.6931471805599453","","75","75","50","50","100","75","0.25","0.16666666666666666","16.666666666666664","16.678","16.678","17","16","17","0.4672429774753082","","","","0","","false","8.354","0.16707999999999998","8.324","0.16648","0","","0","","0","","0","","1","0.5008993884158771","0.4991006115841228","0","0","0","0"
"surgery-0.5-100-2","surgery","Exact hostile/own Power = 1; scalar opposition, not a simulated opponent.","0","50 BM / 50 SP","{""bridgeman"":50,""spearman"":50,""chull"":0,""scout"":0,""heavy"":0,""shardbearer"":0}","{""painrialMedicine"":2}","[]","normalized","normalized","EXPERIMENTAL / normalized Survival — NOT BALANCED","1000","0","999","density","equal","0.03","100","0.6931471805599453","","75","75","50","50","100","75","0.25","0.16666666666666666","16.666666666666664","16.678","16.678","17","16","17","0.4672429774753082","","","","0","","false","8.354","0.16707999999999998","8.324","0.16648","0","","0","","0","","0","","1","0.5008993884158771","0.4991006115841228","0","0","0","0"
"surgery-0.5-100-2","surgery","Exact hostile/own Power = 1; scalar opposition, not a simulated opponent.","0","50 BM / 50 SP","{""bridgeman"":50,""spearman"":50,""chull"":0,""scout"":0,""heavy"":0,""shardbearer"":0}","{""painrialMedicine"":2}","[]","weighted","weighted","EXPERIMENTAL / weighted selection","1000","0","999","total","weighted","0.03","100","0.6931471805599453","","75","75","50","50","100","75","0.25","0.16666666666666666","16.666666666666664","16.678","16.678","17","16","17","0.4672429774753082","","","","0","","false","14.513","0.29026","2.165","0.0433","0","","0","","0","","0","","1","0.8701882719750569","0.12981172802494303","0","0","0","0"
"surgery-0.5-100-2","surgery","Exact hostile/own Power = 1; scalar opposition, not a simulated opponent.","0","50 BM / 50 SP","{""bridgeman"":50,""spearman"":50,""chull"":0,""scout"":0,""heavy"":0,""shardbearer"":0}","{""painrialMedicine"":2}","[]","normalized-weighted","normalized-weighted","EXPERIMENTAL / normalized + weighted — NOT BALANCED","1000","0","999","density","weighted","0.03","100","0.6931471805599453","","75","75","50","50","100","75","0.25","0.16666666666666666","16.666666666666664","16.678","16.678","17","16","17","0.4672429774753082","","","","0","","false","14.513","0.29026","2.165","0.0433","0","","0","","0","","0","","1","0.8701882719750569","0.12981172802494303","0","0","0","0"
"surgery-0.5-100-3","surgery","Exact hostile/own Power = 1; scalar opposition, not a simulated opponent.","0","50 BM / 50 SP","{""bridgeman"":50,""spearman"":50,""chull"":0,""scout"":0,""heavy"":0,""shardbearer"":0}","{""painrialMedicine"":3}","[]","current","current","CURRENT / BASELINE","1000","0","999","total","equal","0.03","100","0.6931471805599453","","75","75","100","100","100","75","0.25","0.125","12.5","12.505","12.505","13","12","13","0.4999749993749692","","","","0","","false","6.161","0.12322","6.344","0.12688","0","","0","","0","","0","","1","0.49268292682926823","0.5073170731707317","0","0","0","0"
"surgery-0.5-100-3","surgery","Exact hostile/own Power = 1; scalar opposition, not a simulated opponent.","0","50 BM / 50 SP","{""bridgeman"":50,""spearman"":50,""chull"":0,""scout"":0,""heavy"":0,""shardbearer"":0}","{""painrialMedicine"":3}","[]","normalized","normalized","EXPERIMENTAL / normalized Survival — NOT BALANCED","1000","0","999","density","equal","0.03","100","0.6931471805599453","","75","75","100","100","100","75","0.25","0.125","12.5","12.505","12.505","13","12","13","0.4999749993749692","","","","0","","false","6.161","0.12322","6.344","0.12688","0","","0","","0","","0","","1","0.49268292682926823","0.5073170731707317","0","0","0","0"
"surgery-0.5-100-3","surgery","Exact hostile/own Power = 1; scalar opposition, not a simulated opponent.","0","50 BM / 50 SP","{""bridgeman"":50,""spearman"":50,""chull"":0,""scout"":0,""heavy"":0,""shardbearer"":0}","{""painrialMedicine"":3}","[]","weighted","weighted","EXPERIMENTAL / weighted selection","1000","0","999","total","weighted","0.03","100","0.6931471805599453","","75","75","100","100","100","75","0.25","0.125","12.5","12.505","12.505","13","12","13","0.4999749993749692","","","","0","","false","11.735","0.2347","0.77","0.0154","0","","0","","0","","0","","1","0.9384246301479408","0.06157536985205917","0","0","0","0"
"surgery-0.5-100-3","surgery","Exact hostile/own Power = 1; scalar opposition, not a simulated opponent.","0","50 BM / 50 SP","{""bridgeman"":50,""spearman"":50,""chull"":0,""scout"":0,""heavy"":0,""shardbearer"":0}","{""painrialMedicine"":3}","[]","normalized-weighted","normalized-weighted","EXPERIMENTAL / normalized + weighted — NOT BALANCED","1000","0","999","density","weighted","0.03","100","0.6931471805599453","","75","75","100","100","100","75","0.25","0.125","12.5","12.505","12.505","13","12","13","0.4999749993749692","","","","0","","false","11.735","0.2347","0.77","0.0154","0","","0","","0","","0","","1","0.9384246301479408","0.06157536985205917","0","0","0","0"
"surgery-0.5-1000-0","surgery","Exact hostile/own Power = 1; scalar opposition, not a simulated opponent.","0","500 BM / 500 SP","{""bridgeman"":500,""spearman"":500,""chull"":0,""scout"":0,""heavy"":0,""shardbearer"":0}","{""painrialMedicine"":0}","[]","current","current","CURRENT / BASELINE","1000","0","999","total","equal","0.03","100","0.6931471805599453","","750","750","0","0","1000","750","0.25","0.25","250","250","25","250","250","250","0","","","","0","","false","124.764","0.249528","125.236","0.25047200000000003","0","","0","","0","","0","","1","0.499056","0.5009440000000001","0","0","0","0"
"surgery-0.5-1000-0","surgery","Exact hostile/own Power = 1; scalar opposition, not a simulated opponent.","0","500 BM / 500 SP","{""bridgeman"":500,""spearman"":500,""chull"":0,""scout"":0,""heavy"":0,""shardbearer"":0}","{""painrialMedicine"":0}","[]","normalized","normalized","EXPERIMENTAL / normalized Survival — NOT BALANCED","1000","0","999","density","equal","0.03","100","0.6931471805599453","","750","750","0","0","1000","750","0.25","0.25","250","250","25","250","250","250","0","","","","0","","false","124.764","0.249528","125.236","0.25047200000000003","0","","0","","0","","0","","1","0.499056","0.5009440000000001","0","0","0","0"
"surgery-0.5-1000-0","surgery","Exact hostile/own Power = 1; scalar opposition, not a simulated opponent.","0","500 BM / 500 SP","{""bridgeman"":500,""spearman"":500,""chull"":0,""scout"":0,""heavy"":0,""shardbearer"":0}","{""painrialMedicine"":0}","[]","weighted","weighted","EXPERIMENTAL / weighted selection","1000","0","999","total","weighted","0.03","100","0.6931471805599453","","750","750","0","0","1000","750","0.25","0.25","250","250","25","250","250","250","0","","","","0","","false","192.845","0.38569","57.155","0.11431000000000001","0","","0","","0","","0","","1","0.77138","0.22862000000000002","0","0","0","0"
"surgery-0.5-1000-0","surgery","Exact hostile/own Power = 1; scalar opposition, not a simulated opponent.","0","500 BM / 500 SP","{""bridgeman"":500,""spearman"":500,""chull"":0,""scout"":0,""heavy"":0,""shardbearer"":0}","{""painrialMedicine"":0}","[]","normalized-weighted","normalized-weighted","EXPERIMENTAL / normalized + weighted — NOT BALANCED","1000","0","999","density","weighted","0.03","100","0.6931471805599453","","750","750","0","0","1000","750","0.25","0.25","250","250","25","250","250","250","0","","","","0","","false","192.845","0.38569","57.155","0.11431000000000001","0","","0","","0","","0","","1","0.77138","0.22862000000000002","0","0","0","0"
"surgery-0.5-1000-1","surgery","Exact hostile/own Power = 1; scalar opposition, not a simulated opponent.","0","500 BM / 500 SP","{""bridgeman"":500,""spearman"":500,""chull"":0,""scout"":0,""heavy"":0,""shardbearer"":0}","{""painrialMedicine"":1}","[]","current","current","CURRENT / BASELINE","1000","0","999","total","equal","0.03","100","0.6931471805599453","","750","750","500","500","1000","750","0.25","0.041666666666666664","41.666666666666664","41.715","4.1715","42","41","42","0.4514144437210598","","","","0","","false","20.81","0.04162","20.905","0.04181","0","","0","","0","","0","","1","0.4988613208677933","0.5011386791322067","0","0","0","0"
"surgery-0.5-1000-1","surgery","Exact hostile/own Power = 1; scalar opposition, not a simulated opponent.","0","500 BM / 500 SP","{""bridgeman"":500,""spearman"":500,""chull"":0,""scout"":0,""heavy"":0,""shardbearer"":0}","{""painrialMedicine"":1}","[]","normalized","normalized","EXPERIMENTAL / normalized Survival — NOT BALANCED","1000","0","999","density","equal","0.03","100","0.6931471805599453","","750","750","500","50","1000","750","0.25","0.16666666666666666","166.66666666666666","166.715","16.6715","167","166","167","0.4514144437210598","","","","0","","false","83.451","0.166902","83.264","0.16652799999999998","0","","0","","0","","0","","1","0.5005608373571664","0.49943916264283356","0","0","0","0"
"surgery-0.5-1000-1","surgery","Exact hostile/own Power = 1; scalar opposition, not a simulated opponent.","0","500 BM / 500 SP","{""bridgeman"":500,""spearman"":500,""chull"":0,""scout"":0,""heavy"":0,""shardbearer"":0}","{""painrialMedicine"":1}","[]","weighted","weighted","EXPERIMENTAL / weighted selection","1000","0","999","total","weighted","0.03","100","0.6931471805599453","","750","750","500","500","1000","750","0.25","0.041666666666666664","41.666666666666664","41.715","4.1715","42","41","42","0.4514144437210598","","","","0","","false","36.793","0.073586","4.922","0.009843999999999999","0","","0","","0","","0","","1","0.882008869711135","0.1179911302888649","0","0","0","0"
"surgery-0.5-1000-1","surgery","Exact hostile/own Power = 1; scalar opposition, not a simulated opponent.","0","500 BM / 500 SP","{""bridgeman"":500,""spearman"":500,""chull"":0,""scout"":0,""heavy"":0,""shardbearer"":0}","{""painrialMedicine"":1}","[]","normalized-weighted","normalized-weighted","EXPERIMENTAL / normalized + weighted — NOT BALANCED","1000","0","999","density","weighted","0.03","100","0.6931471805599453","","750","750","500","50","1000","750","0.25","0.16666666666666666","166.66666666666666","166.715","16.6715","167","166","167","0.4514144437210598","","","","0","","false","145.439","0.29087799999999997","21.276","0.042552","0","","0","","0","","0","","1","0.8723810095072428","0.1276189904927571","0","0","0","0"
"surgery-0.5-1000-2","surgery","Exact hostile/own Power = 1; scalar opposition, not a simulated opponent.","0","500 BM / 500 SP","{""bridgeman"":500,""spearman"":500,""chull"":0,""scout"":0,""heavy"":0,""shardbearer"":0}","{""painrialMedicine"":2}","[]","current","current","CURRENT / BASELINE","1000","0","999","total","equal","0.03","100","0.6931471805599453","","750","750","500","500","1000","750","0.25","0.041666666666666664","41.666666666666664","41.663","4.1663","42","41","42","0.4726848844632192","","","","0","","false","20.828","0.041656","20.835","0.04167","0","","0","","0","","0","","1","0.4999159926073495","0.5000840073926506","0","0","0","0"
"surgery-0.5-1000-2","surgery","Exact hostile/own Power = 1; scalar opposition, not a simulated opponent.","0","500 BM / 500 SP","{""bridgeman"":500,""spearman"":500,""chull"":0,""scout"":0,""heavy"":0,""shardbearer"":0}","{""painrialMedicine"":2}","[]","normalized","normalized","EXPERIMENTAL / normalized Survival — NOT BALANCED","1000","0","999","density","equal","0.03","100","0.6931471805599453","","750","750","500","50","1000","750","0.25","0.16666666666666666","166.66666666666666","166.663","16.666300000000003","167","166","167","0.47268488446320617","","","","0","","false","83.469","0.16693799999999998","83.194","0.166388","0","","0","","0","","0","","1","0.5008250181503993","0.4991749818496007","0","0","0","0"
"surgery-0.5-1000-2","surgery","Exact hostile/own Power = 1; scalar opposition, not a simulated opponent.","0","500 BM / 500 SP","{""bridgeman"":500,""spearman"":500,""chull"":0,""scout"":0,""heavy"":0,""shardbearer"":0}","{""painrialMedicine"":2}","[]","weighted","weighted","EXPERIMENTAL / weighted selection","1000","0","999","total","weighted","0.03","100","0.6931471805599453","","750","750","500","500","1000","750","0.25","0.041666666666666664","41.666666666666664","41.663","4.1663","42","41","42","0.4726848844632192","","","","0","","false","36.897","0.073794","4.766","0.009532","0","","0","","0","","0","","1","0.8856059333221323","0.11439406667786767","0","0","0","0"
"surgery-0.5-1000-2","surgery","Exact hostile/own Power = 1; scalar opposition, not a simulated opponent.","0","500 BM / 500 SP","{""bridgeman"":500,""spearman"":500,""chull"":0,""scout"":0,""heavy"":0,""shardbearer"":0}","{""painrialMedicine"":2}","[]","normalized-weighted","normalized-weighted","EXPERIMENTAL / normalized + weighted — NOT BALANCED","1000","0","999","density","weighted","0.03","100","0.6931471805599453","","750","750","500","50","1000","750","0.25","0.16666666666666666","166.66666666666666","166.663","16.666300000000003","167","166","167","0.47268488446320617","","","","0","","false","145.747","0.29149400000000003","20.916","0.041832","0","","0","","0","","0","","1","0.8745012390272586","0.1254987609727414","0","0","0","0"
"surgery-0.5-1000-3","surgery","Exact hostile/own Power = 1; scalar opposition, not a simulated opponent.","0","500 BM / 500 SP","{""bridgeman"":500,""spearman"":500,""chull"":0,""scout"":0,""heavy"":0,""shardbearer"":0}","{""painrialMedicine"":3}","[]","current","current","CURRENT / BASELINE","1000","0","999","total","equal","0.03","100","0.6931471805599453","","750","750","1000","1000","1000","750","0.25","0.022727272727272728","22.727272727272727","22.722","2.2722","23","22","23","0.4480133926569556","","","","0","","false","11.312","0.022624","11.41","0.02282","0","","0","","0","","0","","1","0.4978434996919285","0.5021565003080715","0","0","0","0"
"surgery-0.5-1000-3","surgery","Exact hostile/own Power = 1; scalar opposition, not a simulated opponent.","0","500 BM / 500 SP","{""bridgeman"":500,""spearman"":500,""chull"":0,""scout"":0,""heavy"":0,""shardbearer"":0}","{""painrialMedicine"":3}","[]","normalized","normalized","EXPERIMENTAL / normalized Survival — NOT BALANCED","1000","0","999","density","equal","0.03","100","0.6931471805599453","","750","750","1000","100","1000","750","0.25","0.125","125","125","12.5","125","125","125","0","","","","0","","false","62.637","0.125274","62.363","0.124726","0","","0","","0","","0","","1","0.501096","0.498904","0","0","0","0"
"surgery-0.5-1000-3","surgery","Exact hostile/own Power = 1; scalar opposition, not a simulated opponent.","0","500 BM / 500 SP","{""bridgeman"":500,""spearman"":500,""chull"":0,""scout"":0,""heavy"":0,""shardbearer"":0}","{""painrialMedicine"":3}","[]","weighted","weighted","EXPERIMENTAL / weighted selection","1000","0","999","total","weighted","0.03","100","0.6931471805599453","","750","750","1000","1000","1000","750","0.25","0.022727272727272728","22.727272727272727","22.722","2.2722","23","22","23","0.4480133926569556","","","","0","","false","21.325","0.04265","1.397","0.002794","0","","0","","0","","0","","1","0.9385177361147785","0.06148226388522137","0","0","0","0"
"surgery-0.5-1000-3","surgery","Exact hostile/own Power = 1; scalar opposition, not a simulated opponent.","0","500 BM / 500 SP","{""bridgeman"":500,""spearman"":500,""chull"":0,""scout"":0,""heavy"":0,""shardbearer"":0}","{""painrialMedicine"":3}","[]","normalized-weighted","normalized-weighted","EXPERIMENTAL / normalized + weighted — NOT BALANCED","1000","0","999","density","weighted","0.03","100","0.6931471805599453","","750","750","1000","100","1000","750","0.25","0.125","125","125","12.5","125","125","125","0","","","","0","","false","116.739","0.23347800000000002","8.261","0.016522","0","","0","","0","","0","","1","0.9339120000000001","0.066088","0","0","0","0"
"surgery-0.25-20-0","surgery","Exact hostile/own Power = 1; scalar opposition, not a simulated opponent.","0","5 BM / 15 SP","{""bridgeman"":5,""spearman"":15,""chull"":0,""scout"":0,""heavy"":0,""shardbearer"":0}","{""painrialMedicine"":0}","[]","current","current","CURRENT / BASELINE","1000","0","999","total","equal","0.03","100","0.6931471805599453","","17.5","17.5","10","10","20","12.5","0.25","0.22727272727272727","4.545454545454545","4.546","22.73","5","4","5","0.4978795034945736","","","","0","","false","1.149","0.2298","3.397","0.22646666666666665","0","","0","","0","","0","","1","0.25274967003959525","0.7472503299604046","0","0","0","0"
"surgery-0.25-20-0","surgery","Exact hostile/own Power = 1; scalar opposition, not a simulated opponent.","0","5 BM / 15 SP","{""bridgeman"":5,""spearman"":15,""chull"":0,""scout"":0,""heavy"":0,""shardbearer"":0}","{""painrialMedicine"":0}","[]","normalized","normalized","EXPERIMENTAL / normalized Survival — NOT BALANCED","1000","0","999","density","equal","0.03","100","0.6931471805599453","","17.5","17.5","10","50","20","12.5","0.25","0.16666666666666666","3.333333333333333","3.317","16.585","3","3","4","0.465307425257753","","","","0","","false","0.812","0.16240000000000002","2.505","0.16699999999999998","0","","0","","0","","0","","1","0.24479951763641847","0.7552004823635815","0","0","0","0"
"surgery-0.25-20-0","surgery","Exact hostile/own Power = 1; scalar opposition, not a simulated opponent.","0","5 BM / 15 SP","{""bridgeman"":5,""spearman"":15,""chull"":0,""scout"":0,""heavy"":0,""shardbearer"":0}","{""painrialMedicine"":0}","[]","weighted","weighted","EXPERIMENTAL / weighted selection","1000","0","999","total","weighted","0.03","100","0.6931471805599453","","17.5","17.5","10","10","20","12.5","0.25","0.22727272727272727","4.545454545454545","4.546","22.73","5","4","5","0.4978795034945736","","","","0","","false","2.372","0.4744","2.174","0.14493333333333333","0","","0","","0","","0","","1","0.5217773867135943","0.4782226132864056","0","0","0","0"
"surgery-0.25-20-0","surgery","Exact hostile/own Power = 1; scalar opposition, not a simulated opponent.","0","5 BM / 15 SP","{""bridgeman"":5,""spearman"":15,""chull"":0,""scout"":0,""heavy"":0,""shardbearer"":0}","{""painrialMedicine"":0}","[]","normalized-weighted","normalized-weighted","EXPERIMENTAL / normalized + weighted — NOT BALANCED","1000","0","999","density","weighted","0.03","100","0.6931471805599453","","17.5","17.5","10","50","20","12.5","0.25","0.16666666666666666","3.333333333333333","3.317","16.585","3","3","4","0.465307425257753","","","","0","","false","1.765","0.353","1.552","0.10346666666666667","0","","0","","0","","0","","1","0.5321073258968947","0.4678926741031052","0","0","0","0"
"surgery-0.25-20-1","surgery","Exact hostile/own Power = 1; scalar opposition, not a simulated opponent.","0","5 BM / 15 SP","{""bridgeman"":5,""spearman"":15,""chull"":0,""scout"":0,""heavy"":0,""shardbearer"":0}","{""painrialMedicine"":1}","[]","current","current","CURRENT / BASELINE","1000","0","999","total","equal","0.03","100","0.6931471805599453","","17.5","17.5","25","25","20","12.5","0.25","0.2","4","4","20","4","4","4","0","","","","0","","false","1.009","0.20179999999999998","2.991","0.1994","0","","0","","0","","0","","1","0.25225","0.74775","0","0","0","0"
"surgery-0.25-20-1","surgery","Exact hostile/own Power = 1; scalar opposition, not a simulated opponent.","0","5 BM / 15 SP","{""bridgeman"":5,""spearman"":15,""chull"":0,""scout"":0,""heavy"":0,""shardbearer"":0}","{""painrialMedicine"":1}","[]","normalized","normalized","EXPERIMENTAL / normalized Survival — NOT BALANCED","1000","0","999","density","equal","0.03","100","0.6931471805599453","","17.5","17.5","25","125","20","12.5","0.25","0.1111111111111111","2.2222222222222223","2.21","11.05","2","2","3","0.40730823708832586","","","","0","","false","0.534","0.1068","1.676","0.11173333333333332","0","","0","","0","","0","","1","0.24162895927601813","0.7583710407239819","0","0","0","0"
"surgery-0.25-20-1","surgery","Exact hostile/own Power = 1; scalar opposition, not a simulated opponent.","0","5 BM / 15 SP","{""bridgeman"":5,""spearman"":15,""chull"":0,""scout"":0,""heavy"":0,""shardbearer"":0}","{""painrialMedicine"":1}","[]","weighted","weighted","EXPERIMENTAL / weighted selection","1000","0","999","total","weighted","0.03","100","0.6931471805599453","","17.5","17.5","25","25","20","12.5","0.25","0.2","4","4","20","4","4","4","0","","","","0","","false","2.754","0.5508","1.246","0.08306666666666666","0","","0","","0","","0","","1","0.6885","0.3115","0","0","0","0"
"surgery-0.25-20-1","surgery","Exact hostile/own Power = 1; scalar opposition, not a simulated opponent.","0","5 BM / 15 SP","{""bridgeman"":5,""spearman"":15,""chull"":0,""scout"":0,""heavy"":0,""shardbearer"":0}","{""painrialMedicine"":1}","[]","normalized-weighted","normalized-weighted","EXPERIMENTAL / normalized + weighted — NOT BALANCED","1000","0","999","density","weighted","0.03","100","0.6931471805599453","","17.5","17.5","25","125","20","12.5","0.25","0.1111111111111111","2.2222222222222223","2.21","11.05","2","2","3","0.40730823708832586","","","","0","","false","1.584","0.3168","0.626","0.04173333333333333","0","","0","","0","","0","","1","0.7167420814479638","0.2832579185520362","0","0","0","0"
"surgery-0.25-20-2","surgery","Exact hostile/own Power = 1; scalar opposition, not a simulated opponent.","0","5 BM / 15 SP","{""bridgeman"":5,""spearman"":15,""chull"":0,""scout"":0,""heavy"":0,""shardbearer"":0}","{""painrialMedicine"":2}","[]","current","current","CURRENT / BASELINE","1000","0","999","total","equal","0.03","100","0.6931471805599453","","17.5","17.5","25","25","20","12.5","0.25","0.2","4","4","20","4","4","4","0","","","","0","","false","0.967","0.1934","3.033","0.2022","0","","0","","0","","0","","1","0.24175","0.75825","0","0","0","0"
"surgery-0.25-20-2","surgery","Exact hostile/own Power = 1; scalar opposition, not a simulated opponent.","0","5 BM / 15 SP","{""bridgeman"":5,""spearman"":15,""chull"":0,""scout"":0,""heavy"":0,""shardbearer"":0}","{""painrialMedicine"":2}","[]","normalized","normalized","EXPERIMENTAL / normalized Survival — NOT BALANCED","1000","0","999","density","equal","0.03","100","0.6931471805599453","","17.5","17.5","25","125","20","12.5","0.25","0.1111111111111111","2.2222222222222223","2.235","11.175","2","2","3","0.4239988207530773","","","","0","","false","0.534","0.1068","1.701","0.1134","0","","0","","0","","0","","1","0.23892617449664433","0.7610738255033558","0","0","0","0"
"surgery-0.25-20-2","surgery","Exact hostile/own Power = 1; scalar opposition, not a simulated opponent.","0","5 BM / 15 SP","{""bridgeman"":5,""spearman"":15,""chull"":0,""scout"":0,""heavy"":0,""shardbearer"":0}","{""painrialMedicine"":2}","[]","weighted","weighted","EXPERIMENTAL / weighted selection","1000","0","999","total","weighted","0.03","100","0.6931471805599453","","17.5","17.5","25","25","20","12.5","0.25","0.2","4","4","20","4","4","4","0","","","","0","","false","2.681","0.5362","1.319","0.08793333333333334","0","","0","","0","","0","","1","0.67025","0.32975","0","0","0","0"
"surgery-0.25-20-2","surgery","Exact hostile/own Power = 1; scalar opposition, not a simulated opponent.","0","5 BM / 15 SP","{""bridgeman"":5,""spearman"":15,""chull"":0,""scout"":0,""heavy"":0,""shardbearer"":0}","{""painrialMedicine"":2}","[]","normalized-weighted","normalized-weighted","EXPERIMENTAL / normalized + weighted — NOT BALANCED","1000","0","999","density","weighted","0.03","100","0.6931471805599453","","17.5","17.5","25","125","20","12.5","0.25","0.1111111111111111","2.2222222222222223","2.235","11.175","2","2","3","0.4239988207530773","","","","0","","false","1.581","0.3162","0.654","0.0436","0","","0","","0","","0","","1","0.7073825503355705","0.29261744966442954","0","0","0","0"
"surgery-0.25-20-3","surgery","Exact hostile/own Power = 1; scalar opposition, not a simulated opponent.","0","5 BM / 15 SP","{""bridgeman"":5,""spearman"":15,""chull"":0,""scout"":0,""heavy"":0,""shardbearer"":0}","{""painrialMedicine"":3}","[]","current","current","CURRENT / BASELINE","1000","0","999","total","equal","0.03","100","0.6931471805599453","","17.5","17.5","40","40","20","12.5","0.25","0.17857142857142858","3.5714285714285716","3.583","17.915","4","3","4","0.4930628763149801","","","","0","","false","0.91","0.182","2.673","0.1782","0","","0","","0","","0","","1","0.2539771141501535","0.7460228858498464","0","0","0","0"
"surgery-0.25-20-3","surgery","Exact hostile/own Power = 1; scalar opposition, not a simulated opponent.","0","5 BM / 15 SP","{""bridgeman"":5,""spearman"":15,""chull"":0,""scout"":0,""heavy"":0,""shardbearer"":0}","{""painrialMedicine"":3}","[]","normalized","normalized","EXPERIMENTAL / normalized Survival — NOT BALANCED","1000","0","999","density","equal","0.03","100","0.6931471805599453","","17.5","17.5","40","200","20","12.5","0.25","0.08333333333333333","1.6666666666666665","1.672","8.36","2","1","2","0.4694848240358799","","","","0","","false","0.401","0.08020000000000001","1.271","0.08473333333333333","0","","0","","0","","0","","1","0.23983253588516748","0.7601674641148325","0","0","0","0"
"surgery-0.25-20-3","surgery","Exact hostile/own Power = 1; scalar opposition, not a simulated opponent.","0","5 BM / 15 SP","{""bridgeman"":5,""spearman"":15,""chull"":0,""scout"":0,""heavy"":0,""shardbearer"":0}","{""painrialMedicine"":3}","[]","weighted","weighted","EXPERIMENTAL / weighted selection","1000","0","999","total","weighted","0.03","100","0.6931471805599453","","17.5","17.5","40","40","20","12.5","0.25","0.17857142857142858","3.5714285714285716","3.583","17.915","4","3","4","0.4930628763149801","","","","0","","false","2.855","0.571","0.728","0.04853333333333333","0","","0","","0","","0","","1","0.7968183086798771","0.2031816913201228","0","0","0","0"
"surgery-0.25-20-3","surgery","Exact hostile/own Power = 1; scalar opposition, not a simulated opponent.","0","5 BM / 15 SP","{""bridgeman"":5,""spearman"":15,""chull"":0,""scout"":0,""heavy"":0,""shardbearer"":0}","{""painrialMedicine"":3}","[]","normalized-weighted","normalized-weighted","EXPERIMENTAL / normalized + weighted — NOT BALANCED","1000","0","999","density","weighted","0.03","100","0.6931471805599453","","17.5","17.5","40","200","20","12.5","0.25","0.08333333333333333","1.6666666666666665","1.672","8.36","2","1","2","0.4694848240358799","","","","0","","false","1.398","0.27959999999999996","0.274","0.018266666666666667","0","","0","","0","","0","","1","0.8361244019138756","0.16387559808612442","0","0","0","0"
"surgery-0.25-100-0","surgery","Exact hostile/own Power = 1; scalar opposition, not a simulated opponent.","0","25 BM / 75 SP","{""bridgeman"":25,""spearman"":75,""chull"":0,""scout"":0,""heavy"":0,""shardbearer"":0}","{""painrialMedicine"":0}","[]","current","current","CURRENT / BASELINE","1000","0","999","total","equal","0.03","100","0.6931471805599453","","87.5","87.5","50","50","100","62.5","0.25","0.16666666666666666","16.666666666666664","16.63","16.63","17","16","17","0.4828043081829304","","","","0","","false","4.225","0.16899999999999998","12.405","0.1654","0","","0","","0","","0","","1","0.2540589296452195","0.7459410703547805","0","0","0","0"
"surgery-0.25-100-0","surgery","Exact hostile/own Power = 1; scalar opposition, not a simulated opponent.","0","25 BM / 75 SP","{""bridgeman"":25,""spearman"":75,""chull"":0,""scout"":0,""heavy"":0,""shardbearer"":0}","{""painrialMedicine"":0}","[]","normalized","normalized","EXPERIMENTAL / normalized Survival — NOT BALANCED","1000","0","999","density","equal","0.03","100","0.6931471805599453","","87.5","87.5","50","50","100","62.5","0.25","0.16666666666666666","16.666666666666664","16.63","16.63","17","16","17","0.4828043081829304","","","","0","","false","4.225","0.16899999999999998","12.405","0.1654","0","","0","","0","","0","","1","0.2540589296452195","0.7459410703547805","0","0","0","0"
"surgery-0.25-100-0","surgery","Exact hostile/own Power = 1; scalar opposition, not a simulated opponent.","0","25 BM / 75 SP","{""bridgeman"":25,""spearman"":75,""chull"":0,""scout"":0,""heavy"":0,""shardbearer"":0}","{""painrialMedicine"":0}","[]","weighted","weighted","EXPERIMENTAL / weighted selection","1000","0","999","total","weighted","0.03","100","0.6931471805599453","","87.5","87.5","50","50","100","62.5","0.25","0.16666666666666666","16.666666666666664","16.63","16.63","17","16","17","0.4828043081829304","","","","0","","false","8.94","0.3576","7.69","0.10253333333333334","0","","0","","0","","0","","1","0.5375826819001804","0.4624173180998197","0","0","0","0"
"surgery-0.25-100-0","surgery","Exact hostile/own Power = 1; scalar opposition, not a simulated opponent.","0","25 BM / 75 SP","{""bridgeman"":25,""spearman"":75,""chull"":0,""scout"":0,""heavy"":0,""shardbearer"":0}","{""painrialMedicine"":0}","[]","normalized-weighted","normalized-weighted","EXPERIMENTAL / normalized + weighted — NOT BALANCED","1000","0","999","density","weighted","0.03","100","0.6931471805599453","","87.5","87.5","50","50","100","62.5","0.25","0.16666666666666666","16.666666666666664","16.63","16.63","17","16","17","0.4828043081829304","","","","0","","false","8.94","0.3576","7.69","0.10253333333333334","0","","0","","0","","0","","1","0.5375826819001804","0.4624173180998197","0","0","0","0"
"surgery-0.25-100-1","surgery","Exact hostile/own Power = 1; scalar opposition, not a simulated opponent.","0","25 BM / 75 SP","{""bridgeman"":25,""spearman"":75,""chull"":0,""scout"":0,""heavy"":0,""shardbearer"":0}","{""painrialMedicine"":1}","[]","current","current","CURRENT / BASELINE","1000","0","999","total","equal","0.03","100","0.6931471805599453","","87.5","87.5","125","125","100","62.5","0.25","0.1111111111111111","11.11111111111111","11.11","11.11","11","11","12","0.31288975694324067","","","","0","","false","2.752","0.11008","8.358","0.11144000000000001","0","","0","","0","","0","","1","0.2477047704770477","0.7522952295229524","0","0","0","0"
"surgery-0.25-100-1","surgery","Exact hostile/own Power = 1; scalar opposition, not a simulated opponent.","0","25 BM / 75 SP","{""bridgeman"":25,""spearman"":75,""chull"":0,""scout"":0,""heavy"":0,""shardbearer"":0}","{""painrialMedicine"":1}","[]","normalized","normalized","EXPERIMENTAL / normalized Survival — NOT BALANCED","1000","0","999","density","equal","0.03","100","0.6931471805599453","","87.5","87.5","125","125","100","62.5","0.25","0.1111111111111111","11.11111111111111","11.11","11.11","11","11","12","0.31288975694324067","","","","0","","false","2.752","0.11008","8.358","0.11144000000000001","0","","0","","0","","0","","1","0.2477047704770477","0.7522952295229524","0","0","0","0"
"surgery-0.25-100-1","surgery","Exact hostile/own Power = 1; scalar opposition, not a simulated opponent.","0","25 BM / 75 SP","{""bridgeman"":25,""spearman"":75,""chull"":0,""scout"":0,""heavy"":0,""shardbearer"":0}","{""painrialMedicine"":1}","[]","weighted","weighted","EXPERIMENTAL / weighted selection","1000","0","999","total","weighted","0.03","100","0.6931471805599453","","87.5","87.5","125","125","100","62.5","0.25","0.1111111111111111","11.11111111111111","11.11","11.11","11","11","12","0.31288975694324067","","","","0","","false","7.786","0.31144","3.324","0.04432","0","","0","","0","","0","","1","0.7008100810081008","0.2991899189918992","0","0","0","0"
"surgery-0.25-100-1","surgery","Exact hostile/own Power = 1; scalar opposition, not a simulated opponent.","0","25 BM / 75 SP","{""bridgeman"":25,""spearman"":75,""chull"":0,""scout"":0,""heavy"":0,""shardbearer"":0}","{""painrialMedicine"":1}","[]","normalized-weighted","normalized-weighted","EXPERIMENTAL / normalized + weighted — NOT BALANCED","1000","0","999","density","weighted","0.03","100","0.6931471805599453","","87.5","87.5","125","125","100","62.5","0.25","0.1111111111111111","11.11111111111111","11.11","11.11","11","11","12","0.31288975694324067","","","","0","","false","7.786","0.31144","3.324","0.04432","0","","0","","0","","0","","1","0.7008100810081008","0.2991899189918992","0","0","0","0"
"surgery-0.25-100-2","surgery","Exact hostile/own Power = 1; scalar opposition, not a simulated opponent.","0","25 BM / 75 SP","{""bridgeman"":25,""spearman"":75,""chull"":0,""scout"":0,""heavy"":0,""shardbearer"":0}","{""painrialMedicine"":2}","[]","current","current","CURRENT / BASELINE","1000","0","999","total","equal","0.03","100","0.6931471805599453","","87.5","87.5","125","125","100","62.5","0.25","0.1111111111111111","11.11111111111111","11.115","11.115","11","11","12","0.3190219428189859","","","","0","","false","2.858","0.11432","8.257","0.11009333333333333","0","","0","","0","","0","","1","0.25713000449842555","0.7428699955015744","0","0","0","0"
"surgery-0.25-100-2","surgery","Exact hostile/own Power = 1; scalar opposition, not a simulated opponent.","0","25 BM / 75 SP","{""bridgeman"":25,""spearman"":75,""chull"":0,""scout"":0,""heavy"":0,""shardbearer"":0}","{""painrialMedicine"":2}","[]","normalized","normalized","EXPERIMENTAL / normalized Survival — NOT BALANCED","1000","0","999","density","equal","0.03","100","0.6931471805599453","","87.5","87.5","125","125","100","62.5","0.25","0.1111111111111111","11.11111111111111","11.115","11.115","11","11","12","0.3190219428189859","","","","0","","false","2.858","0.11432","8.257","0.11009333333333333","0","","0","","0","","0","","1","0.25713000449842555","0.7428699955015744","0","0","0","0"
"surgery-0.25-100-2","surgery","Exact hostile/own Power = 1; scalar opposition, not a simulated opponent.","0","25 BM / 75 SP","{""bridgeman"":25,""spearman"":75,""chull"":0,""scout"":0,""heavy"":0,""shardbearer"":0}","{""painrialMedicine"":2}","[]","weighted","weighted","EXPERIMENTAL / weighted selection","1000","0","999","total","weighted","0.03","100","0.6931471805599453","","87.5","87.5","125","125","100","62.5","0.25","0.1111111111111111","11.11111111111111","11.115","11.115","11","11","12","0.3190219428189859","","","","0","","false","7.768","0.31072","3.347","0.04462666666666667","0","","0","","0","","0","","1","0.6988753936122357","0.3011246063877643","0","0","0","0"
"surgery-0.25-100-2","surgery","Exact hostile/own Power = 1; scalar opposition, not a simulated opponent.","0","25 BM / 75 SP","{""bridgeman"":25,""spearman"":75,""chull"":0,""scout"":0,""heavy"":0,""shardbearer"":0}","{""painrialMedicine"":2}","[]","normalized-weighted","normalized-weighted","EXPERIMENTAL / normalized + weighted — NOT BALANCED","1000","0","999","density","weighted","0.03","100","0.6931471805599453","","87.5","87.5","125","125","100","62.5","0.25","0.1111111111111111","11.11111111111111","11.115","11.115","11","11","12","0.3190219428189859","","","","0","","false","7.768","0.31072","3.347","0.04462666666666667","0","","0","","0","","0","","1","0.6988753936122357","0.3011246063877643","0","0","0","0"
"surgery-0.25-100-3","surgery","Exact hostile/own Power = 1; scalar opposition, not a simulated opponent.","0","25 BM / 75 SP","{""bridgeman"":25,""spearman"":75,""chull"":0,""scout"":0,""heavy"":0,""shardbearer"":0}","{""painrialMedicine"":3}","[]","current","current","CURRENT / BASELINE","1000","0","999","total","equal","0.03","100","0.6931471805599453","","87.5","87.5","200","200","100","62.5","0.25","0.08333333333333333","8.333333333333332","8.327","8.327","8","8","9","0.46911725613113187","","","","0","","false","2.101","0.08404","6.226","0.08301333333333333","0","","0","","0","","0","","1","0.2523117569352708","0.7476882430647291","0","0","0","0"
"surgery-0.25-100-3","surgery","Exact hostile/own Power = 1; scalar opposition, not a simulated opponent.","0","25 BM / 75 SP","{""bridgeman"":25,""spearman"":75,""chull"":0,""scout"":0,""heavy"":0,""shardbearer"":0}","{""painrialMedicine"":3}","[]","normalized","normalized","EXPERIMENTAL / normalized Survival — NOT BALANCED","1000","0","999","density","equal","0.03","100","0.6931471805599453","","87.5","87.5","200","200","100","62.5","0.25","0.08333333333333333","8.333333333333332","8.327","8.327","8","8","9","0.46911725613113187","","","","0","","false","2.101","0.08404","6.226","0.08301333333333333","0","","0","","0","","0","","1","0.2523117569352708","0.7476882430647291","0","0","0","0"
"surgery-0.25-100-3","surgery","Exact hostile/own Power = 1; scalar opposition, not a simulated opponent.","0","25 BM / 75 SP","{""bridgeman"":25,""spearman"":75,""chull"":0,""scout"":0,""heavy"":0,""shardbearer"":0}","{""painrialMedicine"":3}","[]","weighted","weighted","EXPERIMENTAL / weighted selection","1000","0","999","total","weighted","0.03","100","0.6931471805599453","","87.5","87.5","200","200","100","62.5","0.25","0.08333333333333333","8.333333333333332","8.327","8.327","8","8","9","0.46911725613113187","","","","0","","false","6.865","0.2746","1.462","0.01949333333333333","0","","0","","0","","0","","1","0.8244265641887835","0.1755734358112165","0","0","0","0"
"surgery-0.25-100-3","surgery","Exact hostile/own Power = 1; scalar opposition, not a simulated opponent.","0","25 BM / 75 SP","{""bridgeman"":25,""spearman"":75,""chull"":0,""scout"":0,""heavy"":0,""shardbearer"":0}","{""painrialMedicine"":3}","[]","normalized-weighted","normalized-weighted","EXPERIMENTAL / normalized + weighted — NOT BALANCED","1000","0","999","density","weighted","0.03","100","0.6931471805599453","","87.5","87.5","200","200","100","62.5","0.25","0.08333333333333333","8.333333333333332","8.327","8.327","8","8","9","0.46911725613113187","","","","0","","false","6.865","0.2746","1.462","0.01949333333333333","0","","0","","0","","0","","1","0.8244265641887835","0.1755734358112165","0","0","0","0"
"surgery-0.25-1000-0","surgery","Exact hostile/own Power = 1; scalar opposition, not a simulated opponent.","0","250 BM / 750 SP","{""bridgeman"":250,""spearman"":750,""chull"":0,""scout"":0,""heavy"":0,""shardbearer"":0}","{""painrialMedicine"":0}","[]","current","current","CURRENT / BASELINE","1000","0","999","total","equal","0.03","100","0.6931471805599453","","875","875","500","500","1000","625","0.25","0.041666666666666664","41.666666666666664","41.664","4.1664","42","41","42","0.4723388614120208","","","","0","","false","10.505","0.04202","31.159","0.04154533333333333","0","","0","","0","","0","","1","0.25213613671274965","0.7478638632872503","0","0","0","0"
"surgery-0.25-1000-0","surgery","Exact hostile/own Power = 1; scalar opposition, not a simulated opponent.","0","250 BM / 750 SP","{""bridgeman"":250,""spearman"":750,""chull"":0,""scout"":0,""heavy"":0,""shardbearer"":0}","{""painrialMedicine"":0}","[]","normalized","normalized","EXPERIMENTAL / normalized Survival — NOT BALANCED","1000","0","999","density","equal","0.03","100","0.6931471805599453","","875","875","500","50","1000","625","0.25","0.16666666666666666","166.66666666666666","166.664","16.6664","167","166","167","0.4723388614120142","","","","0","","false","41.54","0.16616","125.124","0.16683199999999998","0","","0","","0","","0","","1","0.24924398790380647","0.7507560120961936","0","0","0","0"
"surgery-0.25-1000-0","surgery","Exact hostile/own Power = 1; scalar opposition, not a simulated opponent.","0","250 BM / 750 SP","{""bridgeman"":250,""spearman"":750,""chull"":0,""scout"":0,""heavy"":0,""shardbearer"":0}","{""painrialMedicine"":0}","[]","weighted","weighted","EXPERIMENTAL / weighted selection","1000","0","999","total","weighted","0.03","100","0.6931471805599453","","875","875","500","500","1000","625","0.25","0.041666666666666664","41.666666666666664","41.664","4.1664","42","41","42","0.4723388614120208","","","","0","","false","23.59","0.09436","18.074","0.024098666666666668","0","","0","","0","","0","","1","0.5661962365591398","0.43380376344086025","0","0","0","0"
"surgery-0.25-1000-0","surgery","Exact hostile/own Power = 1; scalar opposition, not a simulated opponent.","0","250 BM / 750 SP","{""bridgeman"":250,""spearman"":750,""chull"":0,""scout"":0,""heavy"":0,""shardbearer"":0}","{""painrialMedicine"":0}","[]","normalized-weighted","normalized-weighted","EXPERIMENTAL / normalized + weighted — NOT BALANCED","1000","0","999","density","weighted","0.03","100","0.6931471805599453","","875","875","500","50","1000","625","0.25","0.16666666666666666","166.66666666666666","166.664","16.6664","167","166","167","0.4723388614120142","","","","0","","false","88.975","0.3559","77.689","0.10358533333333332","0","","0","","0","","0","","1","0.5338585417366678","0.4661414582633322","0","0","0","0"
"surgery-0.25-1000-1","surgery","Exact hostile/own Power = 1; scalar opposition, not a simulated opponent.","0","250 BM / 750 SP","{""bridgeman"":250,""spearman"":750,""chull"":0,""scout"":0,""heavy"":0,""shardbearer"":0}","{""painrialMedicine"":1}","[]","current","current","CURRENT / BASELINE","1000","0","999","total","equal","0.03","100","0.6931471805599453","","875","875","1250","1250","1000","625","0.25","0.018518518518518517","18.51851851851852","18.515","1.8515","19","18","19","0.4997749493521989","","","","0","","false","4.668","0.018672","13.847","0.018462666666666665","0","","0","","0","","0","","1","0.2521199027815285","0.7478800972184715","0","0","0","0"
"surgery-0.25-1000-1","surgery","Exact hostile/own Power = 1; scalar opposition, not a simulated opponent.","0","250 BM / 750 SP","{""bridgeman"":250,""spearman"":750,""chull"":0,""scout"":0,""heavy"":0,""shardbearer"":0}","{""painrialMedicine"":1}","[]","normalized","normalized","EXPERIMENTAL / normalized Survival — NOT BALANCED","1000","0","999","density","equal","0.03","100","0.6931471805599453","","875","875","1250","125","1000","625","0.25","0.1111111111111111","111.1111111111111","111.107","11.110700000000001","111","111","112","0.30911324785586275","","","","0","","false","27.783","0.11113200000000001","83.324","0.11109866666666667","0","","0","","0","","0","","1","0.25005625208132704","0.749943747918673","0","0","0","0"
"surgery-0.25-1000-1","surgery","Exact hostile/own Power = 1; scalar opposition, not a simulated opponent.","0","250 BM / 750 SP","{""bridgeman"":250,""spearman"":750,""chull"":0,""scout"":0,""heavy"":0,""shardbearer"":0}","{""painrialMedicine"":1}","[]","weighted","weighted","EXPERIMENTAL / weighted selection","1000","0","999","total","weighted","0.03","100","0.6931471805599453","","875","875","1250","1250","1000","625","0.25","0.018518518518518517","18.51851851851852","18.515","1.8515","19","18","19","0.4997749493521989","","","","0","","false","13.3","0.053200000000000004","5.215","0.006953333333333333","0","","0","","0","","0","","1","0.718336483931947","0.2816635160680529","0","0","0","0"
"surgery-0.25-1000-1","surgery","Exact hostile/own Power = 1; scalar opposition, not a simulated opponent.","0","250 BM / 750 SP","{""bridgeman"":250,""spearman"":750,""chull"":0,""scout"":0,""heavy"":0,""shardbearer"":0}","{""painrialMedicine"":1}","[]","normalized-weighted","normalized-weighted","EXPERIMENTAL / normalized + weighted — NOT BALANCED","1000","0","999","density","weighted","0.03","100","0.6931471805599453","","875","875","1250","125","1000","625","0.25","0.1111111111111111","111.1111111111111","111.107","11.110700000000001","111","111","112","0.30911324785586275","","","","0","","false","77.271","0.309084","33.836","0.045114666666666664","0","","0","","0","","0","","1","0.6954647321950912","0.30453526780490875","0","0","0","0"
"surgery-0.25-1000-2","surgery","Exact hostile/own Power = 1; scalar opposition, not a simulated opponent.","0","250 BM / 750 SP","{""bridgeman"":250,""spearman"":750,""chull"":0,""scout"":0,""heavy"":0,""shardbearer"":0}","{""painrialMedicine"":2}","[]","current","current","CURRENT / BASELINE","1000","0","999","total","equal","0.03","100","0.6931471805599453","","875","875","1250","1250","1000","625","0.25","0.018518518518518517","18.51851851851852","18.52","1.852","19","18","19","0.4995998398718724","","","","0","","false","4.601","0.018404","13.919","0.018558666666666668","0","","0","","0","","0","","1","0.2484341252699784","0.7515658747300217","0","0","0","0"
"surgery-0.25-1000-2","surgery","Exact hostile/own Power = 1; scalar opposition, not a simulated opponent.","0","250 BM / 750 SP","{""bridgeman"":250,""spearman"":750,""chull"":0,""scout"":0,""heavy"":0,""shardbearer"":0}","{""painrialMedicine"":2}","[]","normalized","normalized","EXPERIMENTAL / normalized Survival — NOT BALANCED","1000","0","999","density","equal","0.03","100","0.6931471805599453","","875","875","1250","125","1000","625","0.25","0.1111111111111111","111.1111111111111","111.108","11.110800000000001","111","111","112","0.31038041175306136","","","","0","","false","27.659","0.110636","83.449","0.11126533333333333","0","","0","","0","","0","","1","0.24893797026316736","0.7510620297368326","0","0","0","0"
"surgery-0.25-1000-2","surgery","Exact hostile/own Power = 1; scalar opposition, not a simulated opponent.","0","250 BM / 750 SP","{""bridgeman"":250,""spearman"":750,""chull"":0,""scout"":0,""heavy"":0,""shardbearer"":0}","{""painrialMedicine"":2}","[]","weighted","weighted","EXPERIMENTAL / weighted selection","1000","0","999","total","weighted","0.03","100","0.6931471805599453","","875","875","1250","1250","1000","625","0.25","0.018518518518518517","18.51851851851852","18.52","1.852","19","18","19","0.4995998398718724","","","","0","","false","13.445","0.05378","5.075","0.0067666666666666665","0","","0","","0","","0","","1","0.7259719222462203","0.2740280777537797","0","0","0","0"
"surgery-0.25-1000-2","surgery","Exact hostile/own Power = 1; scalar opposition, not a simulated opponent.","0","250 BM / 750 SP","{""bridgeman"":250,""spearman"":750,""chull"":0,""scout"":0,""heavy"":0,""shardbearer"":0}","{""painrialMedicine"":2}","[]","normalized-weighted","normalized-weighted","EXPERIMENTAL / normalized + weighted — NOT BALANCED","1000","0","999","density","weighted","0.03","100","0.6931471805599453","","875","875","1250","125","1000","625","0.25","0.1111111111111111","111.1111111111111","111.108","11.110800000000001","111","111","112","0.31038041175306136","","","","0","","false","77.57","0.31028","33.538","0.04471733333333333","0","","0","","0","","0","","1","0.6981495481873492","0.3018504518126507","0","0","0","0"
"surgery-0.25-1000-3","surgery","Exact hostile/own Power = 1; scalar opposition, not a simulated opponent.","0","250 BM / 750 SP","{""bridgeman"":250,""spearman"":750,""chull"":0,""scout"":0,""heavy"":0,""shardbearer"":0}","{""painrialMedicine"":3}","[]","current","current","CURRENT / BASELINE","1000","0","999","total","equal","0.03","100","0.6931471805599453","","875","875","2000","2000","1000","625","0.25","0.011904761904761904","11.904761904761903","11.905","1.1905","12","11","12","0.2932149382279054","","","","0","","false","2.883","0.011532","9.022","0.012029333333333333","0","","0","","0","","0","","1","0.2421671566568669","0.7578328433431332","0","0","0","0"
"surgery-0.25-1000-3","surgery","Exact hostile/own Power = 1; scalar opposition, not a simulated opponent.","0","250 BM / 750 SP","{""bridgeman"":250,""spearman"":750,""chull"":0,""scout"":0,""heavy"":0,""shardbearer"":0}","{""painrialMedicine"":3}","[]","normalized","normalized","EXPERIMENTAL / normalized Survival — NOT BALANCED","1000","0","999","density","equal","0.03","100","0.6931471805599453","","875","875","2000","200","1000","625","0.25","0.08333333333333333","83.33333333333333","83.348","8.3348","83","83","84","0.4763360158543571","","","","0","","false","20.728","0.082912","62.62","0.08349333333333334","0","","0","","0","","0","","1","0.24869223016749054","0.7513077698325095","0","0","0","0"
"surgery-0.25-1000-3","surgery","Exact hostile/own Power = 1; scalar opposition, not a simulated opponent.","0","250 BM / 750 SP","{""bridgeman"":250,""spearman"":750,""chull"":0,""scout"":0,""heavy"":0,""shardbearer"":0}","{""painrialMedicine"":3}","[]","weighted","weighted","EXPERIMENTAL / weighted selection","1000","0","999","total","weighted","0.03","100","0.6931471805599453","","875","875","2000","2000","1000","625","0.25","0.011904761904761904","11.904761904761903","11.905","1.1905","12","11","12","0.2932149382279054","","","","0","","false","10.029","0.040116","1.876","0.0025013333333333333","0","","0","","0","","0","","1","0.8424191516169677","0.15758084838303235","0","0","0","0"
"surgery-0.25-1000-3","surgery","Exact hostile/own Power = 1; scalar opposition, not a simulated opponent.","0","250 BM / 750 SP","{""bridgeman"":250,""spearman"":750,""chull"":0,""scout"":0,""heavy"":0,""shardbearer"":0}","{""painrialMedicine"":3}","[]","normalized-weighted","normalized-weighted","EXPERIMENTAL / normalized + weighted — NOT BALANCED","1000","0","999","density","weighted","0.03","100","0.6931471805599453","","875","875","2000","200","1000","625","0.25","0.08333333333333333","83.33333333333333","83.348","8.3348","83","83","84","0.4763360158543571","","","","0","","false","68.478","0.273912","14.87","0.019826666666666666","0","","0","","0","","0","","1","0.8215913999136152","0.1784086000863848","0","0","0","0"
"marginal-sp","marginal","Exact hostile/own Power = 1; scalar opposition, not a simulated opponent.","0","sp","{""bridgeman"":0,""spearman"":100,""chull"":0,""scout"":0,""heavy"":0,""shardbearer"":0}","{}","[]","current","current","CURRENT / BASELINE","1000","0","999","total","equal","0.03","100","0.6931471805599453","","100","100","100","100","100","50","0.25","0.125","12.5","12.479","12.479","12","12","13","0.49955880534728136","","","","0","","false","0","","12.479","0.12479","0","","0","","0","","0","","1","0","1","0","0","0","0"
"marginal-sp","marginal","Exact hostile/own Power = 1; scalar opposition, not a simulated opponent.","0","sp","{""bridgeman"":0,""spearman"":100,""chull"":0,""scout"":0,""heavy"":0,""shardbearer"":0}","{}","[]","normalized","normalized","EXPERIMENTAL / normalized Survival — NOT BALANCED","1000","0","999","density","equal","0.03","100","0.6931471805599453","","100","100","100","100","100","50","0.25","0.125","12.5","12.479","12.479","12","12","13","0.49955880534728136","","","","0","","false","0","","12.479","0.12479","0","","0","","0","","0","","1","0","1","0","0","0","0"
"marginal-sp","marginal","Exact hostile/own Power = 1; scalar opposition, not a simulated opponent.","0","sp","{""bridgeman"":0,""spearman"":100,""chull"":0,""scout"":0,""heavy"":0,""shardbearer"":0}","{}","[]","weighted","weighted","EXPERIMENTAL / weighted selection","1000","0","999","total","weighted","0.03","100","0.6931471805599453","","100","100","100","100","100","50","0.25","0.125","12.5","12.479","12.479","12","12","13","0.49955880534728136","","","","0","","false","0","","12.479","0.12479","0","","0","","0","","0","","1","0","1","0","0","0","0"
"marginal-sp","marginal","Exact hostile/own Power = 1; scalar opposition, not a simulated opponent.","0","sp","{""bridgeman"":0,""spearman"":100,""chull"":0,""scout"":0,""heavy"":0,""shardbearer"":0}","{}","[]","normalized-weighted","normalized-weighted","EXPERIMENTAL / normalized + weighted — NOT BALANCED","1000","0","999","density","weighted","0.03","100","0.6931471805599453","","100","100","100","100","100","50","0.25","0.125","12.5","12.479","12.479","12","12","13","0.49955880534728136","","","","0","","false","0","","12.479","0.12479","0","","0","","0","","0","","1","0","1","0","0","0","0"
"fixed-sp","marginal-fixed","Fixed hostile Power 100; ratio is undefined when own Power is zero.","0","sp","{""bridgeman"":0,""spearman"":100,""chull"":0,""scout"":0,""heavy"":0,""shardbearer"":0}","{}","[]","current","current","CURRENT / BASELINE","1000","0","999","total","equal","0.03","100","0.6931471805599453","","100","100","100","100","100","50","0.25","0.125","12.5","12.509","12.509","13","12","13","0.49991899343794016","","","","0","","false","0","","12.509","0.12509","0","","0","","0","","0","","1","0","1","0","0","0","0"
"fixed-sp","marginal-fixed","Fixed hostile Power 100; ratio is undefined when own Power is zero.","0","sp","{""bridgeman"":0,""spearman"":100,""chull"":0,""scout"":0,""heavy"":0,""shardbearer"":0}","{}","[]","normalized","normalized","EXPERIMENTAL / normalized Survival — NOT BALANCED","1000","0","999","density","equal","0.03","100","0.6931471805599453","","100","100","100","100","100","50","0.25","0.125","12.5","12.509","12.509","13","12","13","0.49991899343794016","","","","0","","false","0","","12.509","0.12509","0","","0","","0","","0","","1","0","1","0","0","0","0"
"fixed-sp","marginal-fixed","Fixed hostile Power 100; ratio is undefined when own Power is zero.","0","sp","{""bridgeman"":0,""spearman"":100,""chull"":0,""scout"":0,""heavy"":0,""shardbearer"":0}","{}","[]","weighted","weighted","EXPERIMENTAL / weighted selection","1000","0","999","total","weighted","0.03","100","0.6931471805599453","","100","100","100","100","100","50","0.25","0.125","12.5","12.509","12.509","13","12","13","0.49991899343794016","","","","0","","false","0","","12.509","0.12509","0","","0","","0","","0","","1","0","1","0","0","0","0"
"fixed-sp","marginal-fixed","Fixed hostile Power 100; ratio is undefined when own Power is zero.","0","sp","{""bridgeman"":0,""spearman"":100,""chull"":0,""scout"":0,""heavy"":0,""shardbearer"":0}","{}","[]","normalized-weighted","normalized-weighted","EXPERIMENTAL / normalized + weighted — NOT BALANCED","1000","0","999","density","weighted","0.03","100","0.6931471805599453","","100","100","100","100","100","50","0.25","0.125","12.5","12.509","12.509","13","12","13","0.49991899343794016","","","","0","","false","0","","12.509","0.12509","0","","0","","0","","0","","1","0","1","0","0","0","0"
"marginal-sp-plus-bm","marginal","Exact hostile/own Power = 1; scalar opposition, not a simulated opponent.","0","sp-plus-bm","{""bridgeman"":1,""spearman"":100,""chull"":0,""scout"":0,""heavy"":0,""shardbearer"":0}","{}","[]","current","current","CURRENT / BASELINE","1000","0","999","total","equal","0.03","100","0.6931471805599453","","100.5","100.5","99","99","101","51","0.25","0.12562814070351758","12.688442211055275","12.702","12.576237623762376","13","12","13","0.4573794923255833","","","","0","","false","0.146","0.146","12.556","0.12556","0","","0","","0","","0","","1","0.011494252873563218","0.9885057471264367","0","0","0","0"
"marginal-sp-plus-bm","marginal","Exact hostile/own Power = 1; scalar opposition, not a simulated opponent.","0","sp-plus-bm","{""bridgeman"":1,""spearman"":100,""chull"":0,""scout"":0,""heavy"":0,""shardbearer"":0}","{}","[]","normalized","normalized","EXPERIMENTAL / normalized Survival — NOT BALANCED","1000","0","999","density","equal","0.03","100","0.6931471805599453","","100.5","100.5","99","98.01980198019803","101","51","0.25","0.12625","12.75125","12.763","12.636633663366336","13","12","13","0.42524228388062224","","","","0","","false","0.146","0.146","12.617","0.12617","0","","0","","0","","0","","1","0.011439316775052886","0.9885606832249472","0","0","0","0"
"marginal-sp-plus-bm","marginal","Exact hostile/own Power = 1; scalar opposition, not a simulated opponent.","0","sp-plus-bm","{""bridgeman"":1,""spearman"":100,""chull"":0,""scout"":0,""heavy"":0,""shardbearer"":0}","{}","[]","weighted","weighted","EXPERIMENTAL / weighted selection","1000","0","999","total","weighted","0.03","100","0.6931471805599453","","100.5","100.5","99","99","101","51","0.25","0.12562814070351758","12.688442211055275","12.702","12.576237623762376","13","12","13","0.4573794923255833","","","","0","","false","0.431","0.431","12.271","0.12271000000000001","0","","0","","0","","0","","1","0.03393166430483388","0.9660683356951661","0","0","0","0"
"marginal-sp-plus-bm","marginal","Exact hostile/own Power = 1; scalar opposition, not a simulated opponent.","0","sp-plus-bm","{""bridgeman"":1,""spearman"":100,""chull"":0,""scout"":0,""heavy"":0,""shardbearer"":0}","{}","[]","normalized-weighted","normalized-weighted","EXPERIMENTAL / normalized + weighted — NOT BALANCED","1000","0","999","density","weighted","0.03","100","0.6931471805599453","","100.5","100.5","99","98.01980198019803","101","51","0.25","0.12625","12.75125","12.763","12.636633663366336","13","12","13","0.42524228388062224","","","","0","","false","0.431","0.431","12.332","0.12332000000000001","0","","0","","0","","0","","1","0.03376948993183421","0.9662305100681658","0","0","0","0"
"fixed-sp-plus-bm","marginal-fixed","Fixed hostile Power 100; ratio is undefined when own Power is zero.","0","sp-plus-bm","{""bridgeman"":1,""spearman"":100,""chull"":0,""scout"":0,""heavy"":0,""shardbearer"":0}","{}","[]","current","current","CURRENT / BASELINE","1000","0","999","total","equal","0.03","100","0.6931471805599453","","100.5","100","99","99","101","51","0.24875621890547264","0.12500312507812694","12.625315632890821","12.606","12.48118811881188","13","12","13","0.4886348329785768","","","","0","","false","0.125","0.125","12.481","0.12481","0","","0","","0","","0","","0.9950248756218906","0.009915913057274314","0.9900840869427256","0","0","0","0"
"fixed-sp-plus-bm","marginal-fixed","Fixed hostile Power 100; ratio is undefined when own Power is zero.","0","sp-plus-bm","{""bridgeman"":1,""spearman"":100,""chull"":0,""scout"":0,""heavy"":0,""shardbearer"":0}","{}","[]","normalized","normalized","EXPERIMENTAL / normalized Survival — NOT BALANCED","1000","0","999","density","equal","0.03","100","0.6931471805599453","","100.5","100","99","98.01980198019803","101","51","0.24875621890547264","0.1256218905472637","12.687810945273633","12.677","12.551485148514852","13","12","13","0.46762271116788706","","","","0","","false","0.126","0.126","12.551","0.12551","0","","0","","0","","0","","0.9950248756218906","0.009939260077305357","0.9900607399226947","0","0","0","0"
"fixed-sp-plus-bm","marginal-fixed","Fixed hostile Power 100; ratio is undefined when own Power is zero.","0","sp-plus-bm","{""bridgeman"":1,""spearman"":100,""chull"":0,""scout"":0,""heavy"":0,""shardbearer"":0}","{}","[]","weighted","weighted","EXPERIMENTAL / weighted selection","1000","0","999","total","weighted","0.03","100","0.6931471805599453","","100.5","100","99","99","101","51","0.24875621890547264","0.12500312507812694","12.625315632890821","12.606","12.48118811881188","13","12","13","0.4886348329785768","","","","0","","false","0.4","0.4","12.206","0.12206","0","","0","","0","","0","","0.9950248756218906","0.031730921783277806","0.9682690782167221","0","0","0","0"
"fixed-sp-plus-bm","marginal-fixed","Fixed hostile Power 100; ratio is undefined when own Power is zero.","0","sp-plus-bm","{""bridgeman"":1,""spearman"":100,""chull"":0,""scout"":0,""heavy"":0,""shardbearer"":0}","{}","[]","normalized-weighted","normalized-weighted","EXPERIMENTAL / normalized + weighted — NOT BALANCED","1000","0","999","density","weighted","0.03","100","0.6931471805599453","","100.5","100","99","98.01980198019803","101","51","0.24875621890547264","0.1256218905472637","12.687810945273633","12.677","12.551485148514852","13","12","13","0.46762271116788706","","","","0","","false","0.402","0.402","12.275","0.12275","0","","0","","0","","0","","0.9950248756218906","0.03171097262759328","0.9682890273724067","0","0","0","0"
"marginal-bm","marginal","Exact hostile/own Power = 1; scalar opposition, not a simulated opponent.","0","bm","{""bridgeman"":100,""spearman"":0,""chull"":0,""scout"":0,""heavy"":0,""shardbearer"":0}","{}","[]","current","current","CURRENT / BASELINE","1000","0","999","total","equal","0.03","100","0.6931471805599453","","50","50","-100","-100","100","100","0.25","0.5","50","50","50","50","50","50","0","","","","0","","false","50","0.5","0","","0","","0","","0","","0","","1","1","0","0","0","0","0"
"marginal-bm","marginal","Exact hostile/own Power = 1; scalar opposition, not a simulated opponent.","0","bm","{""bridgeman"":100,""spearman"":0,""chull"":0,""scout"":0,""heavy"":0,""shardbearer"":0}","{}","[]","normalized","normalized","EXPERIMENTAL / normalized Survival — NOT BALANCED","1000","0","999","density","equal","0.03","100","0.6931471805599453","","50","50","-100","-100","100","100","0.25","0.5","50","50","50","50","50","50","0","","","","0","","false","50","0.5","0","","0","","0","","0","","0","","1","1","0","0","0","0","0"
"marginal-bm","marginal","Exact hostile/own Power = 1; scalar opposition, not a simulated opponent.","0","bm","{""bridgeman"":100,""spearman"":0,""chull"":0,""scout"":0,""heavy"":0,""shardbearer"":0}","{}","[]","weighted","weighted","EXPERIMENTAL / weighted selection","1000","0","999","total","weighted","0.03","100","0.6931471805599453","","50","50","-100","-100","100","100","0.25","0.5","50","50","50","50","50","50","0","","","","0","","false","50","0.5","0","","0","","0","","0","","0","","1","1","0","0","0","0","0"
"marginal-bm","marginal","Exact hostile/own Power = 1; scalar opposition, not a simulated opponent.","0","bm","{""bridgeman"":100,""spearman"":0,""chull"":0,""scout"":0,""heavy"":0,""shardbearer"":0}","{}","[]","normalized-weighted","normalized-weighted","EXPERIMENTAL / normalized + weighted — NOT BALANCED","1000","0","999","density","weighted","0.03","100","0.6931471805599453","","50","50","-100","-100","100","100","0.25","0.5","50","50","50","50","50","50","0","","","","0","","false","50","0.5","0","","0","","0","","0","","0","","1","1","0","0","0","0","0"
"fixed-bm","marginal-fixed","Fixed hostile Power 50; ratio is undefined when own Power is zero.","0","bm","{""bridgeman"":100,""spearman"":0,""chull"":0,""scout"":0,""heavy"":0,""shardbearer"":0}","{}","[]","current","current","CURRENT / BASELINE","1000","0","999","total","equal","0.03","100","0.6931471805599453","","50","50","-100","-100","100","100","0.25","0.5","50","50","50","50","50","50","0","","","","0","","false","50","0.5","0","","0","","0","","0","","0","","1","1","0","0","0","0","0"
"fixed-bm","marginal-fixed","Fixed hostile Power 50; ratio is undefined when own Power is zero.","0","bm","{""bridgeman"":100,""spearman"":0,""chull"":0,""scout"":0,""heavy"":0,""shardbearer"":0}","{}","[]","normalized","normalized","EXPERIMENTAL / normalized Survival — NOT BALANCED","1000","0","999","density","equal","0.03","100","0.6931471805599453","","50","50","-100","-100","100","100","0.25","0.5","50","50","50","50","50","50","0","","","","0","","false","50","0.5","0","","0","","0","","0","","0","","1","1","0","0","0","0","0"
"fixed-bm","marginal-fixed","Fixed hostile Power 50; ratio is undefined when own Power is zero.","0","bm","{""bridgeman"":100,""spearman"":0,""chull"":0,""scout"":0,""heavy"":0,""shardbearer"":0}","{}","[]","weighted","weighted","EXPERIMENTAL / weighted selection","1000","0","999","total","weighted","0.03","100","0.6931471805599453","","50","50","-100","-100","100","100","0.25","0.5","50","50","50","50","50","50","0","","","","0","","false","50","0.5","0","","0","","0","","0","","0","","1","1","0","0","0","0","0"
"fixed-bm","marginal-fixed","Fixed hostile Power 50; ratio is undefined when own Power is zero.","0","bm","{""bridgeman"":100,""spearman"":0,""chull"":0,""scout"":0,""heavy"":0,""shardbearer"":0}","{}","[]","normalized-weighted","normalized-weighted","EXPERIMENTAL / normalized + weighted — NOT BALANCED","1000","0","999","density","weighted","0.03","100","0.6931471805599453","","50","50","-100","-100","100","100","0.25","0.5","50","50","50","50","50","50","0","","","","0","","false","50","0.5","0","","0","","0","","0","","0","","1","1","0","0","0","0","0"
"marginal-bm-plus-sp","marginal","Exact hostile/own Power = 1; scalar opposition, not a simulated opponent.","0","bm-plus-sp","{""bridgeman"":100,""spearman"":1,""chull"":0,""scout"":0,""heavy"":0,""shardbearer"":0}","{}","[]","current","current","CURRENT / BASELINE","1000","0","999","total","equal","0.03","100","0.6931471805599453","","51","51","-99","-99","101","100.5","0.25","0.4975","50.2475","50.258","49.76039603960396","50","50","51","0.4375339986789602","","","","0","","false","49.759","0.49759","0.499","0.499","0","","0","","0","","0","","1","0.9900712324406065","0.00992876755939353","0","0","0","0"
"marginal-bm-plus-sp","marginal","Exact hostile/own Power = 1; scalar opposition, not a simulated opponent.","0","bm-plus-sp","{""bridgeman"":100,""spearman"":1,""chull"":0,""scout"":0,""heavy"":0,""shardbearer"":0}","{}","[]","normalized","normalized","EXPERIMENTAL / normalized Survival — NOT BALANCED","1000","0","999","density","equal","0.03","100","0.6931471805599453","","51","51","-99","-98.01980198019803","101","100.5","0.25","0.49504950495049505","50","50","49.504950495049506","50","50","50","0","","","","0","","false","49.504","0.49504","0.496","0.496","0","","0","","0","","0","","1","0.99008","0.00992","0","0","0","0"
"marginal-bm-plus-sp","marginal","Exact hostile/own Power = 1; scalar opposition, not a simulated opponent.","0","bm-plus-sp","{""bridgeman"":100,""spearman"":1,""chull"":0,""scout"":0,""heavy"":0,""shardbearer"":0}","{}","[]","weighted","weighted","EXPERIMENTAL / weighted selection","1000","0","999","total","weighted","0.03","100","0.6931471805599453","","51","51","-99","-99","101","100.5","0.25","0.4975","50.2475","50.258","49.76039603960396","50","50","51","0.4375339986789602","","","","0","","false","50.103","0.50103","0.155","0.155","0","","0","","0","","0","","1","0.9969159138843567","0.0030840861156432803","0","0","0","0"
"marginal-bm-plus-sp","marginal","Exact hostile/own Power = 1; scalar opposition, not a simulated opponent.","0","bm-plus-sp","{""bridgeman"":100,""spearman"":1,""chull"":0,""scout"":0,""heavy"":0,""shardbearer"":0}","{}","[]","normalized-weighted","normalized-weighted","EXPERIMENTAL / normalized + weighted — NOT BALANCED","1000","0","999","density","weighted","0.03","100","0.6931471805599453","","51","51","-99","-98.01980198019803","101","100.5","0.25","0.49504950495049505","50","50","49.504950495049506","50","50","50","0","","","","0","","false","49.845","0.49845","0.155","0.155","0","","0","","0","","0","","1","0.9969","0.0031","0","0","0","0"
"fixed-bm-plus-sp","marginal-fixed","Fixed hostile Power 50; ratio is undefined when own Power is zero.","0","bm-plus-sp","{""bridgeman"":100,""spearman"":1,""chull"":0,""scout"":0,""heavy"":0,""shardbearer"":0}","{}","[]","current","current","CURRENT / BASELINE","1000","0","999","total","equal","0.03","100","0.6931471805599453","","51","50","-99","-99","101","100.5","0.24509803921568626","0.4877450980392157","49.26225490196078","49.254","48.766336633663364","49","49","50","0.43529759935014645","","","","0","","false","48.75","0.4875","0.504","0.504","0","","0","","0","","0","","0.9803921568627451","0.9897673285418443","0.010232671458155684","0","0","0","0"
"fixed-bm-plus-sp","marginal-fixed","Fixed hostile Power 50; ratio is undefined when own Power is zero.","0","bm-plus-sp","{""bridgeman"":100,""spearman"":1,""chull"":0,""scout"":0,""heavy"":0,""shardbearer"":0}","{}","[]","normalized","normalized","EXPERIMENTAL / normalized Survival — NOT BALANCED","1000","0","999","density","equal","0.03","100","0.6931471805599453","","51","50","-99","-98.01980198019803","101","100.5","0.24509803921568626","0.48534265191225","49.01960784313725","49.019","48.53366336633663","49","49","50","0.13652472303579308","","","","0","","false","48.517","0.48517000000000005","0.502","0.502","0","","0","","0","","0","","0.9803921568627451","0.9897590730125054","0.010240926987494646","0","0","0","0"
"fixed-bm-plus-sp","marginal-fixed","Fixed hostile Power 50; ratio is undefined when own Power is zero.","0","bm-plus-sp","{""bridgeman"":100,""spearman"":1,""chull"":0,""scout"":0,""heavy"":0,""shardbearer"":0}","{}","[]","weighted","weighted","EXPERIMENTAL / weighted selection","1000","0","999","total","weighted","0.03","100","0.6931471805599453","","51","50","-99","-99","101","100.5","0.24509803921568626","0.4877450980392157","49.26225490196078","49.254","48.766336633663364","49","49","50","0.43529759935014645","","","","0","","false","49.092","0.49091999999999997","0.162","0.162","0","","0","","0","","0","","0.9803921568627451","0.9967109270313071","0.003289072968692898","0","0","0","0"
"fixed-bm-plus-sp","marginal-fixed","Fixed hostile Power 50; ratio is undefined when own Power is zero.","0","bm-plus-sp","{""bridgeman"":100,""spearman"":1,""chull"":0,""scout"":0,""heavy"":0,""shardbearer"":0}","{}","[]","normalized-weighted","normalized-weighted","EXPERIMENTAL / normalized + weighted — NOT BALANCED","1000","0","999","density","weighted","0.03","100","0.6931471805599453","","51","50","-99","-98.01980198019803","101","100.5","0.24509803921568626","0.48534265191225","49.01960784313725","49.019","48.53366336633663","49","49","50","0.13652472303579308","","","","0","","false","48.857","0.48857","0.162","0.162","0","","0","","0","","0","","0.9803921568627451","0.9966951590199719","0.0033048409800281527","0","0","0","0"
"marginal-mixed","marginal","Exact hostile/own Power = 1; scalar opposition, not a simulated opponent.","0","mixed","{""bridgeman"":50,""spearman"":50,""chull"":0,""scout"":0,""heavy"":0,""shardbearer"":0}","{}","[]","current","current","CURRENT / BASELINE","1000","0","999","total","equal","0.03","100","0.6931471805599453","","75","75","0","0","100","75","0.25","0.25","25","25","25","25","25","25","0","","","","0","","false","12.454","0.24908000000000002","12.546","0.25092","0","","0","","0","","0","","1","0.49816000000000005","0.50184","0","0","0","0"
"marginal-mixed","marginal","Exact hostile/own Power = 1; scalar opposition, not a simulated opponent.","0","mixed","{""bridgeman"":50,""spearman"":50,""chull"":0,""scout"":0,""heavy"":0,""shardbearer"":0}","{}","[]","normalized","normalized","EXPERIMENTAL / normalized Survival — NOT BALANCED","1000","0","999","density","equal","0.03","100","0.6931471805599453","","75","75","0","0","100","75","0.25","0.25","25","25","25","25","25","25","0","","","","0","","false","12.454","0.24908000000000002","12.546","0.25092","0","","0","","0","","0","","1","0.49816000000000005","0.50184","0","0","0","0"
"marginal-mixed","marginal","Exact hostile/own Power = 1; scalar opposition, not a simulated opponent.","0","mixed","{""bridgeman"":50,""spearman"":50,""chull"":0,""scout"":0,""heavy"":0,""shardbearer"":0}","{}","[]","weighted","weighted","EXPERIMENTAL / weighted selection","1000","0","999","total","weighted","0.03","100","0.6931471805599453","","75","75","0","0","100","75","0.25","0.25","25","25","25","25","25","25","0","","","","0","","false","19.253","0.38506","5.747","0.11494","0","","0","","0","","0","","1","0.77012","0.22988","0","0","0","0"
"marginal-mixed","marginal","Exact hostile/own Power = 1; scalar opposition, not a simulated opponent.","0","mixed","{""bridgeman"":50,""spearman"":50,""chull"":0,""scout"":0,""heavy"":0,""shardbearer"":0}","{}","[]","normalized-weighted","normalized-weighted","EXPERIMENTAL / normalized + weighted — NOT BALANCED","1000","0","999","density","weighted","0.03","100","0.6931471805599453","","75","75","0","0","100","75","0.25","0.25","25","25","25","25","25","25","0","","","","0","","false","19.253","0.38506","5.747","0.11494","0","","0","","0","","0","","1","0.77012","0.22988","0","0","0","0"
"fixed-mixed","marginal-fixed","Fixed hostile Power 75; ratio is undefined when own Power is zero.","0","mixed","{""bridgeman"":50,""spearman"":50,""chull"":0,""scout"":0,""heavy"":0,""shardbearer"":0}","{}","[]","current","current","CURRENT / BASELINE","1000","0","999","total","equal","0.03","100","0.6931471805599453","","75","75","0","0","100","75","0.25","0.25","25","25","25","25","25","25","0","","","","0","","false","12.423","0.24846000000000001","12.577","0.25154","0","","0","","0","","0","","1","0.49692000000000003","0.50308","0","0","0","0"
"fixed-mixed","marginal-fixed","Fixed hostile Power 75; ratio is undefined when own Power is zero.","0","mixed","{""bridgeman"":50,""spearman"":50,""chull"":0,""scout"":0,""heavy"":0,""shardbearer"":0}","{}","[]","normalized","normalized","EXPERIMENTAL / normalized Survival — NOT BALANCED","1000","0","999","density","equal","0.03","100","0.6931471805599453","","75","75","0","0","100","75","0.25","0.25","25","25","25","25","25","25","0","","","","0","","false","12.423","0.24846000000000001","12.577","0.25154","0","","0","","0","","0","","1","0.49692000000000003","0.50308","0","0","0","0"
"fixed-mixed","marginal-fixed","Fixed hostile Power 75; ratio is undefined when own Power is zero.","0","mixed","{""bridgeman"":50,""spearman"":50,""chull"":0,""scout"":0,""heavy"":0,""shardbearer"":0}","{}","[]","weighted","weighted","EXPERIMENTAL / weighted selection","1000","0","999","total","weighted","0.03","100","0.6931471805599453","","75","75","0","0","100","75","0.25","0.25","25","25","25","25","25","25","0","","","","0","","false","19.317","0.38634","5.683","0.11366","0","","0","","0","","0","","1","0.77268","0.22732","0","0","0","0"
"fixed-mixed","marginal-fixed","Fixed hostile Power 75; ratio is undefined when own Power is zero.","0","mixed","{""bridgeman"":50,""spearman"":50,""chull"":0,""scout"":0,""heavy"":0,""shardbearer"":0}","{}","[]","normalized-weighted","normalized-weighted","EXPERIMENTAL / normalized + weighted — NOT BALANCED","1000","0","999","density","weighted","0.03","100","0.6931471805599453","","75","75","0","0","100","75","0.25","0.25","25","25","25","25","25","25","0","","","","0","","false","19.317","0.38634","5.683","0.11366","0","","0","","0","","0","","1","0.77268","0.22732","0","0","0","0"
"marginal-mixed-plus-bm","marginal","Exact hostile/own Power = 1; scalar opposition, not a simulated opponent.","0","mixed-plus-bm","{""bridgeman"":51,""spearman"":50,""chull"":0,""scout"":0,""heavy"":0,""shardbearer"":0}","{}","[]","current","current","CURRENT / BASELINE","1000","0","999","total","equal","0.03","100","0.6931471805599453","","75.5","75.5","-1","-1","101","76","0.25","0.2525","25.5025","25.531","25.278217821782178","26","25","26","0.49903807469972133","","","","0","","false","12.999","0.2548823529411765","12.532","0.25064","0","","0","","0","","0","","1","0.509145744389174","0.4908542556108261","0","0","0","0"
"marginal-mixed-plus-bm","marginal","Exact hostile/own Power = 1; scalar opposition, not a simulated opponent.","0","mixed-plus-bm","{""bridgeman"":51,""spearman"":50,""chull"":0,""scout"":0,""heavy"":0,""shardbearer"":0}","{}","[]","normalized","normalized","EXPERIMENTAL / normalized Survival — NOT BALANCED","1000","0","999","density","equal","0.03","100","0.6931471805599453","","75.5","75.5","-1","-0.9900990099009901","101","76","0.25","0.2524752475247525","25.5","25.529","25.276237623762377","26","25","26","0.4991582915268534","","","","0","","false","12.998","0.2548627450980392","12.531","0.25062","0","","0","","0","","0","","1","0.509146460887618","0.490853539112382","0","0","0","0"
"marginal-mixed-plus-bm","marginal","Exact hostile/own Power = 1; scalar opposition, not a simulated opponent.","0","mixed-plus-bm","{""bridgeman"":51,""spearman"":50,""chull"":0,""scout"":0,""heavy"":0,""shardbearer"":0}","{}","[]","weighted","weighted","EXPERIMENTAL / weighted selection","1000","0","999","total","weighted","0.03","100","0.6931471805599453","","75.5","75.5","-1","-1","101","76","0.25","0.2525","25.5025","25.531","25.278217821782178","26","25","26","0.49903807469972133","","","","0","","false","19.746","0.3871764705882353","5.785","0.1157","0","","0","","0","","0","","1","0.7734127139555834","0.2265872860444166","0","0","0","0"
"marginal-mixed-plus-bm","marginal","Exact hostile/own Power = 1; scalar opposition, not a simulated opponent.","0","mixed-plus-bm","{""bridgeman"":51,""spearman"":50,""chull"":0,""scout"":0,""heavy"":0,""shardbearer"":0}","{}","[]","normalized-weighted","normalized-weighted","EXPERIMENTAL / normalized + weighted — NOT BALANCED","1000","0","999","density","weighted","0.03","100","0.6931471805599453","","75.5","75.5","-1","-0.9900990099009901","101","76","0.25","0.2524752475247525","25.5","25.529","25.276237623762377","26","25","26","0.4991582915268534","","","","0","","false","19.744","0.38713725490196077","5.785","0.1157","0","","0","","0","","0","","1","0.7733949625915625","0.22660503740843746","0","0","0","0"
"fixed-mixed-plus-bm","marginal-fixed","Fixed hostile Power 75; ratio is undefined when own Power is zero.","0","mixed-plus-bm","{""bridgeman"":51,""spearman"":50,""chull"":0,""scout"":0,""heavy"":0,""shardbearer"":0}","{}","[]","current","current","CURRENT / BASELINE","1000","0","999","total","equal","0.03","100","0.6931471805599453","","75.5","75","-1","-1","101","76","0.24834437086092714","0.2508278145695364","25.333609271523176","25.32","25.06930693069307","25","25","26","0.46647615158762584","","","","0","","false","12.821","0.2513921568627451","12.499","0.24998","0","","0","","0","","0","","0.9933774834437086","0.5063586097946288","0.4936413902053713","0","0","0","0"
"fixed-mixed-plus-bm","marginal-fixed","Fixed hostile Power 75; ratio is undefined when own Power is zero.","0","mixed-plus-bm","{""bridgeman"":51,""spearman"":50,""chull"":0,""scout"":0,""heavy"":0,""shardbearer"":0}","{}","[]","normalized","normalized","EXPERIMENTAL / normalized Survival — NOT BALANCED","1000","0","999","density","equal","0.03","100","0.6931471805599453","","75.5","75","-1","-0.9900990099009901","101","76","0.24834437086092714","0.250803226017966","25.331125827814567","25.318","25.06732673267327","25","25","26","0.4656994739099464","","","","0","","false","12.82","0.25137254901960787","12.498","0.24996","0","","0","","0","","0","","0.9933774834437086","0.5063591120941623","0.4936408879058377","0","0","0","0"
"fixed-mixed-plus-bm","marginal-fixed","Fixed hostile Power 75; ratio is undefined when own Power is zero.","0","mixed-plus-bm","{""bridgeman"":51,""spearman"":50,""chull"":0,""scout"":0,""heavy"":0,""shardbearer"":0}","{}","[]","weighted","weighted","EXPERIMENTAL / weighted selection","1000","0","999","total","weighted","0.03","100","0.6931471805599453","","75.5","75","-1","-1","101","76","0.24834437086092714","0.2508278145695364","25.333609271523176","25.32","25.06930693069307","25","25","26","0.46647615158762584","","","","0","","false","19.498","0.3823137254901961","5.822","0.11644","0","","0","","0","","0","","0.9933774834437086","0.7700631911532386","0.22993680884676146","0","0","0","0"
"fixed-mixed-plus-bm","marginal-fixed","Fixed hostile Power 75; ratio is undefined when own Power is zero.","0","mixed-plus-bm","{""bridgeman"":51,""spearman"":50,""chull"":0,""scout"":0,""heavy"":0,""shardbearer"":0}","{}","[]","normalized-weighted","normalized-weighted","EXPERIMENTAL / normalized + weighted — NOT BALANCED","1000","0","999","density","weighted","0.03","100","0.6931471805599453","","75.5","75","-1","-0.9900990099009901","101","76","0.24834437086092714","0.250803226017966","25.331125827814567","25.318","25.06732673267327","25","25","26","0.4656994739099464","","","","0","","false","19.497","0.38229411764705884","5.821","0.11642","0","","0","","0","","0","","0.9933774834437086","0.7700845248439845","0.22991547515601546","0","0","0","0"
"marginal-mixed-plus-sp","marginal","Exact hostile/own Power = 1; scalar opposition, not a simulated opponent.","0","mixed-plus-sp","{""bridgeman"":50,""spearman"":51,""chull"":0,""scout"":0,""heavy"":0,""shardbearer"":0}","{}","[]","current","current","CURRENT / BASELINE","1000","0","999","total","equal","0.03","100","0.6931471805599453","","76","76","1","1","101","75.5","0.25","0.24752475247524752","25","25","24.752475247524753","25","25","25","0","","","","0","","false","12.347","0.24694","12.653","0.2480980392156863","0","","0","","0","","0","","1","0.49388","0.50612","0","0","0","0"
"marginal-mixed-plus-sp","marginal","Exact hostile/own Power = 1; scalar opposition, not a simulated opponent.","0","mixed-plus-sp","{""bridgeman"":50,""spearman"":51,""chull"":0,""scout"":0,""heavy"":0,""shardbearer"":0}","{}","[]","normalized","normalized","EXPERIMENTAL / normalized Survival — NOT BALANCED","1000","0","999","density","equal","0.03","100","0.6931471805599453","","76","76","1","0.9900990099009901","101","75.5","0.25","0.24754901960784315","25.002450980392158","25.002","24.754455445544554","25","25","26","0.044676615807377355","","","","0","","false","12.348","0.24696","12.654","0.24811764705882353","0","","0","","0","","0","","1","0.4938804895608352","0.5061195104391649","0","0","0","0"
"marginal-mixed-plus-sp","marginal","Exact hostile/own Power = 1; scalar opposition, not a simulated opponent.","0","mixed-plus-sp","{""bridgeman"":50,""spearman"":51,""chull"":0,""scout"":0,""heavy"":0,""shardbearer"":0}","{}","[]","weighted","weighted","EXPERIMENTAL / weighted selection","1000","0","999","total","weighted","0.03","100","0.6931471805599453","","76","76","1","1","101","75.5","0.25","0.24752475247524752","25","25","24.752475247524753","25","25","25","0","","","","0","","false","19.231","0.38462","5.769","0.11311764705882353","0","","0","","0","","0","","1","0.76924","0.23076","0","0","0","0"
"marginal-mixed-plus-sp","marginal","Exact hostile/own Power = 1; scalar opposition, not a simulated opponent.","0","mixed-plus-sp","{""bridgeman"":50,""spearman"":51,""chull"":0,""scout"":0,""heavy"":0,""shardbearer"":0}","{}","[]","normalized-weighted","normalized-weighted","EXPERIMENTAL / normalized + weighted — NOT BALANCED","1000","0","999","density","weighted","0.03","100","0.6931471805599453","","76","76","1","0.9900990099009901","101","75.5","0.25","0.24754901960784315","25.002450980392158","25.002","24.754455445544554","25","25","26","0.044676615807377355","","","","0","","false","19.233","0.38466","5.769","0.11311764705882353","0","","0","","0","","0","","1","0.7692584593232542","0.23074154067674588","0","0","0","0"
"fixed-mixed-plus-sp","marginal-fixed","Fixed hostile Power 75; ratio is undefined when own Power is zero.","0","mixed-plus-sp","{""bridgeman"":50,""spearman"":51,""chull"":0,""scout"":0,""heavy"":0,""shardbearer"":0}","{}","[]","current","current","CURRENT / BASELINE","1000","0","999","total","equal","0.03","100","0.6931471805599453","","76","75","1","1","101","75.5","0.24671052631578946","0.24426784783741531","24.671052631578945","24.69","24.445544554455445","25","24","25","0.46249324319389307","","","","0","","false","12.253","0.24506","12.437","0.2438627450980392","0","","0","","0","","0","","0.9868421052631579","0.4962737950587282","0.5037262049412717","0","0","0","0"
"fixed-mixed-plus-sp","marginal-fixed","Fixed hostile Power 75; ratio is undefined when own Power is zero.","0","mixed-plus-sp","{""bridgeman"":50,""spearman"":51,""chull"":0,""scout"":0,""heavy"":0,""shardbearer"":0}","{}","[]","normalized","normalized","EXPERIMENTAL / normalized Survival — NOT BALANCED","1000","0","999","density","equal","0.03","100","0.6931471805599453","","76","75","1","0.9900990099009901","101","75.5","0.24671052631578946","0.24429179566563466","24.6734713622291","24.692","24.447524752475246","25","24","25","0.46166654632970827","","","","0","","false","12.255","0.2451","12.437","0.2438627450980392","0","","0","","0","","0","","0.9868421052631579","0.4963145958205087","0.5036854041794913","0","0","0","0"
"fixed-mixed-plus-sp","marginal-fixed","Fixed hostile Power 75; ratio is undefined when own Power is zero.","0","mixed-plus-sp","{""bridgeman"":50,""spearman"":51,""chull"":0,""scout"":0,""heavy"":0,""shardbearer"":0}","{}","[]","weighted","weighted","EXPERIMENTAL / weighted selection","1000","0","999","total","weighted","0.03","100","0.6931471805599453","","76","75","1","1","101","75.5","0.24671052631578946","0.24426784783741531","24.671052631578945","24.69","24.445544554455445","25","24","25","0.46249324319389307","","","","0","","false","19.078","0.38156","5.612","0.1100392156862745","0","","0","","0","","0","","0.9868421052631579","0.772701498582422","0.22729850141757796","0","0","0","0"
"fixed-mixed-plus-sp","marginal-fixed","Fixed hostile Power 75; ratio is undefined when own Power is zero.","0","mixed-plus-sp","{""bridgeman"":50,""spearman"":51,""chull"":0,""scout"":0,""heavy"":0,""shardbearer"":0}","{}","[]","normalized-weighted","normalized-weighted","EXPERIMENTAL / normalized + weighted — NOT BALANCED","1000","0","999","density","weighted","0.03","100","0.6931471805599453","","76","75","1","0.9900990099009901","101","75.5","0.24671052631578946","0.24429179566563466","24.6734713622291","24.692","24.447524752475246","25","24","25","0.46166654632970827","","","","0","","false","19.08","0.38159999999999994","5.612","0.1100392156862745","0","","0","","0","","0","","0.9868421052631579","0.7727199092823586","0.22728009071764135","0","0","0","0"
"marginal-mixed-plus-chull","marginal","Exact hostile/own Power = 1; scalar opposition, not a simulated opponent.","0","mixed-plus-chull","{""bridgeman"":50,""spearman"":50,""chull"":1,""scout"":0,""heavy"":0,""shardbearer"":0}","{}","[]","current","current","CURRENT / BASELINE","1000","0","999","total","equal","0.03","100","0.6931471805599453","","75","75","2","2","101","105","0.25","0.24509803921568626","24.754901960784313","24.726","24.48118811881188","25","24","25","0.44600896851968785","","","","0","","false","12.147","0.24294000000000002","12.329","0.24658000000000002","0.25","0.25","0","","0","","0","","1","0.4912642562484834","0.49862492922429835","0.010110814527218313","0","0","0"
"marginal-mixed-plus-chull","marginal","Exact hostile/own Power = 1; scalar opposition, not a simulated opponent.","0","mixed-plus-chull","{""bridgeman"":50,""spearman"":50,""chull"":1,""scout"":0,""heavy"":0,""shardbearer"":0}","{}","[]","normalized","normalized","EXPERIMENTAL / normalized Survival — NOT BALANCED","1000","0","999","density","equal","0.03","100","0.6931471805599453","","75","75","2","1.9801980198019802","101","105","0.25","0.24514563106796117","24.759708737864077","24.732","24.487128712871286","25","24","25","0.44291759956000226","","","","0","","false","12.148","0.24295999999999998","12.334","0.24667999999999998","0.25","0.25","0","","0","","0","","1","0.49118550865275756","0.49870612971049655","0.010108361636745916","0","0","0"
"marginal-mixed-plus-chull","marginal","Exact hostile/own Power = 1; scalar opposition, not a simulated opponent.","0","mixed-plus-chull","{""bridgeman"":50,""spearman"":50,""chull"":1,""scout"":0,""heavy"":0,""shardbearer"":0}","{}","[]","weighted","weighted","EXPERIMENTAL / weighted selection","1000","0","999","total","weighted","0.03","100","0.6931471805599453","","75","75","2","2","101","105","0.25","0.24509803921568626","24.754901960784313","24.726","24.48118811881188","25","24","25","0.44600896851968785","","","","0","","false","19.149","0.38298000000000004","5.516","0.11032","0.061","0.061","0","","0","","0","","1","0.774447949526814","0.22308501172854486","0.0024670387446412683","0","0","0"
"marginal-mixed-plus-chull","marginal","Exact hostile/own Power = 1; scalar opposition, not a simulated opponent.","0","mixed-plus-chull","{""bridgeman"":50,""spearman"":50,""chull"":1,""scout"":0,""heavy"":0,""shardbearer"":0}","{}","[]","normalized-weighted","normalized-weighted","EXPERIMENTAL / normalized + weighted — NOT BALANCED","1000","0","999","density","weighted","0.03","100","0.6931471805599453","","75","75","2","1.9801980198019802","101","105","0.25","0.24514563106796117","24.759708737864077","24.732","24.487128712871286","25","24","25","0.44291759956000226","","","","0","","false","19.155","0.3831","5.516","0.11032","0.061","0.061","0","","0","","0","","1","0.7745026686074722","0.2230308911531619","0.0024664402393660034","0","0","0"
"fixed-mixed-plus-chull","marginal-fixed","Fixed hostile Power 75; ratio is undefined when own Power is zero.","0","mixed-plus-chull","{""bridgeman"":50,""spearman"":50,""chull"":1,""scout"":0,""heavy"":0,""shardbearer"":0}","{}","[]","current","current","CURRENT / BASELINE","1000","0","999","total","equal","0.03","100","0.6931471805599453","","75","75","2","2","101","105","0.25","0.24509803921568626","24.754901960784313","24.754","24.50891089108911","25","24","25","0.4306785344082121","","","","0","","false","12.218","0.24436","12.304","0.24608","0.232","0.232","0","","0","","0","","1","0.4935767956693867","0.49705098165952977","0.009372222671083461","0","0","0"
"fixed-mixed-plus-chull","marginal-fixed","Fixed hostile Power 75; ratio is undefined when own Power is zero.","0","mixed-plus-chull","{""bridgeman"":50,""spearman"":50,""chull"":1,""scout"":0,""heavy"":0,""shardbearer"":0}","{}","[]","normalized","normalized","EXPERIMENTAL / normalized Survival — NOT BALANCED","1000","0","999","density","equal","0.03","100","0.6931471805599453","","75","75","2","1.9801980198019802","101","105","0.25","0.24514563106796117","24.759708737864077","24.76","24.514851485148515","25","24","25","0.4270831300812602","","","","0","","false","12.219","0.24438","12.309","0.24617999999999998","0.232","0.232","0","","0","","0","","1","0.493497576736672","0.4971324717285944","0.009369951534733441","0","0","0"
"fixed-mixed-plus-chull","marginal-fixed","Fixed hostile Power 75; ratio is undefined when own Power is zero.","0","mixed-plus-chull","{""bridgeman"":50,""spearman"":50,""chull"":1,""scout"":0,""heavy"":0,""shardbearer"":0}","{}","[]","weighted","weighted","EXPERIMENTAL / weighted selection","1000","0","999","total","weighted","0.03","100","0.6931471805599453","","75","75","2","2","101","105","0.25","0.24509803921568626","24.754901960784313","24.754","24.50891089108911","25","24","25","0.4306785344082121","","","","0","","false","19.104","0.38208","5.587","0.11173999999999999","0.063","0.063","0","","0","","0","","1","0.771754059949907","0.22570089682475558","0.002545043225337319","0","0","0"
"fixed-mixed-plus-chull","marginal-fixed","Fixed hostile Power 75; ratio is undefined when own Power is zero.","0","mixed-plus-chull","{""bridgeman"":50,""spearman"":50,""chull"":1,""scout"":0,""heavy"":0,""shardbearer"":0}","{}","[]","normalized-weighted","normalized-weighted","EXPERIMENTAL / normalized + weighted — NOT BALANCED","1000","0","999","density","weighted","0.03","100","0.6931471805599453","","75","75","2","1.9801980198019802","101","105","0.25","0.24514563106796117","24.759708737864077","24.76","24.514851485148515","25","24","25","0.4270831300812602","","","","0","","false","19.108","0.38216","5.589","0.11178","0.063","0.063","0","","0","","0","","1","0.7717285945072697","0.22572697899838448","0.0025444264943457187","0","0","0"
"marginal-mixed-plus-shard","marginal","Exact hostile/own Power = 1; scalar opposition, not a simulated opponent.","0","mixed-plus-shard","{""bridgeman"":50,""spearman"":50,""chull"":0,""scout"":0,""heavy"":0,""shardbearer"":1}","{}","[]","current","current","CURRENT / BASELINE","10000","0","9999","total","equal","0.03","100","0.6931471805599453","","170","170","5","5","101","75","0.25","0.23809523809523808","24.047619047619047","24.0494","23.811287128712873","24","24","25","0.21670173049609012","0.2396","0.7604","0.004268393608841621","0","","false","11.9015","0.23803000000000002","11.9083","0.23816600000000002","0","","0","","0","","0.2396","0.2396","1","0.494877211073873","0.4951599624107047","0","0","0","0.009962826515422423"
"marginal-mixed-plus-shard","marginal","Exact hostile/own Power = 1; scalar opposition, not a simulated opponent.","0","mixed-plus-shard","{""bridgeman"":50,""spearman"":50,""chull"":0,""scout"":0,""heavy"":0,""shardbearer"":1}","{}","[]","normalized","normalized","EXPERIMENTAL / normalized Survival — NOT BALANCED","10000","0","9999","density","equal","0.03","100","0.6931471805599453","","170","170","5","4.9504950495049505","101","75","0.25","0.23820754716981132","24.058962264150942","24.0609","23.822673267326735","24","24","25","0.2391467959225059","0.2397","0.7603","0.004269003513701997","0","","false","11.907","0.23814","11.9142","0.238284","0","","0","","0","","0.2397","0.2397","1","0.49486926922933056","0.4951685099061132","0","0","0","0.009962220864556188"
"marginal-mixed-plus-shard","marginal","Exact hostile/own Power = 1; scalar opposition, not a simulated opponent.","0","mixed-plus-shard","{""bridgeman"":50,""spearman"":50,""chull"":0,""scout"":0,""heavy"":0,""shardbearer"":1}","{}","[]","weighted","weighted","EXPERIMENTAL / weighted selection","10000","0","9999","total","weighted","0.03","100","0.6931471805599453","","170","170","5","5","101","75","0.25","0.23809523809523808","24.047619047619047","24.0494","23.811287128712873","24","24","25","0.21670173049609012","0.0073","0.9927","0.0008512761009214343","0","","false","18.5756","0.371512","5.4665","0.10933","0","","0","","0","","0.0073","0.0073","1","0.7723934900662803","0.22730296805741515","0","0","0","0.00030354187630460635"
"marginal-mixed-plus-shard","marginal","Exact hostile/own Power = 1; scalar opposition, not a simulated opponent.","0","mixed-plus-shard","{""bridgeman"":50,""spearman"":50,""chull"":0,""scout"":0,""heavy"":0,""shardbearer"":1}","{}","[]","normalized-weighted","normalized-weighted","EXPERIMENTAL / normalized + weighted — NOT BALANCED","10000","0","9999","density","weighted","0.03","100","0.6931471805599453","","170","170","5","4.9504950495049505","101","75","0.25","0.23820754716981132","24.058962264150942","24.0609","23.822673267326735","24","24","25","0.2391467959225059","0.0073","0.9927","0.0008512761009214343","0","","false","18.5845","0.37168999999999996","5.4691","0.10938200000000001","0","","0","","0","","0.0073","0.0073","1","0.772394216342697","0.2273023868600094","0","0","0","0.0003033967972935343"
"fixed-mixed-plus-shard","marginal-fixed","Fixed hostile Power 75; ratio is undefined when own Power is zero.","0","mixed-plus-shard","{""bridgeman"":50,""spearman"":50,""chull"":0,""scout"":0,""heavy"":0,""shardbearer"":1}","{}","[]","current","current","CURRENT / BASELINE","10000","0","9999","total","equal","0.03","100","0.6931471805599453","","170","75","5","5","101","75","0.11029411764705882","0.10504201680672268","10.609243697478991","10.607","10.5019801980198","11","10","11","0.4884168301769325","0.1022","0.8978","0.0030291114208625606","0","","false","5.2554","0.105108","5.2494","0.104988","0","","0","","0","","0.1022","0.1022","0.4411764705882353","0.4954652587913642","0.4948995946073348","0","0","0","0.009635146601301029"
"fixed-mixed-plus-shard","marginal-fixed","Fixed hostile Power 75; ratio is undefined when own Power is zero.","0","mixed-plus-shard","{""bridgeman"":50,""spearman"":50,""chull"":0,""scout"":0,""heavy"":0,""shardbearer"":1}","{}","[]","normalized","normalized","EXPERIMENTAL / normalized Survival — NOT BALANCED","10000","0","9999","density","equal","0.03","100","0.6931471805599453","","170","75","5","4.9504950495049505","101","75","0.11029411764705882","0.10509156492785793","10.61424805771365","10.6119","10.506831683168317","11","10","11","0.4873175453438854","0.1023","0.8976999999999999","0.0030304242277278608","0","","false","5.2575","0.10515000000000001","5.2521","0.10504200000000001","0","","0","","0","","0.1023","0.1023","0.4411764705882353","0.49543437084782177","0.49492550815593817","0","0","0","0.00964012099624007"
"fixed-mixed-plus-shard","marginal-fixed","Fixed hostile Power 75; ratio is undefined when own Power is zero.","0","mixed-plus-shard","{""bridgeman"":50,""spearman"":50,""chull"":0,""scout"":0,""heavy"":0,""shardbearer"":1}","{}","[]","weighted","weighted","EXPERIMENTAL / weighted selection","10000","0","9999","total","weighted","0.03","100","0.6931471805599453","","170","75","5","5","101","75","0.11029411764705882","0.10504201680672268","10.609243697478991","10.607","10.5019801980198","11","10","11","0.4884168301769325","0.0018","0.9982","0.0004238820590683215","0","","false","8.3646","0.167292","2.2406","0.044812000000000005","0","","0","","0","","0.0018","0.0018","0.4411764705882353","0.7885924389554068","0.2112378617893844","0","0","0","0.00016969925520882436"
"fixed-mixed-plus-shard","marginal-fixed","Fixed hostile Power 75; ratio is undefined when own Power is zero.","0","mixed-plus-shard","{""bridgeman"":50,""spearman"":50,""chull"":0,""scout"":0,""heavy"":0,""shardbearer"":1}","{}","[]","normalized-weighted","normalized-weighted","EXPERIMENTAL / normalized + weighted — NOT BALANCED","10000","0","9999","density","weighted","0.03","100","0.6931471805599453","","170","75","5","4.9504950495049505","101","75","0.11029411764705882","0.10509156492785793","10.61424805771365","10.6119","10.506831683168317","11","10","11","0.4873175453438854","0.0018","0.9982","0.0004238820590683215","0","","false","8.3687","0.16737400000000002","2.2414","0.044828","0","","0","","0","","0.0018","0.0018","0.4411764705882353","0.7886146684382628","0.21121571066444275","0","0","0","0.00016962089729454668"
