"scenario","category","note","side","army","composition","research","opponents","model","modelFamily","label","replications","seedStart","seedEnd","survivalMode","selection","floor","densityScale","weightStrength","surviveCap","power","hostilePower","totalSurvival","appliedSurvival","troops","plunder","baseRate","finalRate","expectedCasualties","averageCasualties","casualtyPercent","median","min","max","standardDeviation","shardDeathProbability","allShardsSurviveProbability","shardProbabilityStandardError","annihilationProbability","nominalWinnerSide","nominalWinner","bridgeman_averageCasualties","bridgeman_casualtyRate","spearman_averageCasualties","spearman_casualtyRate","chull_averageCasualties","chull_casualtyRate","scout_averageCasualties","scout_casualtyRate","heavy_averageCasualties","heavy_casualtyRate","shardbearer_averageCasualties","shardbearer_casualtyRate"
"bm-100-v-1","floor","","0","100 Bridgemen","{""bridgeman"":100,""spearman"":0,""chull"":0,""scout"":0,""heavy"":0,""shardbearer"":0}","{}","[{""name"":""1 Bridgemen"",""units"":{""bridgeman"":1,""spearman"":0,""chull"":0,""scout"":0,""heavy"":0,""shardbearer"":0},""research"":{}}]","current","current","CURRENT / BASELINE","1000","0","999","total","equal","0.03","100","0.6931471805599453","","50","0.5","-100","-100","100","100","0.03","0.06","6","6","6","6","6","6","0","","","","0","0","true","6","0.06","0","","0","","0","","0","","0",""
"bm-100-v-1","floor","","1","1 Bridgemen","{""bridgeman"":1,""spearman"":0,""chull"":0,""scout"":0,""heavy"":0,""shardbearer"":0}","{}","[{""name"":""100 Bridgemen"",""units"":{""bridgeman"":100,""spearman"":0,""chull"":0,""scout"":0,""heavy"":0,""shardbearer"":0},""research"":{}}]","current","current","CURRENT / BASELINE","1000","0","999","total","equal","0.03","100","0.6931471805599453","","0.5","50","-1","-1","1","1","0.8","0.808","0.808","0.791","79.10000000000001","1","0","1","0.4065943924846897","","","","0.791","0","false","0.791","0.791","0","","0","","0","","0","","0",""
"bm-100-v-1","floor","","0","100 Bridgemen","{""bridgeman"":100,""spearman"":0,""chull"":0,""scout"":0,""heavy"":0,""shardbearer"":0}","{}","[{""name"":""1 Bridgemen"",""units"":{""bridgeman"":1,""spearman"":0,""chull"":0,""scout"":0,""heavy"":0,""shardbearer"":0},""research"":{}}]","floor1","floor1","EXPERIMENTAL / 1% floor","1000","0","999","total","equal","0.01","100","0.6931471805599453","","50","0.5","-100","-100","100","100","0.01","0.02","2","2","2","2","2","2","0","","","","0","0","true","2","0.02","0","","0","","0","","0","","0",""
"bm-100-v-1","floor","","1","1 Bridgemen","{""bridgeman"":1,""spearman"":0,""chull"":0,""scout"":0,""heavy"":0,""shardbearer"":0}","{}","[{""name"":""100 Bridgemen"",""units"":{""bridgeman"":100,""spearman"":0,""chull"":0,""scout"":0,""heavy"":0,""shardbearer"":0},""research"":{}}]","floor1","floor1","EXPERIMENTAL / 1% floor","1000","0","999","total","equal","0.01","100","0.6931471805599453","","0.5","50","-1","-1","1","1","0.8","0.808","0.808","0.791","79.10000000000001","1","0","1","0.4065943924846897","","","","0.791","0","false","0.791","0.791","0","","0","","0","","0","","0",""
"bm-100-v-1","floor","","0","100 Bridgemen","{""bridgeman"":100,""spearman"":0,""chull"":0,""scout"":0,""heavy"":0,""shardbearer"":0}","{}","[{""name"":""1 Bridgemen"",""units"":{""bridgeman"":1,""spearman"":0,""chull"":0,""scout"":0,""heavy"":0,""shardbearer"":0},""research"":{}}]","floor0","floor0","EXPERIMENTAL / 0% floor","1000","0","999","total","equal","0","100","0.6931471805599453","","50","0.5","-100","-100","100","100","0.0025","0.005","0.5","0.504","0.504","1","0","1","0.4999839997439922","","","","0","0","true","0.504","0.00504","0","","0","","0","","0","","0",""
"bm-100-v-1","floor","","1","1 Bridgemen","{""bridgeman"":1,""spearman"":0,""chull"":0,""scout"":0,""heavy"":0,""shardbearer"":0}","{}","[{""name"":""100 Bridgemen"",""units"":{""bridgeman"":100,""spearman"":0,""chull"":0,""scout"":0,""heavy"":0,""shardbearer"":0},""research"":{}}]","floor0","floor0","EXPERIMENTAL / 0% floor","1000","0","999","total","equal","0","100","0.6931471805599453","","0.5","50","-1","-1","1","1","0.8","0.808","0.808","0.791","79.10000000000001","1","0","1","0.4065943924846897","","","","0.791","0","false","0.791","0.791","0","","0","","0","","0","","0",""
"bm-100-v-1","floor","","0","100 Bridgemen","{""bridgeman"":100,""spearman"":0,""chull"":0,""scout"":0,""heavy"":0,""shardbearer"":0}","{}","[{""name"":""1 Bridgemen"",""units"":{""bridgeman"":1,""spearman"":0,""chull"":0,""scout"":0,""heavy"":0,""shardbearer"":0},""research"":{}}]","weighted","weighted","EXPERIMENTAL / weighted selection","1000","0","999","total","weighted","0.03","100","0.6931471805599453","","50","0.5","-100","-100","100","100","0.03","0.06","6","6","6","6","6","6","0","","","","0","0","true","6","0.06","0","","0","","0","","0","","0",""
"bm-100-v-1","floor","","1","1 Bridgemen","{""bridgeman"":1,""spearman"":0,""chull"":0,""scout"":0,""heavy"":0,""shardbearer"":0}","{}","[{""name"":""100 Bridgemen"",""units"":{""bridgeman"":100,""spearman"":0,""chull"":0,""scout"":0,""heavy"":0,""shardbearer"":0},""research"":{}}]","weighted","weighted","EXPERIMENTAL / weighted selection","1000","0","999","total","weighted","0.03","100","0.6931471805599453","","0.5","50","-1","-1","1","1","0.8","0.808","0.808","0.791","79.10000000000001","1","0","1","0.4065943924846897","","","","0.791","0","false","0.791","0.791","0","","0","","0","","0","","0",""
"bm-100-v-1","floor","","0","100 Bridgemen","{""bridgeman"":100,""spearman"":0,""chull"":0,""scout"":0,""heavy"":0,""shardbearer"":0}","{}","[{""name"":""1 Bridgemen"",""units"":{""bridgeman"":1,""spearman"":0,""chull"":0,""scout"":0,""heavy"":0,""shardbearer"":0},""research"":{}}]","normalized","normalized","EXPERIMENTAL / normalized Survival — NOT BALANCED","1000","0","999","density","equal","0.03","100","0.6931471805599453","","50","0.5","-100","-100","100","100","0.03","0.06","6","6","6","6","6","6","0","","","","0","0","true","6","0.06","0","","0","","0","","0","","0",""
"bm-100-v-1","floor","","1","1 Bridgemen","{""bridgeman"":1,""spearman"":0,""chull"":0,""scout"":0,""heavy"":0,""shardbearer"":0}","{}","[{""name"":""100 Bridgemen"",""units"":{""bridgeman"":100,""spearman"":0,""chull"":0,""scout"":0,""heavy"":0,""shardbearer"":0},""research"":{}}]","normalized","normalized","EXPERIMENTAL / normalized Survival — NOT BALANCED","1000","0","999","density","equal","0.03","100","0.6931471805599453","","0.5","50","-1","-100","1","1","0.8","0.95","0.95","0.939","93.89999999999999","1","0","1","0.23933031567270951","","","","0.939","0","false","0.939","0.939","0","","0","","0","","0","","0",""
"bm-100-v-1","floor","","0","100 Bridgemen","{""bridgeman"":100,""spearman"":0,""chull"":0,""scout"":0,""heavy"":0,""shardbearer"":0}","{}","[{""name"":""1 Bridgemen"",""units"":{""bridgeman"":1,""spearman"":0,""chull"":0,""scout"":0,""heavy"":0,""shardbearer"":0},""research"":{}}]","normalized-weighted","normalized-weighted","EXPERIMENTAL / normalized + weighted — NOT BALANCED","1000","0","999","density","weighted","0.03","100","0.6931471805599453","","50","0.5","-100","-100","100","100","0.03","0.06","6","6","6","6","6","6","0","","","","0","0","true","6","0.06","0","","0","","0","","0","","0",""
"bm-100-v-1","floor","","1","1 Bridgemen","{""bridgeman"":1,""spearman"":0,""chull"":0,""scout"":0,""heavy"":0,""shardbearer"":0}","{}","[{""name"":""100 Bridgemen"",""units"":{""bridgeman"":100,""spearman"":0,""chull"":0,""scout"":0,""heavy"":0,""shardbearer"":0},""research"":{}}]","normalized-weighted","normalized-weighted","EXPERIMENTAL / normalized + weighted — NOT BALANCED","1000","0","999","density","weighted","0.03","100","0.6931471805599453","","0.5","50","-1","-100","1","1","0.8","0.95","0.95","0.939","93.89999999999999","1","0","1","0.23933031567270951","","","","0.939","0","false","0.939","0.939","0","","0","","0","","0","","0",""
"bm-100-v-10","floor","","0","100 Bridgemen","{""bridgeman"":100,""spearman"":0,""chull"":0,""scout"":0,""heavy"":0,""shardbearer"":0}","{}","[{""name"":""10 Bridgemen"",""units"":{""bridgeman"":10,""spearman"":0,""chull"":0,""scout"":0,""heavy"":0,""shardbearer"":0},""research"":{}}]","current","current","CURRENT / BASELINE","1000","0","999","total","equal","0.03","100","0.6931471805599453","","50","5","-100","-100","100","100","0.03","0.06","6","6","6","6","6","6","0","","","","0","0","true","6","0.06","0","","0","","0","","0","","0",""
"bm-100-v-10","floor","","1","10 Bridgemen","{""bridgeman"":10,""spearman"":0,""chull"":0,""scout"":0,""heavy"":0,""shardbearer"":0}","{}","[{""name"":""100 Bridgemen"",""units"":{""bridgeman"":100,""spearman"":0,""chull"":0,""scout"":0,""heavy"":0,""shardbearer"":0},""research"":{}}]","current","current","CURRENT / BASELINE","1000","0","999","total","equal","0.03","100","0.6931471805599453","","5","50","-10","-10","10","10","0.8","0.8800000000000001","8.8","8.818","88.17999999999999","9","8","9","0.38584452827530313","","","","0","0","false","8.818","0.8817999999999999","0","","0","","0","","0","","0",""
"bm-100-v-10","floor","","0","100 Bridgemen","{""bridgeman"":100,""spearman"":0,""chull"":0,""scout"":0,""heavy"":0,""shardbearer"":0}","{}","[{""name"":""10 Bridgemen"",""units"":{""bridgeman"":10,""spearman"":0,""chull"":0,""scout"":0,""heavy"":0,""shardbearer"":0},""research"":{}}]","floor1","floor1","EXPERIMENTAL / 1% floor","1000","0","999","total","equal","0.01","100","0.6931471805599453","","50","5","-100","-100","100","100","0.025","0.05","5","5","5","5","5","5","0","","","","0","0","true","5","0.05","0","","0","","0","","0","","0",""
"bm-100-v-10","floor","","1","10 Bridgemen","{""bridgeman"":10,""spearman"":0,""chull"":0,""scout"":0,""heavy"":0,""shardbearer"":0}","{}","[{""name"":""100 Bridgemen"",""units"":{""bridgeman"":100,""spearman"":0,""chull"":0,""scout"":0,""heavy"":0,""shardbearer"":0},""research"":{}}]","floor1","floor1","EXPERIMENTAL / 1% floor","1000","0","999","total","equal","0.01","100","0.6931471805599453","","5","50","-10","-10","10","10","0.8","0.8800000000000001","8.8","8.818","88.17999999999999","9","8","9","0.38584452827530313","","","","0","0","false","8.818","0.8817999999999999","0","","0","","0","","0","","0",""
"bm-100-v-10","floor","","0","100 Bridgemen","{""bridgeman"":100,""spearman"":0,""chull"":0,""scout"":0,""heavy"":0,""shardbearer"":0}","{}","[{""name"":""10 Bridgemen"",""units"":{""bridgeman"":10,""spearman"":0,""chull"":0,""scout"":0,""heavy"":0,""shardbearer"":0},""research"":{}}]","floor0","floor0","EXPERIMENTAL / 0% floor","1000","0","999","total","equal","0","100","0.6931471805599453","","50","5","-100","-100","100","100","0.025","0.05","5","5","5","5","5","5","0","","","","0","0","true","5","0.05","0","","0","","0","","0","","0",""
"bm-100-v-10","floor","","1","10 Bridgemen","{""bridgeman"":10,""spearman"":0,""chull"":0,""scout"":0,""heavy"":0,""shardbearer"":0}","{}","[{""name"":""100 Bridgemen"",""units"":{""bridgeman"":100,""spearman"":0,""chull"":0,""scout"":0,""heavy"":0,""shardbearer"":0},""research"":{}}]","floor0","floor0","EXPERIMENTAL / 0% floor","1000","0","999","total","equal","0","100","0.6931471805599453","","5","50","-10","-10","10","10","0.8","0.8800000000000001","8.8","8.818","88.17999999999999","9","8","9","0.38584452827530313","","","","0","0","false","8.818","0.8817999999999999","0","","0","","0","","0","","0",""
"bm-100-v-10","floor","","0","100 Bridgemen","{""bridgeman"":100,""spearman"":0,""chull"":0,""scout"":0,""heavy"":0,""shardbearer"":0}","{}","[{""name"":""10 Bridgemen"",""units"":{""bridgeman"":10,""spearman"":0,""chull"":0,""scout"":0,""heavy"":0,""shardbearer"":0},""research"":{}}]","weighted","weighted","EXPERIMENTAL / weighted selection","1000","0","999","total","weighted","0.03","100","0.6931471805599453","","50","5","-100","-100","100","100","0.03","0.06","6","6","6","6","6","6","0","","","","0","0","true","6","0.06","0","","0","","0","","0","","0",""
"bm-100-v-10","floor","","1","10 Bridgemen","{""bridgeman"":10,""spearman"":0,""chull"":0,""scout"":0,""heavy"":0,""shardbearer"":0}","{}","[{""name"":""100 Bridgemen"",""units"":{""bridgeman"":100,""spearman"":0,""chull"":0,""scout"":0,""heavy"":0,""shardbearer"":0},""research"":{}}]","weighted","weighted","EXPERIMENTAL / weighted selection","1000","0","999","total","weighted","0.03","100","0.6931471805599453","","5","50","-10","-10","10","10","0.8","0.8800000000000001","8.8","8.818","88.17999999999999","9","8","9","0.38584452827530313","","","","0","0","false","8.818","0.8817999999999999","0","","0","","0","","0","","0",""
"bm-100-v-10","floor","","0","100 Bridgemen","{""bridgeman"":100,""spearman"":0,""chull"":0,""scout"":0,""heavy"":0,""shardbearer"":0}","{}","[{""name"":""10 Bridgemen"",""units"":{""bridgeman"":10,""spearman"":0,""chull"":0,""scout"":0,""heavy"":0,""shardbearer"":0},""research"":{}}]","normalized","normalized","EXPERIMENTAL / normalized Survival — NOT BALANCED","1000","0","999","density","equal","0.03","100","0.6931471805599453","","50","5","-100","-100","100","100","0.03","0.06","6","6","6","6","6","6","0","","","","0","0","true","6","0.06","0","","0","","0","","0","","0",""
"bm-100-v-10","floor","","1","10 Bridgemen","{""bridgeman"":10,""spearman"":0,""chull"":0,""scout"":0,""heavy"":0,""shardbearer"":0}","{}","[{""name"":""100 Bridgemen"",""units"":{""bridgeman"":100,""spearman"":0,""chull"":0,""scout"":0,""heavy"":0,""shardbearer"":0},""research"":{}}]","normalized","normalized","EXPERIMENTAL / normalized Survival — NOT BALANCED","1000","0","999","density","equal","0.03","100","0.6931471805599453","","5","50","-10","-100","10","10","0.8","0.95","9.5","9.516","95.16","10","9","10","0.49974393443041715","","","","0.516","0","false","9.516","0.9516","0","","0","","0","","0","","0",""
"bm-100-v-10","floor","","0","100 Bridgemen","{""bridgeman"":100,""spearman"":0,""chull"":0,""scout"":0,""heavy"":0,""shardbearer"":0}","{}","[{""name"":""10 Bridgemen"",""units"":{""bridgeman"":10,""spearman"":0,""chull"":0,""scout"":0,""heavy"":0,""shardbearer"":0},""research"":{}}]","normalized-weighted","normalized-weighted","EXPERIMENTAL / normalized + weighted — NOT BALANCED","1000","0","999","density","weighted","0.03","100","0.6931471805599453","","50","5","-100","-100","100","100","0.03","0.06","6","6","6","6","6","6","0","","","","0","0","true","6","0.06","0","","0","","0","","0","","0",""
"bm-100-v-10","floor","","1","10 Bridgemen","{""bridgeman"":10,""spearman"":0,""chull"":0,""scout"":0,""heavy"":0,""shardbearer"":0}","{}","[{""name"":""100 Bridgemen"",""units"":{""bridgeman"":100,""spearman"":0,""chull"":0,""scout"":0,""heavy"":0,""shardbearer"":0},""research"":{}}]","normalized-weighted","normalized-weighted","EXPERIMENTAL / normalized + weighted — NOT BALANCED","1000","0","999","density","weighted","0.03","100","0.6931471805599453","","5","50","-10","-100","10","10","0.8","0.95","9.5","9.516","95.16","10","9","10","0.49974393443041715","","","","0.516","0","false","9.516","0.9516","0","","0","","0","","0","","0",""
"bm-100-v-50","floor","","0","100 Bridgemen","{""bridgeman"":100,""spearman"":0,""chull"":0,""scout"":0,""heavy"":0,""shardbearer"":0}","{}","[{""name"":""50 Bridgemen"",""units"":{""bridgeman"":50,""spearman"":0,""chull"":0,""scout"":0,""heavy"":0,""shardbearer"":0},""research"":{}}]","current","current","CURRENT / BASELINE","1000","0","999","total","equal","0.03","100","0.6931471805599453","","50","25","-100","-100","100","100","0.125","0.25","25","25","25","25","25","25","0","","","","0","0","true","25","0.25","0","","0","","0","","0","","0",""
"bm-100-v-50","floor","","1","50 Bridgemen","{""bridgeman"":50,""spearman"":0,""chull"":0,""scout"":0,""heavy"":0,""shardbearer"":0}","{}","[{""name"":""100 Bridgemen"",""units"":{""bridgeman"":100,""spearman"":0,""chull"":0,""scout"":0,""heavy"":0,""shardbearer"":0},""research"":{}}]","current","current","CURRENT / BASELINE","1000","0","999","total","equal","0.03","100","0.6931471805599453","","25","50","-50","-50","50","50","0.5","0.75","37.5","37.496","74.992","37","37","38","0.49998399974399527","","","","0","0","false","37.496","0.74992","0","","0","","0","","0","","0",""
"bm-100-v-50","floor","","0","100 Bridgemen","{""bridgeman"":100,""spearman"":0,""chull"":0,""scout"":0,""heavy"":0,""shardbearer"":0}","{}","[{""name"":""50 Bridgemen"",""units"":{""bridgeman"":50,""spearman"":0,""chull"":0,""scout"":0,""heavy"":0,""shardbearer"":0},""research"":{}}]","floor1","floor1","EXPERIMENTAL / 1% floor","1000","0","999","total","equal","0.01","100","0.6931471805599453","","50","25","-100","-100","100","100","0.125","0.25","25","25","25","25","25","25","0","","","","0","0","true","25","0.25","0","","0","","0","","0","","0",""
"bm-100-v-50","floor","","1","50 Bridgemen","{""bridgeman"":50,""spearman"":0,""chull"":0,""scout"":0,""heavy"":0,""shardbearer"":0}","{}","[{""name"":""100 Bridgemen"",""units"":{""bridgeman"":100,""spearman"":0,""chull"":0,""scout"":0,""heavy"":0,""shardbearer"":0},""research"":{}}]","floor1","floor1","EXPERIMENTAL / 1% floor","1000","0","999","total","equal","0.01","100","0.6931471805599453","","25","50","-50","-50","50","50","0.5","0.75","37.5","37.496","74.992","37","37","38","0.49998399974399527","","","","0","0","false","37.496","0.74992","0","","0","","0","","0","","0",""
"bm-100-v-50","floor","","0","100 Bridgemen","{""bridgeman"":100,""spearman"":0,""chull"":0,""scout"":0,""heavy"":0,""shardbearer"":0}","{}","[{""name"":""50 Bridgemen"",""units"":{""bridgeman"":50,""spearman"":0,""chull"":0,""scout"":0,""heavy"":0,""shardbearer"":0},""research"":{}}]","floor0","floor0","EXPERIMENTAL / 0% floor","1000","0","999","total","equal","0","100","0.6931471805599453","","50","25","-100","-100","100","100","0.125","0.25","25","25","25","25","25","25","0","","","","0","0","true","25","0.25","0","","0","","0","","0","","0",""
"bm-100-v-50","floor","","1","50 Bridgemen","{""bridgeman"":50,""spearman"":0,""chull"":0,""scout"":0,""heavy"":0,""shardbearer"":0}","{}","[{""name"":""100 Bridgemen"",""units"":{""bridgeman"":100,""spearman"":0,""chull"":0,""scout"":0,""heavy"":0,""shardbearer"":0},""research"":{}}]","floor0","floor0","EXPERIMENTAL / 0% floor","1000","0","999","total","equal","0","100","0.6931471805599453","","25","50","-50","-50","50","50","0.5","0.75","37.5","37.496","74.992","37","37","38","0.49998399974399527","","","","0","0","false","37.496","0.74992","0","","0","","0","","0","","0",""
"bm-100-v-50","floor","","0","100 Bridgemen","{""bridgeman"":100,""spearman"":0,""chull"":0,""scout"":0,""heavy"":0,""shardbearer"":0}","{}","[{""name"":""50 Bridgemen"",""units"":{""bridgeman"":50,""spearman"":0,""chull"":0,""scout"":0,""heavy"":0,""shardbearer"":0},""research"":{}}]","weighted","weighted","EXPERIMENTAL / weighted selection","1000","0","999","total","weighted","0.03","100","0.6931471805599453","","50","25","-100","-100","100","100","0.125","0.25","25","25","25","25","25","25","0","","","","0","0","true","25","0.25","0","","0","","0","","0","","0",""
"bm-100-v-50","floor","","1","50 Bridgemen","{""bridgeman"":50,""spearman"":0,""chull"":0,""scout"":0,""heavy"":0,""shardbearer"":0}","{}","[{""name"":""100 Bridgemen"",""units"":{""bridgeman"":100,""spearman"":0,""chull"":0,""scout"":0,""heavy"":0,""shardbearer"":0},""research"":{}}]","weighted","weighted","EXPERIMENTAL / weighted selection","1000","0","999","total","weighted","0.03","100","0.6931471805599453","","25","50","-50","-50","50","50","0.5","0.75","37.5","37.496","74.992","37","37","38","0.49998399974399527","","","","0","0","false","37.496","0.74992","0","","0","","0","","0","","0",""
"bm-100-v-50","floor","","0","100 Bridgemen","{""bridgeman"":100,""spearman"":0,""chull"":0,""scout"":0,""heavy"":0,""shardbearer"":0}","{}","[{""name"":""50 Bridgemen"",""units"":{""bridgeman"":50,""spearman"":0,""chull"":0,""scout"":0,""heavy"":0,""shardbearer"":0},""research"":{}}]","normalized","normalized","EXPERIMENTAL / normalized Survival — NOT BALANCED","1000","0","999","density","equal","0.03","100","0.6931471805599453","","50","25","-100","-100","100","100","0.125","0.25","25","25","25","25","25","25","0","","","","0","0","true","25","0.25","0","","0","","0","","0","","0",""
"bm-100-v-50","floor","","1","50 Bridgemen","{""bridgeman"":50,""spearman"":0,""chull"":0,""scout"":0,""heavy"":0,""shardbearer"":0}","{}","[{""name"":""100 Bridgemen"",""units"":{""bridgeman"":100,""spearman"":0,""chull"":0,""scout"":0,""heavy"":0,""shardbearer"":0},""research"":{}}]","normalized","normalized","EXPERIMENTAL / normalized Survival — NOT BALANCED","1000","0","999","density","equal","0.03","100","0.6931471805599453","","25","50","-50","-100","50","50","0.5","0.95","47.5","47.496","94.992","47","47","48","0.49998399974399527","","","","0","0","false","47.496","0.9499200000000001","0","","0","","0","","0","","0",""
"bm-100-v-50","floor","","0","100 Bridgemen","{""bridgeman"":100,""spearman"":0,""chull"":0,""scout"":0,""heavy"":0,""shardbearer"":0}","{}","[{""name"":""50 Bridgemen"",""units"":{""bridgeman"":50,""spearman"":0,""chull"":0,""scout"":0,""heavy"":0,""shardbearer"":0},""research"":{}}]","normalized-weighted","normalized-weighted","EXPERIMENTAL / normalized + weighted — NOT BALANCED","1000","0","999","density","weighted","0.03","100","0.6931471805599453","","50","25","-100","-100","100","100","0.125","0.25","25","25","25","25","25","25","0","","","","0","0","true","25","0.25","0","","0","","0","","0","","0",""
"bm-100-v-50","floor","","1","50 Bridgemen","{""bridgeman"":50,""spearman"":0,""chull"":0,""scout"":0,""heavy"":0,""shardbearer"":0}","{}","[{""name"":""100 Bridgemen"",""units"":{""bridgeman"":100,""spearman"":0,""chull"":0,""scout"":0,""heavy"":0,""shardbearer"":0},""research"":{}}]","normalized-weighted","normalized-weighted","EXPERIMENTAL / normalized + weighted — NOT BALANCED","1000","0","999","density","weighted","0.03","100","0.6931471805599453","","25","50","-50","-100","50","50","0.5","0.95","47.5","47.496","94.992","47","47","48","0.49998399974399527","","","","0","0","false","47.496","0.9499200000000001","0","","0","","0","","0","","0",""
"bm-100-v-100","floor","","0","100 Bridgemen","{""bridgeman"":100,""spearman"":0,""chull"":0,""scout"":0,""heavy"":0,""shardbearer"":0}","{}","[{""name"":""100 Bridgemen"",""units"":{""bridgeman"":100,""spearman"":0,""chull"":0,""scout"":0,""heavy"":0,""shardbearer"":0},""research"":{}}]","current","current","CURRENT / BASELINE","1000","0","999","total","equal","0.03","100","0.6931471805599453","","50","50","-100","-100","100","100","0.25","0.5","50","50","50","50","50","50","0","","","","0","","false","50","0.5","0","","0","","0","","0","","0",""
"bm-100-v-100","floor","","1","100 Bridgemen","{""bridgeman"":100,""spearman"":0,""chull"":0,""scout"":0,""heavy"":0,""shardbearer"":0}","{}","[{""name"":""100 Bridgemen"",""units"":{""bridgeman"":100,""spearman"":0,""chull"":0,""scout"":0,""heavy"":0,""shardbearer"":0},""research"":{}}]","current","current","CURRENT / BASELINE","1000","0","999","total","equal","0.03","100","0.6931471805599453","","50","50","-100","-100","100","100","0.25","0.5","50","50","50","50","50","50","0","","","","0","","false","50","0.5","0","","0","","0","","0","","0",""
"bm-100-v-100","floor","","0","100 Bridgemen","{""bridgeman"":100,""spearman"":0,""chull"":0,""scout"":0,""heavy"":0,""shardbearer"":0}","{}","[{""name"":""100 Bridgemen"",""units"":{""bridgeman"":100,""spearman"":0,""chull"":0,""scout"":0,""heavy"":0,""shardbearer"":0},""research"":{}}]","floor1","floor1","EXPERIMENTAL / 1% floor","1000","0","999","total","equal","0.01","100","0.6931471805599453","","50","50","-100","-100","100","100","0.25","0.5","50","50","50","50","50","50","0","","","","0","","false","50","0.5","0","","0","","0","","0","","0",""
"bm-100-v-100","floor","","1","100 Bridgemen","{""bridgeman"":100,""spearman"":0,""chull"":0,""scout"":0,""heavy"":0,""shardbearer"":0}","{}","[{""name"":""100 Bridgemen"",""units"":{""bridgeman"":100,""spearman"":0,""chull"":0,""scout"":0,""heavy"":0,""shardbearer"":0},""research"":{}}]","floor1","floor1","EXPERIMENTAL / 1% floor","1000","0","999","total","equal","0.01","100","0.6931471805599453","","50","50","-100","-100","100","100","0.25","0.5","50","50","50","50","50","50","0","","","","0","","false","50","0.5","0","","0","","0","","0","","0",""
"bm-100-v-100","floor","","0","100 Bridgemen","{""bridgeman"":100,""spearman"":0,""chull"":0,""scout"":0,""heavy"":0,""shardbearer"":0}","{}","[{""name"":""100 Bridgemen"",""units"":{""bridgeman"":100,""spearman"":0,""chull"":0,""scout"":0,""heavy"":0,""shardbearer"":0},""research"":{}}]","floor0","floor0","EXPERIMENTAL / 0% floor","1000","0","999","total","equal","0","100","0.6931471805599453","","50","50","-100","-100","100","100","0.25","0.5","50","50","50","50","50","50","0","","","","0","","false","50","0.5","0","","0","","0","","0","","0",""
"bm-100-v-100","floor","","1","100 Bridgemen","{""bridgeman"":100,""spearman"":0,""chull"":0,""scout"":0,""heavy"":0,""shardbearer"":0}","{}","[{""name"":""100 Bridgemen"",""units"":{""bridgeman"":100,""spearman"":0,""chull"":0,""scout"":0,""heavy"":0,""shardbearer"":0},""research"":{}}]","floor0","floor0","EXPERIMENTAL / 0% floor","1000","0","999","total","equal","0","100","0.6931471805599453","","50","50","-100","-100","100","100","0.25","0.5","50","50","50","50","50","50","0","","","","0","","false","50","0.5","0","","0","","0","","0","","0",""
"bm-100-v-100","floor","","0","100 Bridgemen","{""bridgeman"":100,""spearman"":0,""chull"":0,""scout"":0,""heavy"":0,""shardbearer"":0}","{}","[{""name"":""100 Bridgemen"",""units"":{""bridgeman"":100,""spearman"":0,""chull"":0,""scout"":0,""heavy"":0,""shardbearer"":0},""research"":{}}]","weighted","weighted","EXPERIMENTAL / weighted selection","1000","0","999","total","weighted","0.03","100","0.6931471805599453","","50","50","-100","-100","100","100","0.25","0.5","50","50","50","50","50","50","0","","","","0","","false","50","0.5","0","","0","","0","","0","","0",""
"bm-100-v-100","floor","","1","100 Bridgemen","{""bridgeman"":100,""spearman"":0,""chull"":0,""scout"":0,""heavy"":0,""shardbearer"":0}","{}","[{""name"":""100 Bridgemen"",""units"":{""bridgeman"":100,""spearman"":0,""chull"":0,""scout"":0,""heavy"":0,""shardbearer"":0},""research"":{}}]","weighted","weighted","EXPERIMENTAL / weighted selection","1000","0","999","total","weighted","0.03","100","0.6931471805599453","","50","50","-100","-100","100","100","0.25","0.5","50","50","50","50","50","50","0","","","","0","","false","50","0.5","0","","0","","0","","0","","0",""
"bm-100-v-100","floor","","0","100 Bridgemen","{""bridgeman"":100,""spearman"":0,""chull"":0,""scout"":0,""heavy"":0,""shardbearer"":0}","{}","[{""name"":""100 Bridgemen"",""units"":{""bridgeman"":100,""spearman"":0,""chull"":0,""scout"":0,""heavy"":0,""shardbearer"":0},""research"":{}}]","normalized","normalized","EXPERIMENTAL / normalized Survival — NOT BALANCED","1000","0","999","density","equal","0.03","100","0.6931471805599453","","50","50","-100","-100","100","100","0.25","0.5","50","50","50","50","50","50","0","","","","0","","false","50","0.5","0","","0","","0","","0","","0",""
"bm-100-v-100","floor","","1","100 Bridgemen","{""bridgeman"":100,""spearman"":0,""chull"":0,""scout"":0,""heavy"":0,""shardbearer"":0}","{}","[{""name"":""100 Bridgemen"",""units"":{""bridgeman"":100,""spearman"":0,""chull"":0,""scout"":0,""heavy"":0,""shardbearer"":0},""research"":{}}]","normalized","normalized","EXPERIMENTAL / normalized Survival — NOT BALANCED","1000","0","999","density","equal","0.03","100","0.6931471805599453","","50","50","-100","-100","100","100","0.25","0.5","50","50","50","50","50","50","0","","","","0","","false","50","0.5","0","","0","","0","","0","","0",""
"bm-100-v-100","floor","","0","100 Bridgemen","{""bridgeman"":100,""spearman"":0,""chull"":0,""scout"":0,""heavy"":0,""shardbearer"":0}","{}","[{""name"":""100 Bridgemen"",""units"":{""bridgeman"":100,""spearman"":0,""chull"":0,""scout"":0,""heavy"":0,""shardbearer"":0},""research"":{}}]","normalized-weighted","normalized-weighted","EXPERIMENTAL / normalized + weighted — NOT BALANCED","1000","0","999","density","weighted","0.03","100","0.6931471805599453","","50","50","-100","-100","100","100","0.25","0.5","50","50","50","50","50","50","0","","","","0","","false","50","0.5","0","","0","","0","","0","","0",""
"bm-100-v-100","floor","","1","100 Bridgemen","{""bridgeman"":100,""spearman"":0,""chull"":0,""scout"":0,""heavy"":0,""shardbearer"":0}","{}","[{""name"":""100 Bridgemen"",""units"":{""bridgeman"":100,""spearman"":0,""chull"":0,""scout"":0,""heavy"":0,""shardbearer"":0},""research"":{}}]","normalized-weighted","normalized-weighted","EXPERIMENTAL / normalized + weighted — NOT BALANCED","1000","0","999","density","weighted","0.03","100","0.6931471805599453","","50","50","-100","-100","100","100","0.25","0.5","50","50","50","50","50","50","0","","","","0","","false","50","0.5","0","","0","","0","","0","","0",""
"scale-bm-1","scaling","","0","1 Bridgemen","{""bridgeman"":1,""spearman"":0,""chull"":0,""scout"":0,""heavy"":0,""shardbearer"":0}","{}","[{""name"":""1 Bridgemen"",""units"":{""bridgeman"":1,""spearman"":0,""chull"":0,""scout"":0,""heavy"":0,""shardbearer"":0},""research"":{}}]","current","current","CURRENT / BASELINE","1000","0","999","total","equal","0.03","100","0.6931471805599453","","0.5","0.5","-1","-1","1","1","0.25","0.2525","0.2525","0.25","25","0","0","1","0.4330127018922193","","","","0.25","","false","0.25","0.25","0","","0","","0","","0","","0",""
"scale-bm-1","scaling","","1","1 Bridgemen","{""bridgeman"":1,""spearman"":0,""chull"":0,""scout"":0,""heavy"":0,""shardbearer"":0}","{}","[{""name"":""1 Bridgemen"",""units"":{""bridgeman"":1,""spearman"":0,""chull"":0,""scout"":0,""heavy"":0,""shardbearer"":0},""research"":{}}]","current","current","CURRENT / BASELINE","1000","0","999","total","equal","0.03","100","0.6931471805599453","","0.5","0.5","-1","-1","1","1","0.25","0.2525","0.2525","0.246","24.6","0","0","1","0.4306785344082045","","","","0.246","","false","0.246","0.246","0","","0","","0","","0","","0",""
"scale-bm-1","scaling","","0","1 Bridgemen","{""bridgeman"":1,""spearman"":0,""chull"":0,""scout"":0,""heavy"":0,""shardbearer"":0}","{}","[{""name"":""1 Bridgemen"",""units"":{""bridgeman"":1,""spearman"":0,""chull"":0,""scout"":0,""heavy"":0,""shardbearer"":0},""research"":{}}]","floor1","floor1","EXPERIMENTAL / 1% floor","1000","0","999","total","equal","0.01","100","0.6931471805599453","","0.5","0.5","-1","-1","1","1","0.25","0.2525","0.2525","0.25","25","0","0","1","0.4330127018922193","","","","0.25","","false","0.25","0.25","0","","0","","0","","0","","0",""
"scale-bm-1","scaling","","1","1 Bridgemen","{""bridgeman"":1,""spearman"":0,""chull"":0,""scout"":0,""heavy"":0,""shardbearer"":0}","{}","[{""name"":""1 Bridgemen"",""units"":{""bridgeman"":1,""spearman"":0,""chull"":0,""scout"":0,""heavy"":0,""shardbearer"":0},""research"":{}}]","floor1","floor1","EXPERIMENTAL / 1% floor","1000","0","999","total","equal","0.01","100","0.6931471805599453","","0.5","0.5","-1","-1","1","1","0.25","0.2525","0.2525","0.246","24.6","0","0","1","0.4306785344082045","","","","0.246","","false","0.246","0.246","0","","0","","0","","0","","0",""
"scale-bm-1","scaling","","0","1 Bridgemen","{""bridgeman"":1,""spearman"":0,""chull"":0,""scout"":0,""heavy"":0,""shardbearer"":0}","{}","[{""name"":""1 Bridgemen"",""units"":{""bridgeman"":1,""spearman"":0,""chull"":0,""scout"":0,""heavy"":0,""shardbearer"":0},""research"":{}}]","floor0","floor0","EXPERIMENTAL / 0% floor","1000","0","999","total","equal","0","100","0.6931471805599453","","0.5","0.5","-1","-1","1","1","0.25","0.2525","0.2525","0.25","25","0","0","1","0.4330127018922193","","","","0.25","","false","0.25","0.25","0","","0","","0","","0","","0",""
"scale-bm-1","scaling","","1","1 Bridgemen","{""bridgeman"":1,""spearman"":0,""chull"":0,""scout"":0,""heavy"":0,""shardbearer"":0}","{}","[{""name"":""1 Bridgemen"",""units"":{""bridgeman"":1,""spearman"":0,""chull"":0,""scout"":0,""heavy"":0,""shardbearer"":0},""research"":{}}]","floor0","floor0","EXPERIMENTAL / 0% floor","1000","0","999","total","equal","0","100","0.6931471805599453","","0.5","0.5","-1","-1","1","1","0.25","0.2525","0.2525","0.246","24.6","0","0","1","0.4306785344082045","","","","0.246","","false","0.246","0.246","0","","0","","0","","0","","0",""
"scale-bm-1","scaling","","0","1 Bridgemen","{""bridgeman"":1,""spearman"":0,""chull"":0,""scout"":0,""heavy"":0,""shardbearer"":0}","{}","[{""name"":""1 Bridgemen"",""units"":{""bridgeman"":1,""spearman"":0,""chull"":0,""scout"":0,""heavy"":0,""shardbearer"":0},""research"":{}}]","weighted","weighted","EXPERIMENTAL / weighted selection","1000","0","999","total","weighted","0.03","100","0.6931471805599453","","0.5","0.5","-1","-1","1","1","0.25","0.2525","0.2525","0.25","25","0","0","1","0.4330127018922193","","","","0.25","","false","0.25","0.25","0","","0","","0","","0","","0",""
"scale-bm-1","scaling","","1","1 Bridgemen","{""bridgeman"":1,""spearman"":0,""chull"":0,""scout"":0,""heavy"":0,""shardbearer"":0}","{}","[{""name"":""1 Bridgemen"",""units"":{""bridgeman"":1,""spearman"":0,""chull"":0,""scout"":0,""heavy"":0,""shardbearer"":0},""research"":{}}]","weighted","weighted","EXPERIMENTAL / weighted selection","1000","0","999","total","weighted","0.03","100","0.6931471805599453","","0.5","0.5","-1","-1","1","1","0.25","0.2525","0.2525","0.246","24.6","0","0","1","0.4306785344082045","","","","0.246","","false","0.246","0.246","0","","0","","0","","0","","0",""
"scale-bm-1","scaling","","0","1 Bridgemen","{""bridgeman"":1,""spearman"":0,""chull"":0,""scout"":0,""heavy"":0,""shardbearer"":0}","{}","[{""name"":""1 Bridgemen"",""units"":{""bridgeman"":1,""spearman"":0,""chull"":0,""scout"":0,""heavy"":0,""shardbearer"":0},""research"":{}}]","normalized","normalized","EXPERIMENTAL / normalized Survival — NOT BALANCED","1000","0","999","density","equal","0.03","100","0.6931471805599453","","0.5","0.5","-1","-100","1","1","0.25","0.5","0.5","0.489","48.9","0","0","1","0.4998789853554562","","","","0.489","","false","0.489","0.489","0","","0","","0","","0","","0",""
"scale-bm-1","scaling","","1","1 Bridgemen","{""bridgeman"":1,""spearman"":0,""chull"":0,""scout"":0,""heavy"":0,""shardbearer"":0}","{}","[{""name"":""1 Bridgemen"",""units"":{""bridgeman"":1,""spearman"":0,""chull"":0,""scout"":0,""heavy"":0,""shardbearer"":0},""research"":{}}]","normalized","normalized","EXPERIMENTAL / normalized Survival — NOT BALANCED","1000","0","999","density","equal","0.03","100","0.6931471805599453","","0.5","0.5","-1","-100","1","1","0.25","0.5","0.5","0.491","49.1","0","0","1","0.49991899343793983","","","","0.491","","false","0.491","0.491","0","","0","","0","","0","","0",""
"scale-bm-1","scaling","","0","1 Bridgemen","{""bridgeman"":1,""spearman"":0,""chull"":0,""scout"":0,""heavy"":0,""shardbearer"":0}","{}","[{""name"":""1 Bridgemen"",""units"":{""bridgeman"":1,""spearman"":0,""chull"":0,""scout"":0,""heavy"":0,""shardbearer"":0},""research"":{}}]","normalized-weighted","normalized-weighted","EXPERIMENTAL / normalized + weighted — NOT BALANCED","1000","0","999","density","weighted","0.03","100","0.6931471805599453","","0.5","0.5","-1","-100","1","1","0.25","0.5","0.5","0.489","48.9","0","0","1","0.4998789853554562","","","","0.489","","false","0.489","0.489","0","","0","","0","","0","","0",""
"scale-bm-1","scaling","","1","1 Bridgemen","{""bridgeman"":1,""spearman"":0,""chull"":0,""scout"":0,""heavy"":0,""shardbearer"":0}","{}","[{""name"":""1 Bridgemen"",""units"":{""bridgeman"":1,""spearman"":0,""chull"":0,""scout"":0,""heavy"":0,""shardbearer"":0},""research"":{}}]","normalized-weighted","normalized-weighted","EXPERIMENTAL / normalized + weighted — NOT BALANCED","1000","0","999","density","weighted","0.03","100","0.6931471805599453","","0.5","0.5","-1","-100","1","1","0.25","0.5","0.5","0.491","49.1","0","0","1","0.49991899343793983","","","","0.491","","false","0.491","0.491","0","","0","","0","","0","","0",""
"scale-sp-1","scaling","","0","1 Spearmen","{""bridgeman"":0,""spearman"":1,""chull"":0,""scout"":0,""heavy"":0,""shardbearer"":0}","{}","[{""name"":""1 Spearmen"",""units"":{""bridgeman"":0,""spearman"":1,""chull"":0,""scout"":0,""heavy"":0,""shardbearer"":0},""research"":{}}]","current","current","CURRENT / BASELINE","1000","0","999","total","equal","0.03","100","0.6931471805599453","","1","1","1","1","1","0.5","0.25","0.24752475247524752","0.24752475247524752","0.229","22.900000000000002","0","0","1","0.4201892430798299","","","","0.229","","false","0","","0.229","0.229","0","","0","","0","","0",""
"scale-sp-1","scaling","","1","1 Spearmen","{""bridgeman"":0,""spearman"":1,""chull"":0,""scout"":0,""heavy"":0,""shardbearer"":0}","{}","[{""name"":""1 Spearmen"",""units"":{""bridgeman"":0,""spearman"":1,""chull"":0,""scout"":0,""heavy"":0,""shardbearer"":0},""research"":{}}]","current","current","CURRENT / BASELINE","1000","0","999","total","equal","0.03","100","0.6931471805599453","","1","1","1","1","1","0.5","0.25","0.24752475247524752","0.24752475247524752","0.253","25.3","0","0","1","0.43473095127906297","","","","0.253","","false","0","","0.253","0.253","0","","0","","0","","0",""
"scale-sp-1","scaling","","0","1 Spearmen","{""bridgeman"":0,""spearman"":1,""chull"":0,""scout"":0,""heavy"":0,""shardbearer"":0}","{}","[{""name"":""1 Spearmen"",""units"":{""bridgeman"":0,""spearman"":1,""chull"":0,""scout"":0,""heavy"":0,""shardbearer"":0},""research"":{}}]","floor1","floor1","EXPERIMENTAL / 1% floor","1000","0","999","total","equal","0.01","100","0.6931471805599453","","1","1","1","1","1","0.5","0.25","0.24752475247524752","0.24752475247524752","0.229","22.900000000000002","0","0","1","0.4201892430798299","","","","0.229","","false","0","","0.229","0.229","0","","0","","0","","0",""
"scale-sp-1","scaling","","1","1 Spearmen","{""bridgeman"":0,""spearman"":1,""chull"":0,""scout"":0,""heavy"":0,""shardbearer"":0}","{}","[{""name"":""1 Spearmen"",""units"":{""bridgeman"":0,""spearman"":1,""chull"":0,""scout"":0,""heavy"":0,""shardbearer"":0},""research"":{}}]","floor1","floor1","EXPERIMENTAL / 1% floor","1000","0","999","total","equal","0.01","100","0.6931471805599453","","1","1","1","1","1","0.5","0.25","0.24752475247524752","0.24752475247524752","0.253","25.3","0","0","1","0.43473095127906297","","","","0.253","","false","0","","0.253","0.253","0","","0","","0","","0",""
"scale-sp-1","scaling","","0","1 Spearmen","{""bridgeman"":0,""spearman"":1,""chull"":0,""scout"":0,""heavy"":0,""shardbearer"":0}","{}","[{""name"":""1 Spearmen"",""units"":{""bridgeman"":0,""spearman"":1,""chull"":0,""scout"":0,""heavy"":0,""shardbearer"":0},""research"":{}}]","floor0","floor0","EXPERIMENTAL / 0% floor","1000","0","999","total","equal","0","100","0.6931471805599453","","1","1","1","1","1","0.5","0.25","0.24752475247524752","0.24752475247524752","0.229","22.900000000000002","0","0","1","0.4201892430798299","","","","0.229","","false","0","","0.229","0.229","0","","0","","0","","0",""
"scale-sp-1","scaling","","1","1 Spearmen","{""bridgeman"":0,""spearman"":1,""chull"":0,""scout"":0,""heavy"":0,""shardbearer"":0}","{}","[{""name"":""1 Spearmen"",""units"":{""bridgeman"":0,""spearman"":1,""chull"":0,""scout"":0,""heavy"":0,""shardbearer"":0},""research"":{}}]","floor0","floor0","EXPERIMENTAL / 0% floor","1000","0","999","total","equal","0","100","0.6931471805599453","","1","1","1","1","1","0.5","0.25","0.24752475247524752","0.24752475247524752","0.253","25.3","0","0","1","0.43473095127906297","","","","0.253","","false","0","","0.253","0.253","0","","0","","0","","0",""
"scale-sp-1","scaling","","0","1 Spearmen","{""bridgeman"":0,""spearman"":1,""chull"":0,""scout"":0,""heavy"":0,""shardbearer"":0}","{}","[{""name"":""1 Spearmen"",""units"":{""bridgeman"":0,""spearman"":1,""chull"":0,""scout"":0,""heavy"":0,""shardbearer"":0},""research"":{}}]","weighted","weighted","EXPERIMENTAL / weighted selection","1000","0","999","total","weighted","0.03","100","0.6931471805599453","","1","1","1","1","1","0.5","0.25","0.24752475247524752","0.24752475247524752","0.229","22.900000000000002","0","0","1","0.4201892430798299","","","","0.229","","false","0","","0.229","0.229","0","","0","","0","","0",""
"scale-sp-1","scaling","","1","1 Spearmen","{""bridgeman"":0,""spearman"":1,""chull"":0,""scout"":0,""heavy"":0,""shardbearer"":0}","{}","[{""name"":""1 Spearmen"",""units"":{""bridgeman"":0,""spearman"":1,""chull"":0,""scout"":0,""heavy"":0,""shardbearer"":0},""research"":{}}]","weighted","weighted","EXPERIMENTAL / weighted selection","1000","0","999","total","weighted","0.03","100","0.6931471805599453","","1","1","1","1","1","0.5","0.25","0.24752475247524752","0.24752475247524752","0.253","25.3","0","0","1","0.43473095127906297","","","","0.253","","false","0","","0.253","0.253","0","","0","","0","","0",""
"scale-sp-1","scaling","","0","1 Spearmen","{""bridgeman"":0,""spearman"":1,""chull"":0,""scout"":0,""heavy"":0,""shardbearer"":0}","{}","[{""name"":""1 Spearmen"",""units"":{""bridgeman"":0,""spearman"":1,""chull"":0,""scout"":0,""heavy"":0,""shardbearer"":0},""research"":{}}]","normalized","normalized","EXPERIMENTAL / normalized Survival — NOT BALANCED","1000","0","999","density","equal","0.03","100","0.6931471805599453","","1","1","1","100","1","0.5","0.25","0.125","0.125","0.119","11.899999999999999","0","0","1","0.3237885112229894","","","","0.119","","false","0","","0.119","0.119","0","","0","","0","","0",""
"scale-sp-1","scaling","","1","1 Spearmen","{""bridgeman"":0,""spearman"":1,""chull"":0,""scout"":0,""heavy"":0,""shardbearer"":0}","{}","[{""name"":""1 Spearmen"",""units"":{""bridgeman"":0,""spearman"":1,""chull"":0,""scout"":0,""heavy"":0,""shardbearer"":0},""research"":{}}]","normalized","normalized","EXPERIMENTAL / normalized Survival — NOT BALANCED","1000","0","999","density","equal","0.03","100","0.6931471805599453","","1","1","1","100","1","0.5","0.25","0.125","0.125","0.133","13.3","0","0","1","0.3395747340424492","","","","0.133","","false","0","","0.133","0.133","0","","0","","0","","0",""
"scale-sp-1","scaling","","0","1 Spearmen","{""bridgeman"":0,""spearman"":1,""chull"":0,""scout"":0,""heavy"":0,""shardbearer"":0}","{}","[{""name"":""1 Spearmen"",""units"":{""bridgeman"":0,""spearman"":1,""chull"":0,""scout"":0,""heavy"":0,""shardbearer"":0},""research"":{}}]","normalized-weighted","normalized-weighted","EXPERIMENTAL / normalized + weighted — NOT BALANCED","1000","0","999","density","weighted","0.03","100","0.6931471805599453","","1","1","1","100","1","0.5","0.25","0.125","0.125","0.119","11.899999999999999","0","0","1","0.3237885112229894","","","","0.119","","false","0","","0.119","0.119","0","","0","","0","","0",""
"scale-sp-1","scaling","","1","1 Spearmen","{""bridgeman"":0,""spearman"":1,""chull"":0,""scout"":0,""heavy"":0,""shardbearer"":0}","{}","[{""name"":""1 Spearmen"",""units"":{""bridgeman"":0,""spearman"":1,""chull"":0,""scout"":0,""heavy"":0,""shardbearer"":0},""research"":{}}]","normalized-weighted","normalized-weighted","EXPERIMENTAL / normalized + weighted — NOT BALANCED","1000","0","999","density","weighted","0.03","100","0.6931471805599453","","1","1","1","100","1","0.5","0.25","0.125","0.125","0.133","13.3","0","0","1","0.3395747340424492","","","","0.133","","false","0","","0.133","0.133","0","","0","","0","","0",""
"scale-bm-5","scaling","","0","5 Bridgemen","{""bridgeman"":5,""spearman"":0,""chull"":0,""scout"":0,""heavy"":0,""shardbearer"":0}","{}","[{""name"":""5 Bridgemen"",""units"":{""bridgeman"":5,""spearman"":0,""chull"":0,""scout"":0,""heavy"":0,""shardbearer"":0},""research"":{}}]","current","current","CURRENT / BASELINE","1000","0","999","total","equal","0.03","100","0.6931471805599453","","2.5","2.5","-5","-5","5","5","0.25","0.2625","1.3125","1.308","26.160000000000004","1","1","2","0.46166654632970594","","","","0","","false","1.308","0.2616","0","","0","","0","","0","","0",""
"scale-bm-5","scaling","","1","5 Bridgemen","{""bridgeman"":5,""spearman"":0,""chull"":0,""scout"":0,""heavy"":0,""shardbearer"":0}","{}","[{""name"":""5 Bridgemen"",""units"":{""bridgeman"":5,""spearman"":0,""chull"":0,""scout"":0,""heavy"":0,""shardbearer"":0},""research"":{}}]","current","current","CURRENT / BASELINE","1000","0","999","total","equal","0.03","100","0.6931471805599453","","2.5","2.5","-5","-5","5","5","0.25","0.2625","1.3125","1.305","26.1","1","1","2","0.4604074282632705","","","","0","","false","1.305","0.261","0","","0","","0","","0","","0",""
"scale-bm-5","scaling","","0","5 Bridgemen","{""bridgeman"":5,""spearman"":0,""chull"":0,""scout"":0,""heavy"":0,""shardbearer"":0}","{}","[{""name"":""5 Bridgemen"",""units"":{""bridgeman"":5,""spearman"":0,""chull"":0,""scout"":0,""heavy"":0,""shardbearer"":0},""research"":{}}]","floor1","floor1","EXPERIMENTAL / 1% floor","1000","0","999","total","equal","0.01","100","0.6931471805599453","","2.5","2.5","-5","-5","5","5","0.25","0.2625","1.3125","1.308","26.160000000000004","1","1","2","0.46166654632970594","","","","0","","false","1.308","0.2616","0","","0","","0","","0","","0",""
"scale-bm-5","scaling","","1","5 Bridgemen","{""bridgeman"":5,""spearman"":0,""chull"":0,""scout"":0,""heavy"":0,""shardbearer"":0}","{}","[{""name"":""5 Bridgemen"",""units"":{""bridgeman"":5,""spearman"":0,""chull"":0,""scout"":0,""heavy"":0,""shardbearer"":0},""research"":{}}]","floor1","floor1","EXPERIMENTAL / 1% floor","1000","0","999","total","equal","0.01","100","0.6931471805599453","","2.5","2.5","-5","-5","5","5","0.25","0.2625","1.3125","1.305","26.1","1","1","2","0.4604074282632705","","","","0","","false","1.305","0.261","0","","0","","0","","0","","0",""
"scale-bm-5","scaling","","0","5 Bridgemen","{""bridgeman"":5,""spearman"":0,""chull"":0,""scout"":0,""heavy"":0,""shardbearer"":0}","{}","[{""name"":""5 Bridgemen"",""units"":{""bridgeman"":5,""spearman"":0,""chull"":0,""scout"":0,""heavy"":0,""shardbearer"":0},""research"":{}}]","floor0","floor0","EXPERIMENTAL / 0% floor","1000","0","999","total","equal","0","100","0.6931471805599453","","2.5","2.5","-5","-5","5","5","0.25","0.2625","1.3125","1.308","26.160000000000004","1","1","2","0.46166654632970594","","","","0","","false","1.308","0.2616","0","","0","","0","","0","","0",""
"scale-bm-5","scaling","","1","5 Bridgemen","{""bridgeman"":5,""spearman"":0,""chull"":0,""scout"":0,""heavy"":0,""shardbearer"":0}","{}","[{""name"":""5 Bridgemen"",""units"":{""bridgeman"":5,""spearman"":0,""chull"":0,""scout"":0,""heavy"":0,""shardbearer"":0},""research"":{}}]","floor0","floor0","EXPERIMENTAL / 0% floor","1000","0","999","total","equal","0","100","0.6931471805599453","","2.5","2.5","-5","-5","5","5","0.25","0.2625","1.3125","1.305","26.1","1","1","2","0.4604074282632705","","","","0","","false","1.305","0.261","0","","0","","0","","0","","0",""
"scale-bm-5","scaling","","0","5 Bridgemen","{""bridgeman"":5,""spearman"":0,""chull"":0,""scout"":0,""heavy"":0,""shardbearer"":0}","{}","[{""name"":""5 Bridgemen"",""units"":{""bridgeman"":5,""spearman"":0,""chull"":0,""scout"":0,""heavy"":0,""shardbearer"":0},""research"":{}}]","weighted","weighted","EXPERIMENTAL / weighted selection","1000","0","999","total","weighted","0.03","100","0.6931471805599453","","2.5","2.5","-5","-5","5","5","0.25","0.2625","1.3125","1.308","26.160000000000004","1","1","2","0.46166654632970594","","","","0","","false","1.308","0.2616","0","","0","","0","","0","","0",""
"scale-bm-5","scaling","","1","5 Bridgemen","{""bridgeman"":5,""spearman"":0,""chull"":0,""scout"":0,""heavy"":0,""shardbearer"":0}","{}","[{""name"":""5 Bridgemen"",""units"":{""bridgeman"":5,""spearman"":0,""chull"":0,""scout"":0,""heavy"":0,""shardbearer"":0},""research"":{}}]","weighted","weighted","EXPERIMENTAL / weighted selection","1000","0","999","total","weighted","0.03","100","0.6931471805599453","","2.5","2.5","-5","-5","5","5","0.25","0.2625","1.3125","1.305","26.1","1","1","2","0.4604074282632705","","","","0","","false","1.305","0.261","0","","0","","0","","0","","0",""
"scale-bm-5","scaling","","0","5 Bridgemen","{""bridgeman"":5,""spearman"":0,""chull"":0,""scout"":0,""heavy"":0,""shardbearer"":0}","{}","[{""name"":""5 Bridgemen"",""units"":{""bridgeman"":5,""spearman"":0,""chull"":0,""scout"":0,""heavy"":0,""shardbearer"":0},""research"":{}}]","normalized","normalized","EXPERIMENTAL / normalized Survival — NOT BALANCED","1000","0","999","density","equal","0.03","100","0.6931471805599453","","2.5","2.5","-5","-100","5","5","0.25","0.5","2.5","2.506","50.11999999999999","3","2","3","0.4999639987039025","","","","0","","false","2.506","0.5012","0","","0","","0","","0","","0",""
"scale-bm-5","scaling","","1","5 Bridgemen","{""bridgeman"":5,""spearman"":0,""chull"":0,""scout"":0,""heavy"":0,""shardbearer"":0}","{}","[{""name"":""5 Bridgemen"",""units"":{""bridgeman"":5,""spearman"":0,""chull"":0,""scout"":0,""heavy"":0,""shardbearer"":0},""research"":{}}]","normalized","normalized","EXPERIMENTAL / normalized Survival — NOT BALANCED","1000","0","999","density","equal","0.03","100","0.6931471805599453","","2.5","2.5","-5","-100","5","5","0.25","0.5","2.5","2.501","50.019999999999996","3","2","3","0.4999989999989973","","","","0","","false","2.501","0.5002","0","","0","","0","","0","","0",""
"scale-bm-5","scaling","","0","5 Bridgemen","{""bridgeman"":5,""spearman"":0,""chull"":0,""scout"":0,""heavy"":0,""shardbearer"":0}","{}","[{""name"":""5 Bridgemen"",""units"":{""bridgeman"":5,""spearman"":0,""chull"":0,""scout"":0,""heavy"":0,""shardbearer"":0},""research"":{}}]","normalized-weighted","normalized-weighted","EXPERIMENTAL / normalized + weighted — NOT BALANCED","1000","0","999","density","weighted","0.03","100","0.6931471805599453","","2.5","2.5","-5","-100","5","5","0.25","0.5","2.5","2.506","50.11999999999999","3","2","3","0.4999639987039025","","","","0","","false","2.506","0.5012","0","","0","","0","","0","","0",""
"scale-bm-5","scaling","","1","5 Bridgemen","{""bridgeman"":5,""spearman"":0,""chull"":0,""scout"":0,""heavy"":0,""shardbearer"":0}","{}","[{""name"":""5 Bridgemen"",""units"":{""bridgeman"":5,""spearman"":0,""chull"":0,""scout"":0,""heavy"":0,""shardbearer"":0},""research"":{}}]","normalized-weighted","normalized-weighted","EXPERIMENTAL / normalized + weighted — NOT BALANCED","1000","0","999","density","weighted","0.03","100","0.6931471805599453","","2.5","2.5","-5","-100","5","5","0.25","0.5","2.5","2.501","50.019999999999996","3","2","3","0.4999989999989973","","","","0","","false","2.501","0.5002","0","","0","","0","","0","","0",""
"scale-sp-5","scaling","","0","5 Spearmen","{""bridgeman"":0,""spearman"":5,""chull"":0,""scout"":0,""heavy"":0,""shardbearer"":0}","{}","[{""name"":""5 Spearmen"",""units"":{""bridgeman"":0,""spearman"":5,""chull"":0,""scout"":0,""heavy"":0,""shardbearer"":0},""research"":{}}]","current","current","CURRENT / BASELINE","1000","0","999","total","equal","0.03","100","0.6931471805599453","","5","5","5","5","5","2.5","0.25","0.23809523809523808","1.1904761904761905","1.17","23.4","1","1","2","0.3756327994198591","","","","0","","false","0","","1.17","0.23399999999999999","0","","0","","0","","0",""
"scale-sp-5","scaling","","1","5 Spearmen","{""bridgeman"":0,""spearman"":5,""chull"":0,""scout"":0,""heavy"":0,""shardbearer"":0}","{}","[{""name"":""5 Spearmen"",""units"":{""bridgeman"":0,""spearman"":5,""chull"":0,""scout"":0,""heavy"":0,""shardbearer"":0},""research"":{}}]","current","current","CURRENT / BASELINE","1000","0","999","total","equal","0.03","100","0.6931471805599453","","5","5","5","5","5","2.5","0.25","0.23809523809523808","1.1904761904761905","1.191","23.82","1","1","2","0.3930890484355929","","","","0","","false","0","","1.191","0.23820000000000002","0","","0","","0","","0",""
"scale-sp-5","scaling","","0","5 Spearmen","{""bridgeman"":0,""spearman"":5,""chull"":0,""scout"":0,""heavy"":0,""shardbearer"":0}","{}","[{""name"":""5 Spearmen"",""units"":{""bridgeman"":0,""spearman"":5,""chull"":0,""scout"":0,""heavy"":0,""shardbearer"":0},""research"":{}}]","floor1","floor1","EXPERIMENTAL / 1% floor","1000","0","999","total","equal","0.01","100","0.6931471805599453","","5","5","5","5","5","2.5","0.25","0.23809523809523808","1.1904761904761905","1.17","23.4","1","1","2","0.3756327994198591","","","","0","","false","0","","1.17","0.23399999999999999","0","","0","","0","","0",""
"scale-sp-5","scaling","","1","5 Spearmen","{""bridgeman"":0,""spearman"":5,""chull"":0,""scout"":0,""heavy"":0,""shardbearer"":0}","{}","[{""name"":""5 Spearmen"",""units"":{""bridgeman"":0,""spearman"":5,""chull"":0,""scout"":0,""heavy"":0,""shardbearer"":0},""research"":{}}]","floor1","floor1","EXPERIMENTAL / 1% floor","1000","0","999","total","equal","0.01","100","0.6931471805599453","","5","5","5","5","5","2.5","0.25","0.23809523809523808","1.1904761904761905","1.191","23.82","1","1","2","0.3930890484355929","","","","0","","false","0","","1.191","0.23820000000000002","0","","0","","0","","0",""
"scale-sp-5","scaling","","0","5 Spearmen","{""bridgeman"":0,""spearman"":5,""chull"":0,""scout"":0,""heavy"":0,""shardbearer"":0}","{}","[{""name"":""5 Spearmen"",""units"":{""bridgeman"":0,""spearman"":5,""chull"":0,""scout"":0,""heavy"":0,""shardbearer"":0},""research"":{}}]","floor0","floor0","EXPERIMENTAL / 0% floor","1000","0","999","total","equal","0","100","0.6931471805599453","","5","5","5","5","5","2.5","0.25","0.23809523809523808","1.1904761904761905","1.17","23.4","1","1","2","0.3756327994198591","","","","0","","false","0","","1.17","0.23399999999999999","0","","0","","0","","0",""
"scale-sp-5","scaling","","1","5 Spearmen","{""bridgeman"":0,""spearman"":5,""chull"":0,""scout"":0,""heavy"":0,""shardbearer"":0}","{}","[{""name"":""5 Spearmen"",""units"":{""bridgeman"":0,""spearman"":5,""chull"":0,""scout"":0,""heavy"":0,""shardbearer"":0},""research"":{}}]","floor0","floor0","EXPERIMENTAL / 0% floor","1000","0","999","total","equal","0","100","0.6931471805599453","","5","5","5","5","5","2.5","0.25","0.23809523809523808","1.1904761904761905","1.191","23.82","1","1","2","0.3930890484355929","","","","0","","false","0","","1.191","0.23820000000000002","0","","0","","0","","0",""
"scale-sp-5","scaling","","0","5 Spearmen","{""bridgeman"":0,""spearman"":5,""chull"":0,""scout"":0,""heavy"":0,""shardbearer"":0}","{}","[{""name"":""5 Spearmen"",""units"":{""bridgeman"":0,""spearman"":5,""chull"":0,""scout"":0,""heavy"":0,""shardbearer"":0},""research"":{}}]","weighted","weighted","EXPERIMENTAL / weighted selection","1000","0","999","total","weighted","0.03","100","0.6931471805599453","","5","5","5","5","5","2.5","0.25","0.23809523809523808","1.1904761904761905","1.17","23.4","1","1","2","0.3756327994198591","","","","0","","false","0","","1.17","0.23399999999999999","0","","0","","0","","0",""
"scale-sp-5","scaling","","1","5 Spearmen","{""bridgeman"":0,""spearman"":5,""chull"":0,""scout"":0,""heavy"":0,""shardbearer"":0}","{}","[{""name"":""5 Spearmen"",""units"":{""bridgeman"":0,""spearman"":5,""chull"":0,""scout"":0,""heavy"":0,""shardbearer"":0},""research"":{}}]","weighted","weighted","EXPERIMENTAL / weighted selection","1000","0","999","total","weighted","0.03","100","0.6931471805599453","","5","5","5","5","5","2.5","0.25","0.23809523809523808","1.1904761904761905","1.191","23.82","1","1","2","0.3930890484355929","","","","0","","false","0","","1.191","0.23820000000000002","0","","0","","0","","0",""
"scale-sp-5","scaling","","0","5 Spearmen","{""bridgeman"":0,""spearman"":5,""chull"":0,""scout"":0,""heavy"":0,""shardbearer"":0}","{}","[{""name"":""5 Spearmen"",""units"":{""bridgeman"":0,""spearman"":5,""chull"":0,""scout"":0,""heavy"":0,""shardbearer"":0},""research"":{}}]","normalized","normalized","EXPERIMENTAL / normalized Survival — NOT BALANCED","1000","0","999","density","equal","0.03","100","0.6931471805599453","","5","5","5","100","5","2.5","0.25","0.125","0.625","0.606","12.120000000000001","1","0","1","0.4886348329785768","","","","0","","false","0","","0.606","0.1212","0","","0","","0","","0",""
"scale-sp-5","scaling","","1","5 Spearmen","{""bridgeman"":0,""spearman"":5,""chull"":0,""scout"":0,""heavy"":0,""shardbearer"":0}","{}","[{""name"":""5 Spearmen"",""units"":{""bridgeman"":0,""spearman"":5,""chull"":0,""scout"":0,""heavy"":0,""shardbearer"":0},""research"":{}}]","normalized","normalized","EXPERIMENTAL / normalized Survival — NOT BALANCED","1000","0","999","density","equal","0.03","100","0.6931471805599453","","5","5","5","100","5","2.5","0.25","0.125","0.625","0.624","12.48","1","0","1","0.48438001610306414","","","","0","","false","0","","0.624","0.1248","0","","0","","0","","0",""
"scale-sp-5","scaling","","0","5 Spearmen","{""bridgeman"":0,""spearman"":5,""chull"":0,""scout"":0,""heavy"":0,""shardbearer"":0}","{}","[{""name"":""5 Spearmen"",""units"":{""bridgeman"":0,""spearman"":5,""chull"":0,""scout"":0,""heavy"":0,""shardbearer"":0},""research"":{}}]","normalized-weighted","normalized-weighted","EXPERIMENTAL / normalized + weighted — NOT BALANCED","1000","0","999","density","weighted","0.03","100","0.6931471805599453","","5","5","5","100","5","2.5","0.25","0.125","0.625","0.606","12.120000000000001","1","0","1","0.4886348329785768","","","","0","","false","0","","0.606","0.1212","0","","0","","0","","0",""
"scale-sp-5","scaling","","1","5 Spearmen","{""bridgeman"":0,""spearman"":5,""chull"":0,""scout"":0,""heavy"":0,""shardbearer"":0}","{}","[{""name"":""5 Spearmen"",""units"":{""bridgeman"":0,""spearman"":5,""chull"":0,""scout"":0,""heavy"":0,""shardbearer"":0},""research"":{}}]","normalized-weighted","normalized-weighted","EXPERIMENTAL / normalized + weighted — NOT BALANCED","1000","0","999","density","weighted","0.03","100","0.6931471805599453","","5","5","5","100","5","2.5","0.25","0.125","0.625","0.624","12.48","1","0","1","0.48438001610306414","","","","0","","false","0","","0.624","0.1248","0","","0","","0","","0",""
"scale-bm-10","scaling","","0","10 Bridgemen","{""bridgeman"":10,""spearman"":0,""chull"":0,""scout"":0,""heavy"":0,""shardbearer"":0}","{}","[{""name"":""10 Bridgemen"",""units"":{""bridgeman"":10,""spearman"":0,""chull"":0,""scout"":0,""heavy"":0,""shardbearer"":0},""research"":{}}]","current","current","CURRENT / BASELINE","1000","0","999","total","equal","0.03","100","0.6931471805599453","","5","5","-10","-10","10","10","0.25","0.275","2.75","2.734","27.339999999999996","3","2","3","0.44186423254207013","","","","0","","false","2.734","0.2734","0","","0","","0","","0","","0",""
"scale-bm-10","scaling","","1","10 Bridgemen","{""bridgeman"":10,""spearman"":0,""chull"":0,""scout"":0,""heavy"":0,""shardbearer"":0}","{}","[{""name"":""10 Bridgemen"",""units"":{""bridgeman"":10,""spearman"":0,""chull"":0,""scout"":0,""heavy"":0,""shardbearer"":0},""research"":{}}]","current","current","CURRENT / BASELINE","1000","0","999","total","equal","0.03","100","0.6931471805599453","","5","5","-10","-10","10","10","0.25","0.275","2.75","2.746","27.46","3","2","3","0.43529759935014367","","","","0","","false","2.746","0.2746","0","","0","","0","","0","","0",""
"scale-bm-10","scaling","","0","10 Bridgemen","{""bridgeman"":10,""spearman"":0,""chull"":0,""scout"":0,""heavy"":0,""shardbearer"":0}","{}","[{""name"":""10 Bridgemen"",""units"":{""bridgeman"":10,""spearman"":0,""chull"":0,""scout"":0,""heavy"":0,""shardbearer"":0},""research"":{}}]","floor1","floor1","EXPERIMENTAL / 1% floor","1000","0","999","total","equal","0.01","100","0.6931471805599453","","5","5","-10","-10","10","10","0.25","0.275","2.75","2.734","27.339999999999996","3","2","3","0.44186423254207013","","","","0","","false","2.734","0.2734","0","","0","","0","","0","","0",""
"scale-bm-10","scaling","","1","10 Bridgemen","{""bridgeman"":10,""spearman"":0,""chull"":0,""scout"":0,""heavy"":0,""shardbearer"":0}","{}","[{""name"":""10 Bridgemen"",""units"":{""bridgeman"":10,""spearman"":0,""chull"":0,""scout"":0,""heavy"":0,""shardbearer"":0},""research"":{}}]","floor1","floor1","EXPERIMENTAL / 1% floor","1000","0","999","total","equal","0.01","100","0.6931471805599453","","5","5","-10","-10","10","10","0.25","0.275","2.75","2.746","27.46","3","2","3","0.43529759935014367","","","","0","","false","2.746","0.2746","0","","0","","0","","0","","0",""
"scale-bm-10","scaling","","0","10 Bridgemen","{""bridgeman"":10,""spearman"":0,""chull"":0,""scout"":0,""heavy"":0,""shardbearer"":0}","{}","[{""name"":""10 Bridgemen"",""units"":{""bridgeman"":10,""spearman"":0,""chull"":0,""scout"":0,""heavy"":0,""shardbearer"":0},""research"":{}}]","floor0","floor0","EXPERIMENTAL / 0% floor","1000","0","999","total","equal","0","100","0.6931471805599453","","5","5","-10","-10","10","10","0.25","0.275","2.75","2.734","27.339999999999996","3","2","3","0.44186423254207013","","","","0","","false","2.734","0.2734","0","","0","","0","","0","","0",""
"scale-bm-10","scaling","","1","10 Bridgemen","{""bridgeman"":10,""spearman"":0,""chull"":0,""scout"":0,""heavy"":0,""shardbearer"":0}","{}","[{""name"":""10 Bridgemen"",""units"":{""bridgeman"":10,""spearman"":0,""chull"":0,""scout"":0,""heavy"":0,""shardbearer"":0},""research"":{}}]","floor0","floor0","EXPERIMENTAL / 0% floor","1000","0","999","total","equal","0","100","0.6931471805599453","","5","5","-10","-10","10","10","0.25","0.275","2.75","2.746","27.46","3","2","3","0.43529759935014367","","","","0","","false","2.746","0.2746","0","","0","","0","","0","","0",""
"scale-bm-10","scaling","","0","10 Bridgemen","{""bridgeman"":10,""spearman"":0,""chull"":0,""scout"":0,""heavy"":0,""shardbearer"":0}","{}","[{""name"":""10 Bridgemen"",""units"":{""bridgeman"":10,""spearman"":0,""chull"":0,""scout"":0,""heavy"":0,""shardbearer"":0},""research"":{}}]","weighted","weighted","EXPERIMENTAL / weighted selection","1000","0","999","total","weighted","0.03","100","0.6931471805599453","","5","5","-10","-10","10","10","0.25","0.275","2.75","2.734","27.339999999999996","3","2","3","0.44186423254207013","","","","0","","false","2.734","0.2734","0","","0","","0","","0","","0",""
"scale-bm-10","scaling","","1","10 Bridgemen","{""bridgeman"":10,""spearman"":0,""chull"":0,""scout"":0,""heavy"":0,""shardbearer"":0}","{}","[{""name"":""10 Bridgemen"",""units"":{""bridgeman"":10,""spearman"":0,""chull"":0,""scout"":0,""heavy"":0,""shardbearer"":0},""research"":{}}]","weighted","weighted","EXPERIMENTAL / weighted selection","1000","0","999","total","weighted","0.03","100","0.6931471805599453","","5","5","-10","-10","10","10","0.25","0.275","2.75","2.746","27.46","3","2","3","0.43529759935014367","","","","0","","false","2.746","0.2746","0","","0","","0","","0","","0",""
"scale-bm-10","scaling","","0","10 Bridgemen","{""bridgeman"":10,""spearman"":0,""chull"":0,""scout"":0,""heavy"":0,""shardbearer"":0}","{}","[{""name"":""10 Bridgemen"",""units"":{""bridgeman"":10,""spearman"":0,""chull"":0,""scout"":0,""heavy"":0,""shardbearer"":0},""research"":{}}]","normalized","normalized","EXPERIMENTAL / normalized Survival — NOT BALANCED","1000","0","999","density","equal","0.03","100","0.6931471805599453","","5","5","-10","-100","10","10","0.25","0.5","5","5","50","5","5","5","0","","","","0","","false","5","0.5","0","","0","","0","","0","","0",""
"scale-bm-10","scaling","","1","10 Bridgemen","{""bridgeman"":10,""spearman"":0,""chull"":0,""scout"":0,""heavy"":0,""shardbearer"":0}","{}","[{""name"":""10 Bridgemen"",""units"":{""bridgeman"":10,""spearman"":0,""chull"":0,""scout"":0,""heavy"":0,""shardbearer"":0},""research"":{}}]","normalized","normalized","EXPERIMENTAL / normalized Survival — NOT BALANCED","1000","0","999","density","equal","0.03","100","0.6931471805599453","","5","5","-10","-100","10","10","0.25","0.5","5","5","50","5","5","5","0","","","","0","","false","5","0.5","0","","0","","0","","0","","0",""
"scale-bm-10","scaling","","0","10 Bridgemen","{""bridgeman"":10,""spearman"":0,""chull"":0,""scout"":0,""heavy"":0,""shardbearer"":0}","{}","[{""name"":""10 Bridgemen"",""units"":{""bridgeman"":10,""spearman"":0,""chull"":0,""scout"":0,""heavy"":0,""shardbearer"":0},""research"":{}}]","normalized-weighted","normalized-weighted","EXPERIMENTAL / normalized + weighted — NOT BALANCED","1000","0","999","density","weighted","0.03","100","0.6931471805599453","","5","5","-10","-100","10","10","0.25","0.5","5","5","50","5","5","5","0","","","","0","","false","5","0.5","0","","0","","0","","0","","0",""
"scale-bm-10","scaling","","1","10 Bridgemen","{""bridgeman"":10,""spearman"":0,""chull"":0,""scout"":0,""heavy"":0,""shardbearer"":0}","{}","[{""name"":""10 Bridgemen"",""units"":{""bridgeman"":10,""spearman"":0,""chull"":0,""scout"":0,""heavy"":0,""shardbearer"":0},""research"":{}}]","normalized-weighted","normalized-weighted","EXPERIMENTAL / normalized + weighted — NOT BALANCED","1000","0","999","density","weighted","0.03","100","0.6931471805599453","","5","5","-10","-100","10","10","0.25","0.5","5","5","50","5","5","5","0","","","","0","","false","5","0.5","0","","0","","0","","0","","0",""
"scale-sp-10","scaling","","0","10 Spearmen","{""bridgeman"":0,""spearman"":10,""chull"":0,""scout"":0,""heavy"":0,""shardbearer"":0}","{}","[{""name"":""10 Spearmen"",""units"":{""bridgeman"":0,""spearman"":10,""chull"":0,""scout"":0,""heavy"":0,""shardbearer"":0},""research"":{}}]","current","current","CURRENT / BASELINE","1000","0","999","total","equal","0.03","100","0.6931471805599453","","10","10","10","10","10","5","0.25","0.22727272727272727","2.2727272727272725","2.281","22.810000000000002","2","2","3","0.4494874859214664","","","","0","","false","0","","2.281","0.22810000000000002","0","","0","","0","","0",""
"scale-sp-10","scaling","","1","10 Spearmen","{""bridgeman"":0,""spearman"":10,""chull"":0,""scout"":0,""heavy"":0,""shardbearer"":0}","{}","[{""name"":""10 Spearmen"",""units"":{""bridgeman"":0,""spearman"":10,""chull"":0,""scout"":0,""heavy"":0,""shardbearer"":0},""research"":{}}]","current","current","CURRENT / BASELINE","1000","0","999","total","equal","0.03","100","0.6931471805599453","","10","10","10","10","10","5","0.25","0.22727272727272727","2.2727272727272725","2.281","22.810000000000002","2","2","3","0.4494874859214664","","","","0","","false","0","","2.281","0.22810000000000002","0","","0","","0","","0",""
"scale-sp-10","scaling","","0","10 Spearmen","{""bridgeman"":0,""spearman"":10,""chull"":0,""scout"":0,""heavy"":0,""shardbearer"":0}","{}","[{""name"":""10 Spearmen"",""units"":{""bridgeman"":0,""spearman"":10,""chull"":0,""scout"":0,""heavy"":0,""shardbearer"":0},""research"":{}}]","floor1","floor1","EXPERIMENTAL / 1% floor","1000","0","999","total","equal","0.01","100","0.6931471805599453","","10","10","10","10","10","5","0.25","0.22727272727272727","2.2727272727272725","2.281","22.810000000000002","2","2","3","0.4494874859214664","","","","0","","false","0","","2.281","0.22810000000000002","0","","0","","0","","0",""
"scale-sp-10","scaling","","1","10 Spearmen","{""bridgeman"":0,""spearman"":10,""chull"":0,""scout"":0,""heavy"":0,""shardbearer"":0}","{}","[{""name"":""10 Spearmen"",""units"":{""bridgeman"":0,""spearman"":10,""chull"":0,""scout"":0,""heavy"":0,""shardbearer"":0},""research"":{}}]","floor1","floor1","EXPERIMENTAL / 1% floor","1000","0","999","total","equal","0.01","100","0.6931471805599453","","10","10","10","10","10","5","0.25","0.22727272727272727","2.2727272727272725","2.281","22.810000000000002","2","2","3","0.4494874859214664","","","","0","","false","0","","2.281","0.22810000000000002","0","","0","","0","","0",""
"scale-sp-10","scaling","","0","10 Spearmen","{""bridgeman"":0,""spearman"":10,""chull"":0,""scout"":0,""heavy"":0,""shardbearer"":0}","{}","[{""name"":""10 Spearmen"",""units"":{""bridgeman"":0,""spearman"":10,""chull"":0,""scout"":0,""heavy"":0,""shardbearer"":0},""research"":{}}]","floor0","floor0","EXPERIMENTAL / 0% floor","1000","0","999","total","equal","0","100","0.6931471805599453","","10","10","10","10","10","5","0.25","0.22727272727272727","2.2727272727272725","2.281","22.810000000000002","2","2","3","0.4494874859214664","","","","0","","false","0","","2.281","0.22810000000000002","0","","0","","0","","0",""
"scale-sp-10","scaling","","1","10 Spearmen","{""bridgeman"":0,""spearman"":10,""chull"":0,""scout"":0,""heavy"":0,""shardbearer"":0}","{}","[{""name"":""10 Spearmen"",""units"":{""bridgeman"":0,""spearman"":10,""chull"":0,""scout"":0,""heavy"":0,""shardbearer"":0},""research"":{}}]","floor0","floor0","EXPERIMENTAL / 0% floor","1000","0","999","total","equal","0","100","0.6931471805599453","","10","10","10","10","10","5","0.25","0.22727272727272727","2.2727272727272725","2.281","22.810000000000002","2","2","3","0.4494874859214664","","","","0","","false","0","","2.281","0.22810000000000002","0","","0","","0","","0",""
"scale-sp-10","scaling","","0","10 Spearmen","{""bridgeman"":0,""spearman"":10,""chull"":0,""scout"":0,""heavy"":0,""shardbearer"":0}","{}","[{""name"":""10 Spearmen"",""units"":{""bridgeman"":0,""spearman"":10,""chull"":0,""scout"":0,""heavy"":0,""shardbearer"":0},""research"":{}}]","weighted","weighted","EXPERIMENTAL / weighted selection","1000","0","999","total","weighted","0.03","100","0.6931471805599453","","10","10","10","10","10","5","0.25","0.22727272727272727","2.2727272727272725","2.281","22.810000000000002","2","2","3","0.4494874859214664","","","","0","","false","0","","2.281","0.22810000000000002","0","","0","","0","","0",""
"scale-sp-10","scaling","","1","10 Spearmen","{""bridgeman"":0,""spearman"":10,""chull"":0,""scout"":0,""heavy"":0,""shardbearer"":0}","{}","[{""name"":""10 Spearmen"",""units"":{""bridgeman"":0,""spearman"":10,""chull"":0,""scout"":0,""heavy"":0,""shardbearer"":0},""research"":{}}]","weighted","weighted","EXPERIMENTAL / weighted selection","1000","0","999","total","weighted","0.03","100","0.6931471805599453","","10","10","10","10","10","5","0.25","0.22727272727272727","2.2727272727272725","2.281","22.810000000000002","2","2","3","0.4494874859214664","","","","0","","false","0","","2.281","0.22810000000000002","0","","0","","0","","0",""
"scale-sp-10","scaling","","0","10 Spearmen","{""bridgeman"":0,""spearman"":10,""chull"":0,""scout"":0,""heavy"":0,""shardbearer"":0}","{}","[{""name"":""10 Spearmen"",""units"":{""bridgeman"":0,""spearman"":10,""chull"":0,""scout"":0,""heavy"":0,""shardbearer"":0},""research"":{}}]","normalized","normalized","EXPERIMENTAL / normalized Survival — NOT BALANCED","1000","0","999","density","equal","0.03","100","0.6931471805599453","","10","10","10","100","10","5","0.25","0.125","1.25","1.253","12.529999999999998","1","1","2","0.4347309512790629","","","","0","","false","0","","1.253","0.1253","0","","0","","0","","0",""
"scale-sp-10","scaling","","1","10 Spearmen","{""bridgeman"":0,""spearman"":10,""chull"":0,""scout"":0,""heavy"":0,""shardbearer"":0}","{}","[{""name"":""10 Spearmen"",""units"":{""bridgeman"":0,""spearman"":10,""chull"":0,""scout"":0,""heavy"":0,""shardbearer"":0},""research"":{}}]","normalized","normalized","EXPERIMENTAL / normalized Survival — NOT BALANCED","1000","0","999","density","equal","0.03","100","0.6931471805599453","","10","10","10","100","10","5","0.25","0.125","1.25","1.26","12.6","1","1","2","0.4386342439892244","","","","0","","false","0","","1.26","0.126","0","","0","","0","","0",""
"scale-sp-10","scaling","","0","10 Spearmen","{""bridgeman"":0,""spearman"":10,""chull"":0,""scout"":0,""heavy"":0,""shardbearer"":0}","{}","[{""name"":""10 Spearmen"",""units"":{""bridgeman"":0,""spearman"":10,""chull"":0,""scout"":0,""heavy"":0,""shardbearer"":0},""research"":{}}]","normalized-weighted","normalized-weighted","EXPERIMENTAL / normalized + weighted — NOT BALANCED","1000","0","999","density","weighted","0.03","100","0.6931471805599453","","10","10","10","100","10","5","0.25","0.125","1.25","1.253","12.529999999999998","1","1","2","0.4347309512790629","","","","0","","false","0","","1.253","0.1253","0","","0","","0","","0",""
"scale-sp-10","scaling","","1","10 Spearmen","{""bridgeman"":0,""spearman"":10,""chull"":0,""scout"":0,""heavy"":0,""shardbearer"":0}","{}","[{""name"":""10 Spearmen"",""units"":{""bridgeman"":0,""spearman"":10,""chull"":0,""scout"":0,""heavy"":0,""shardbearer"":0},""research"":{}}]","normalized-weighted","normalized-weighted","EXPERIMENTAL / normalized + weighted — NOT BALANCED","1000","0","999","density","weighted","0.03","100","0.6931471805599453","","10","10","10","100","10","5","0.25","0.125","1.25","1.26","12.6","1","1","2","0.4386342439892244","","","","0","","false","0","","1.26","0.126","0","","0","","0","","0",""
"scale-bm-25","scaling","","0","25 Bridgemen","{""bridgeman"":25,""spearman"":0,""chull"":0,""scout"":0,""heavy"":0,""shardbearer"":0}","{}","[{""name"":""25 Bridgemen"",""units"":{""bridgeman"":25,""spearman"":0,""chull"":0,""scout"":0,""heavy"":0,""shardbearer"":0},""research"":{}}]","current","current","CURRENT / BASELINE","1000","0","999","total","equal","0.03","100","0.6931471805599453","","12.5","12.5","-25","-25","25","25","0.25","0.3125","7.8125","7.803","31.212","8","7","8","0.39773232204585657","","","","0","","false","7.803","0.31212","0","","0","","0","","0","","0",""
"scale-bm-25","scaling","","1","25 Bridgemen","{""bridgeman"":25,""spearman"":0,""chull"":0,""scout"":0,""heavy"":0,""shardbearer"":0}","{}","[{""name"":""25 Bridgemen"",""units"":{""bridgeman"":25,""spearman"":0,""chull"":0,""scout"":0,""heavy"":0,""shardbearer"":0},""research"":{}}]","current","current","CURRENT / BASELINE","1000","0","999","total","equal","0.03","100","0.6931471805599453","","12.5","12.5","-25","-25","25","25","0.25","0.3125","7.8125","7.815","31.26","8","7","8","0.3882975663070734","","","","0","","false","7.815","0.3126","0","","0","","0","","0","","0",""
"scale-bm-25","scaling","","0","25 Bridgemen","{""bridgeman"":25,""spearman"":0,""chull"":0,""scout"":0,""heavy"":0,""shardbearer"":0}","{}","[{""name"":""25 Bridgemen"",""units"":{""bridgeman"":25,""spearman"":0,""chull"":0,""scout"":0,""heavy"":0,""shardbearer"":0},""research"":{}}]","floor1","floor1","EXPERIMENTAL / 1% floor","1000","0","999","total","equal","0.01","100","0.6931471805599453","","12.5","12.5","-25","-25","25","25","0.25","0.3125","7.8125","7.803","31.212","8","7","8","0.39773232204585657","","","","0","","false","7.803","0.31212","0","","0","","0","","0","","0",""
"scale-bm-25","scaling","","1","25 Bridgemen","{""bridgeman"":25,""spearman"":0,""chull"":0,""scout"":0,""heavy"":0,""shardbearer"":0}","{}","[{""name"":""25 Bridgemen"",""units"":{""bridgeman"":25,""spearman"":0,""chull"":0,""scout"":0,""heavy"":0,""shardbearer"":0},""research"":{}}]","floor1","floor1","EXPERIMENTAL / 1% floor","1000","0","999","total","equal","0.01","100","0.6931471805599453","","12.5","12.5","-25","-25","25","25","0.25","0.3125","7.8125","7.815","31.26","8","7","8","0.3882975663070734","","","","0","","false","7.815","0.3126","0","","0","","0","","0","","0",""
"scale-bm-25","scaling","","0","25 Bridgemen","{""bridgeman"":25,""spearman"":0,""chull"":0,""scout"":0,""heavy"":0,""shardbearer"":0}","{}","[{""name"":""25 Bridgemen"",""units"":{""bridgeman"":25,""spearman"":0,""chull"":0,""scout"":0,""heavy"":0,""shardbearer"":0},""research"":{}}]","floor0","floor0","EXPERIMENTAL / 0% floor","1000","0","999","total","equal","0","100","0.6931471805599453","","12.5","12.5","-25","-25","25","25","0.25","0.3125","7.8125","7.803","31.212","8","7","8","0.39773232204585657","","","","0","","false","7.803","0.31212","0","","0","","0","","0","","0",""
"scale-bm-25","scaling","","1","25 Bridgemen","{""bridgeman"":25,""spearman"":0,""chull"":0,""scout"":0,""heavy"":0,""shardbearer"":0}","{}","[{""name"":""25 Bridgemen"",""units"":{""bridgeman"":25,""spearman"":0,""chull"":0,""scout"":0,""heavy"":0,""shardbearer"":0},""research"":{}}]","floor0","floor0","EXPERIMENTAL / 0% floor","1000","0","999","total","equal","0","100","0.6931471805599453","","12.5","12.5","-25","-25","25","25","0.25","0.3125","7.8125","7.815","31.26","8","7","8","0.3882975663070734","","","","0","","false","7.815","0.3126","0","","0","","0","","0","","0",""
"scale-bm-25","scaling","","0","25 Bridgemen","{""bridgeman"":25,""spearman"":0,""chull"":0,""scout"":0,""heavy"":0,""shardbearer"":0}","{}","[{""name"":""25 Bridgemen"",""units"":{""bridgeman"":25,""spearman"":0,""chull"":0,""scout"":0,""heavy"":0,""shardbearer"":0},""research"":{}}]","weighted","weighted","EXPERIMENTAL / weighted selection","1000","0","999","total","weighted","0.03","100","0.6931471805599453","","12.5","12.5","-25","-25","25","25","0.25","0.3125","7.8125","7.803","31.212","8","7","8","0.39773232204585657","","","","0","","false","7.803","0.31212","0","","0","","0","","0","","0",""
"scale-bm-25","scaling","","1","25 Bridgemen","{""bridgeman"":25,""spearman"":0,""chull"":0,""scout"":0,""heavy"":0,""shardbearer"":0}","{}","[{""name"":""25 Bridgemen"",""units"":{""bridgeman"":25,""spearman"":0,""chull"":0,""scout"":0,""heavy"":0,""shardbearer"":0},""research"":{}}]","weighted","weighted","EXPERIMENTAL / weighted selection","1000","0","999","total","weighted","0.03","100","0.6931471805599453","","12.5","12.5","-25","-25","25","25","0.25","0.3125","7.8125","7.815","31.26","8","7","8","0.3882975663070734","","","","0","","false","7.815","0.3126","0","","0","","0","","0","","0",""
"scale-bm-25","scaling","","0","25 Bridgemen","{""bridgeman"":25,""spearman"":0,""chull"":0,""scout"":0,""heavy"":0,""shardbearer"":0}","{}","[{""name"":""25 Bridgemen"",""units"":{""bridgeman"":25,""spearman"":0,""chull"":0,""scout"":0,""heavy"":0,""shardbearer"":0},""research"":{}}]","normalized","normalized","EXPERIMENTAL / normalized Survival — NOT BALANCED","1000","0","999","density","equal","0.03","100","0.6931471805599453","","12.5","12.5","-25","-100","25","25","0.25","0.5","12.5","12.51","50.04","13","12","13","0.4998999899980046","","","","0","","false","12.51","0.5004","0","","0","","0","","0","","0",""
"scale-bm-25","scaling","","1","25 Bridgemen","{""bridgeman"":25,""spearman"":0,""chull"":0,""scout"":0,""heavy"":0,""shardbearer"":0}","{}","[{""name"":""25 Bridgemen"",""units"":{""bridgeman"":25,""spearman"":0,""chull"":0,""scout"":0,""heavy"":0,""shardbearer"":0},""research"":{}}]","normalized","normalized","EXPERIMENTAL / normalized Survival — NOT BALANCED","1000","0","999","density","equal","0.03","100","0.6931471805599453","","12.5","12.5","-25","-100","25","25","0.25","0.5","12.5","12.517","50.068000000000005","13","12","13","0.49971091643069776","","","","0","","false","12.517","0.50068","0","","0","","0","","0","","0",""
"scale-bm-25","scaling","","0","25 Bridgemen","{""bridgeman"":25,""spearman"":0,""chull"":0,""scout"":0,""heavy"":0,""shardbearer"":0}","{}","[{""name"":""25 Bridgemen"",""units"":{""bridgeman"":25,""spearman"":0,""chull"":0,""scout"":0,""heavy"":0,""shardbearer"":0},""research"":{}}]","normalized-weighted","normalized-weighted","EXPERIMENTAL / normalized + weighted — NOT BALANCED","1000","0","999","density","weighted","0.03","100","0.6931471805599453","","12.5","12.5","-25","-100","25","25","0.25","0.5","12.5","12.51","50.04","13","12","13","0.4998999899980046","","","","0","","false","12.51","0.5004","0","","0","","0","","0","","0",""
"scale-bm-25","scaling","","1","25 Bridgemen","{""bridgeman"":25,""spearman"":0,""chull"":0,""scout"":0,""heavy"":0,""shardbearer"":0}","{}","[{""name"":""25 Bridgemen"",""units"":{""bridgeman"":25,""spearman"":0,""chull"":0,""scout"":0,""heavy"":0,""shardbearer"":0},""research"":{}}]","normalized-weighted","normalized-weighted","EXPERIMENTAL / normalized + weighted — NOT BALANCED","1000","0","999","density","weighted","0.03","100","0.6931471805599453","","12.5","12.5","-25","-100","25","25","0.25","0.5","12.5","12.517","50.068000000000005","13","12","13","0.49971091643069776","","","","0","","false","12.517","0.50068","0","","0","","0","","0","","0",""
"scale-sp-25","scaling","","0","25 Spearmen","{""bridgeman"":0,""spearman"":25,""chull"":0,""scout"":0,""heavy"":0,""shardbearer"":0}","{}","[{""name"":""25 Spearmen"",""units"":{""bridgeman"":0,""spearman"":25,""chull"":0,""scout"":0,""heavy"":0,""shardbearer"":0},""research"":{}}]","current","current","CURRENT / BASELINE","1000","0","999","total","equal","0.03","100","0.6931471805599453","","25","25","25","25","25","12.5","0.25","0.2","5","5","20","5","5","5","0","","","","0","","false","0","","5","0.2","0","","0","","0","","0",""
"scale-sp-25","scaling","","1","25 Spearmen","{""bridgeman"":0,""spearman"":25,""chull"":0,""scout"":0,""heavy"":0,""shardbearer"":0}","{}","[{""name"":""25 Spearmen"",""units"":{""bridgeman"":0,""spearman"":25,""chull"":0,""scout"":0,""heavy"":0,""shardbearer"":0},""research"":{}}]","current","current","CURRENT / BASELINE","1000","0","999","total","equal","0.03","100","0.6931471805599453","","25","25","25","25","25","12.5","0.25","0.2","5","5","20","5","5","5","0","","","","0","","false","0","","5","0.2","0","","0","","0","","0",""
"scale-sp-25","scaling","","0","25 Spearmen","{""bridgeman"":0,""spearman"":25,""chull"":0,""scout"":0,""heavy"":0,""shardbearer"":0}","{}","[{""name"":""25 Spearmen"",""units"":{""bridgeman"":0,""spearman"":25,""chull"":0,""scout"":0,""heavy"":0,""shardbearer"":0},""research"":{}}]","floor1","floor1","EXPERIMENTAL / 1% floor","1000","0","999","total","equal","0.01","100","0.6931471805599453","","25","25","25","25","25","12.5","0.25","0.2","5","5","20","5","5","5","0","","","","0","","false","0","","5","0.2","0","","0","","0","","0",""
"scale-sp-25","scaling","","1","25 Spearmen","{""bridgeman"":0,""spearman"":25,""chull"":0,""scout"":0,""heavy"":0,""shardbearer"":0}","{}","[{""name"":""25 Spearmen"",""units"":{""bridgeman"":0,""spearman"":25,""chull"":0,""scout"":0,""heavy"":0,""shardbearer"":0},""research"":{}}]","floor1","floor1","EXPERIMENTAL / 1% floor","1000","0","999","total","equal","0.01","100","0.6931471805599453","","25","25","25","25","25","12.5","0.25","0.2","5","5","20","5","5","5","0","","","","0","","false","0","","5","0.2","0","","0","","0","","0",""
"scale-sp-25","scaling","","0","25 Spearmen","{""bridgeman"":0,""spearman"":25,""chull"":0,""scout"":0,""heavy"":0,""shardbearer"":0}","{}","[{""name"":""25 Spearmen"",""units"":{""bridgeman"":0,""spearman"":25,""chull"":0,""scout"":0,""heavy"":0,""shardbearer"":0},""research"":{}}]","floor0","floor0","EXPERIMENTAL / 0% floor","1000","0","999","total","equal","0","100","0.6931471805599453","","25","25","25","25","25","12.5","0.25","0.2","5","5","20","5","5","5","0","","","","0","","false","0","","5","0.2","0","","0","","0","","0",""
"scale-sp-25","scaling","","1","25 Spearmen","{""bridgeman"":0,""spearman"":25,""chull"":0,""scout"":0,""heavy"":0,""shardbearer"":0}","{}","[{""name"":""25 Spearmen"",""units"":{""bridgeman"":0,""spearman"":25,""chull"":0,""scout"":0,""heavy"":0,""shardbearer"":0},""research"":{}}]","floor0","floor0","EXPERIMENTAL / 0% floor","1000","0","999","total","equal","0","100","0.6931471805599453","","25","25","25","25","25","12.5","0.25","0.2","5","5","20","5","5","5","0","","","","0","","false","0","","5","0.2","0","","0","","0","","0",""
"scale-sp-25","scaling","","0","25 Spearmen","{""bridgeman"":0,""spearman"":25,""chull"":0,""scout"":0,""heavy"":0,""shardbearer"":0}","{}","[{""name"":""25 Spearmen"",""units"":{""bridgeman"":0,""spearman"":25,""chull"":0,""scout"":0,""heavy"":0,""shardbearer"":0},""research"":{}}]","weighted","weighted","EXPERIMENTAL / weighted selection","1000","0","999","total","weighted","0.03","100","0.6931471805599453","","25","25","25","25","25","12.5","0.25","0.2","5","5","20","5","5","5","0","","","","0","","false","0","","5","0.2","0","","0","","0","","0",""
"scale-sp-25","scaling","","1","25 Spearmen","{""bridgeman"":0,""spearman"":25,""chull"":0,""scout"":0,""heavy"":0,""shardbearer"":0}","{}","[{""name"":""25 Spearmen"",""units"":{""bridgeman"":0,""spearman"":25,""chull"":0,""scout"":0,""heavy"":0,""shardbearer"":0},""research"":{}}]","weighted","weighted","EXPERIMENTAL / weighted selection","1000","0","999","total","weighted","0.03","100","0.6931471805599453","","25","25","25","25","25","12.5","0.25","0.2","5","5","20","5","5","5","0","","","","0","","false","0","","5","0.2","0","","0","","0","","0",""
"scale-sp-25","scaling","","0","25 Spearmen","{""bridgeman"":0,""spearman"":25,""chull"":0,""scout"":0,""heavy"":0,""shardbearer"":0}","{}","[{""name"":""25 Spearmen"",""units"":{""bridgeman"":0,""spearman"":25,""chull"":0,""scout"":0,""heavy"":0,""shardbearer"":0},""research"":{}}]","normalized","normalized","EXPERIMENTAL / normalized Survival — NOT BALANCED","1000","0","999","density","equal","0.03","100","0.6931471805599453","","25","25","25","100","25","12.5","0.25","0.125","3.125","3.11","12.44","3","3","4","0.31288975694324067","","","","0","","false","0","","3.11","0.1244","0","","0","","0","","0",""
"scale-sp-25","scaling","","1","25 Spearmen","{""bridgeman"":0,""spearman"":25,""chull"":0,""scout"":0,""heavy"":0,""shardbearer"":0}","{}","[{""name"":""25 Spearmen"",""units"":{""bridgeman"":0,""spearman"":25,""chull"":0,""scout"":0,""heavy"":0,""shardbearer"":0},""research"":{}}]","normalized","normalized","EXPERIMENTAL / normalized Survival — NOT BALANCED","1000","0","999","density","equal","0.03","100","0.6931471805599453","","25","25","25","100","25","12.5","0.25","0.125","3.125","3.095","12.38","3","3","4","0.2932149382279147","","","","0","","false","0","","3.095","0.12380000000000001","0","","0","","0","","0",""
"scale-sp-25","scaling","","0","25 Spearmen","{""bridgeman"":0,""spearman"":25,""chull"":0,""scout"":0,""heavy"":0,""shardbearer"":0}","{}","[{""name"":""25 Spearmen"",""units"":{""bridgeman"":0,""spearman"":25,""chull"":0,""scout"":0,""heavy"":0,""shardbearer"":0},""research"":{}}]","normalized-weighted","normalized-weighted","EXPERIMENTAL / normalized + weighted — NOT BALANCED","1000","0","999","density","weighted","0.03","100","0.6931471805599453","","25","25","25","100","25","12.5","0.25","0.125","3.125","3.11","12.44","3","3","4","0.31288975694324067","","","","0","","false","0","","3.11","0.1244","0","","0","","0","","0",""
"scale-sp-25","scaling","","1","25 Spearmen","{""bridgeman"":0,""spearman"":25,""chull"":0,""scout"":0,""heavy"":0,""shardbearer"":0}","{}","[{""name"":""25 Spearmen"",""units"":{""bridgeman"":0,""spearman"":25,""chull"":0,""scout"":0,""heavy"":0,""shardbearer"":0},""research"":{}}]","normalized-weighted","normalized-weighted","EXPERIMENTAL / normalized + weighted — NOT BALANCED","1000","0","999","density","weighted","0.03","100","0.6931471805599453","","25","25","25","100","25","12.5","0.25","0.125","3.125","3.095","12.38","3","3","4","0.2932149382279147","","","","0","","false","0","","3.095","0.12380000000000001","0","","0","","0","","0",""
"scale-bm-50","scaling","","0","50 Bridgemen","{""bridgeman"":50,""spearman"":0,""chull"":0,""scout"":0,""heavy"":0,""shardbearer"":0}","{}","[{""name"":""50 Bridgemen"",""units"":{""bridgeman"":50,""spearman"":0,""chull"":0,""scout"":0,""heavy"":0,""shardbearer"":0},""research"":{}}]","current","current","CURRENT / BASELINE","1000","0","999","total","equal","0.03","100","0.6931471805599453","","25","25","-50","-50","50","50","0.25","0.375","18.75","18.735","37.47","19","18","19","0.4413332074521405","","","","0","","false","18.735","0.3747","0","","0","","0","","0","","0",""
"scale-bm-50","scaling","","1","50 Bridgemen","{""bridgeman"":50,""spearman"":0,""chull"":0,""scout"":0,""heavy"":0,""shardbearer"":0}","{}","[{""name"":""50 Bridgemen"",""units"":{""bridgeman"":50,""spearman"":0,""chull"":0,""scout"":0,""heavy"":0,""shardbearer"":0},""research"":{}}]","current","current","CURRENT / BASELINE","1000","0","999","total","equal","0.03","100","0.6931471805599453","","25","25","-50","-50","50","50","0.25","0.375","18.75","18.755","37.51","19","18","19","0.43008720046055404","","","","0","","false","18.755","0.3751","0","","0","","0","","0","","0",""
"scale-bm-50","scaling","","0","50 Bridgemen","{""bridgeman"":50,""spearman"":0,""chull"":0,""scout"":0,""heavy"":0,""shardbearer"":0}","{}","[{""name"":""50 Bridgemen"",""units"":{""bridgeman"":50,""spearman"":0,""chull"":0,""scout"":0,""heavy"":0,""shardbearer"":0},""research"":{}}]","floor1","floor1","EXPERIMENTAL / 1% floor","1000","0","999","total","equal","0.01","100","0.6931471805599453","","25","25","-50","-50","50","50","0.25","0.375","18.75","18.735","37.47","19","18","19","0.4413332074521405","","","","0","","false","18.735","0.3747","0","","0","","0","","0","","0",""
"scale-bm-50","scaling","","1","50 Bridgemen","{""bridgeman"":50,""spearman"":0,""chull"":0,""scout"":0,""heavy"":0,""shardbearer"":0}","{}","[{""name"":""50 Bridgemen"",""units"":{""bridgeman"":50,""spearman"":0,""chull"":0,""scout"":0,""heavy"":0,""shardbearer"":0},""research"":{}}]","floor1","floor1","EXPERIMENTAL / 1% floor","1000","0","999","total","equal","0.01","100","0.6931471805599453","","25","25","-50","-50","50","50","0.25","0.375","18.75","18.755","37.51","19","18","19","0.43008720046055404","","","","0","","false","18.755","0.3751","0","","0","","0","","0","","0",""
"scale-bm-50","scaling","","0","50 Bridgemen","{""bridgeman"":50,""spearman"":0,""chull"":0,""scout"":0,""heavy"":0,""shardbearer"":0}","{}","[{""name"":""50 Bridgemen"",""units"":{""bridgeman"":50,""spearman"":0,""chull"":0,""scout"":0,""heavy"":0,""shardbearer"":0},""research"":{}}]","floor0","floor0","EXPERIMENTAL / 0% floor","1000","0","999","total","equal","0","100","0.6931471805599453","","25","25","-50","-50","50","50","0.25","0.375","18.75","18.735","37.47","19","18","19","0.4413332074521405","","","","0","","false","18.735","0.3747","0","","0","","0","","0","","0",""
"scale-bm-50","scaling","","1","50 Bridgemen","{""bridgeman"":50,""spearman"":0,""chull"":0,""scout"":0,""heavy"":0,""shardbearer"":0}","{}","[{""name"":""50 Bridgemen"",""units"":{""bridgeman"":50,""spearman"":0,""chull"":0,""scout"":0,""heavy"":0,""shardbearer"":0},""research"":{}}]","floor0","floor0","EXPERIMENTAL / 0% floor","1000","0","999","total","equal","0","100","0.6931471805599453","","25","25","-50","-50","50","50","0.25","0.375","18.75","18.755","37.51","19","18","19","0.43008720046055404","","","","0","","false","18.755","0.3751","0","","0","","0","","0","","0",""
"scale-bm-50","scaling","","0","50 Bridgemen","{""bridgeman"":50,""spearman"":0,""chull"":0,""scout"":0,""heavy"":0,""shardbearer"":0}","{}","[{""name"":""50 Bridgemen"",""units"":{""bridgeman"":50,""spearman"":0,""chull"":0,""scout"":0,""heavy"":0,""shardbearer"":0},""research"":{}}]","weighted","weighted","EXPERIMENTAL / weighted selection","1000","0","999","total","weighted","0.03","100","0.6931471805599453","","25","25","-50","-50","50","50","0.25","0.375","18.75","18.735","37.47","19","18","19","0.4413332074521405","","","","0","","false","18.735","0.3747","0","","0","","0","","0","","0",""
"scale-bm-50","scaling","","1","50 Bridgemen","{""bridgeman"":50,""spearman"":0,""chull"":0,""scout"":0,""heavy"":0,""shardbearer"":0}","{}","[{""name"":""50 Bridgemen"",""units"":{""bridgeman"":50,""spearman"":0,""chull"":0,""scout"":0,""heavy"":0,""shardbearer"":0},""research"":{}}]","weighted","weighted","EXPERIMENTAL / weighted selection","1000","0","999","total","weighted","0.03","100","0.6931471805599453","","25","25","-50","-50","50","50","0.25","0.375","18.75","18.755","37.51","19","18","19","0.43008720046055404","","","","0","","false","18.755","0.3751","0","","0","","0","","0","","0",""
"scale-bm-50","scaling","","0","50 Bridgemen","{""bridgeman"":50,""spearman"":0,""chull"":0,""scout"":0,""heavy"":0,""shardbearer"":0}","{}","[{""name"":""50 Bridgemen"",""units"":{""bridgeman"":50,""spearman"":0,""chull"":0,""scout"":0,""heavy"":0,""shardbearer"":0},""research"":{}}]","normalized","normalized","EXPERIMENTAL / normalized Survival — NOT BALANCED","1000","0","999","density","equal","0.03","100","0.6931471805599453","","25","25","-50","-100","50","50","0.25","0.5","25","25","50","25","25","25","0","","","","0","","false","25","0.5","0","","0","","0","","0","","0",""
"scale-bm-50","scaling","","1","50 Bridgemen","{""bridgeman"":50,""spearman"":0,""chull"":0,""scout"":0,""heavy"":0,""shardbearer"":0}","{}","[{""name"":""50 Bridgemen"",""units"":{""bridgeman"":50,""spearman"":0,""chull"":0,""scout"":0,""heavy"":0,""shardbearer"":0},""research"":{}}]","normalized","normalized","EXPERIMENTAL / normalized Survival — NOT BALANCED","1000","0","999","density","equal","0.03","100","0.6931471805599453","","25","25","-50","-100","50","50","0.25","0.5","25","25","50","25","25","25","0","","","","0","","false","25","0.5","0","","0","","0","","0","","0",""
"scale-bm-50","scaling","","0","50 Bridgemen","{""bridgeman"":50,""spearman"":0,""chull"":0,""scout"":0,""heavy"":0,""shardbearer"":0}","{}","[{""name"":""50 Bridgemen"",""units"":{""bridgeman"":50,""spearman"":0,""chull"":0,""scout"":0,""heavy"":0,""shardbearer"":0},""research"":{}}]","normalized-weighted","normalized-weighted","EXPERIMENTAL / normalized + weighted — NOT BALANCED","1000","0","999","density","weighted","0.03","100","0.6931471805599453","","25","25","-50","-100","50","50","0.25","0.5","25","25","50","25","25","25","0","","","","0","","false","25","0.5","0","","0","","0","","0","","0",""
"scale-bm-50","scaling","","1","50 Bridgemen","{""bridgeman"":50,""spearman"":0,""chull"":0,""scout"":0,""heavy"":0,""shardbearer"":0}","{}","[{""name"":""50 Bridgemen"",""units"":{""bridgeman"":50,""spearman"":0,""chull"":0,""scout"":0,""heavy"":0,""shardbearer"":0},""research"":{}}]","normalized-weighted","normalized-weighted","EXPERIMENTAL / normalized + weighted — NOT BALANCED","1000","0","999","density","weighted","0.03","100","0.6931471805599453","","25","25","-50","-100","50","50","0.25","0.5","25","25","50","25","25","25","0","","","","0","","false","25","0.5","0","","0","","0","","0","","0",""
"scale-sp-50","scaling","","0","50 Spearmen","{""bridgeman"":0,""spearman"":50,""chull"":0,""scout"":0,""heavy"":0,""shardbearer"":0}","{}","[{""name"":""50 Spearmen"",""units"":{""bridgeman"":0,""spearman"":50,""chull"":0,""scout"":0,""heavy"":0,""shardbearer"":0},""research"":{}}]","current","current","CURRENT / BASELINE","1000","0","999","total","equal","0.03","100","0.6931471805599453","","50","50","50","50","50","25","0.25","0.16666666666666666","8.333333333333332","8.323","16.646","8","8","9","0.4676227111678811","","","","0","","false","0","","8.323","0.16646","0","","0","","0","","0",""
"scale-sp-50","scaling","","1","50 Spearmen","{""bridgeman"":0,""spearman"":50,""chull"":0,""scout"":0,""heavy"":0,""shardbearer"":0}","{}","[{""name"":""50 Spearmen"",""units"":{""bridgeman"":0,""spearman"":50,""chull"":0,""scout"":0,""heavy"":0,""shardbearer"":0},""research"":{}}]","current","current","CURRENT / BASELINE","1000","0","999","total","equal","0.03","100","0.6931471805599453","","50","50","50","50","50","25","0.25","0.16666666666666666","8.333333333333332","8.349","16.698","8","8","9","0.4766539625346666","","","","0","","false","0","","8.349","0.16698000000000002","0","","0","","0","","0",""
"scale-sp-50","scaling","","0","50 Spearmen","{""bridgeman"":0,""spearman"":50,""chull"":0,""scout"":0,""heavy"":0,""shardbearer"":0}","{}","[{""name"":""50 Spearmen"",""units"":{""bridgeman"":0,""spearman"":50,""chull"":0,""scout"":0,""heavy"":0,""shardbearer"":0},""research"":{}}]","floor1","floor1","EXPERIMENTAL / 1% floor","1000","0","999","total","equal","0.01","100","0.6931471805599453","","50","50","50","50","50","25","0.25","0.16666666666666666","8.333333333333332","8.323","16.646","8","8","9","0.4676227111678811","","","","0","","false","0","","8.323","0.16646","0","","0","","0","","0",""
"scale-sp-50","scaling","","1","50 Spearmen","{""bridgeman"":0,""spearman"":50,""chull"":0,""scout"":0,""heavy"":0,""shardbearer"":0}","{}","[{""name"":""50 Spearmen"",""units"":{""bridgeman"":0,""spearman"":50,""chull"":0,""scout"":0,""heavy"":0,""shardbearer"":0},""research"":{}}]","floor1","floor1","EXPERIMENTAL / 1% floor","1000","0","999","total","equal","0.01","100","0.6931471805599453","","50","50","50","50","50","25","0.25","0.16666666666666666","8.333333333333332","8.349","16.698","8","8","9","0.4766539625346666","","","","0","","false","0","","8.349","0.16698000000000002","0","","0","","0","","0",""
"scale-sp-50","scaling","","0","50 Spearmen","{""bridgeman"":0,""spearman"":50,""chull"":0,""scout"":0,""heavy"":0,""shardbearer"":0}","{}","[{""name"":""50 Spearmen"",""units"":{""bridgeman"":0,""spearman"":50,""chull"":0,""scout"":0,""heavy"":0,""shardbearer"":0},""research"":{}}]","floor0","floor0","EXPERIMENTAL / 0% floor","1000","0","999","total","equal","0","100","0.6931471805599453","","50","50","50","50","50","25","0.25","0.16666666666666666","8.333333333333332","8.323","16.646","8","8","9","0.4676227111678811","","","","0","","false","0","","8.323","0.16646","0","","0","","0","","0",""
"scale-sp-50","scaling","","1","50 Spearmen","{""bridgeman"":0,""spearman"":50,""chull"":0,""scout"":0,""heavy"":0,""shardbearer"":0}","{}","[{""name"":""50 Spearmen"",""units"":{""bridgeman"":0,""spearman"":50,""chull"":0,""scout"":0,""heavy"":0,""shardbearer"":0},""research"":{}}]","floor0","floor0","EXPERIMENTAL / 0% floor","1000","0","999","total","equal","0","100","0.6931471805599453","","50","50","50","50","50","25","0.25","0.16666666666666666","8.333333333333332","8.349","16.698","8","8","9","0.4766539625346666","","","","0","","false","0","","8.349","0.16698000000000002","0","","0","","0","","0",""
"scale-sp-50","scaling","","0","50 Spearmen","{""bridgeman"":0,""spearman"":50,""chull"":0,""scout"":0,""heavy"":0,""shardbearer"":0}","{}","[{""name"":""50 Spearmen"",""units"":{""bridgeman"":0,""spearman"":50,""chull"":0,""scout"":0,""heavy"":0,""shardbearer"":0},""research"":{}}]","weighted","weighted","EXPERIMENTAL / weighted selection","1000","0","999","total","weighted","0.03","100","0.6931471805599453","","50","50","50","50","50","25","0.25","0.16666666666666666","8.333333333333332","8.323","16.646","8","8","9","0.4676227111678811","","","","0","","false","0","","8.323","0.16646","0","","0","","0","","0",""
"scale-sp-50","scaling","","1","50 Spearmen","{""bridgeman"":0,""spearman"":50,""chull"":0,""scout"":0,""heavy"":0,""shardbearer"":0}","{}","[{""name"":""50 Spearmen"",""units"":{""bridgeman"":0,""spearman"":50,""chull"":0,""scout"":0,""heavy"":0,""shardbearer"":0},""research"":{}}]","weighted","weighted","EXPERIMENTAL / weighted selection","1000","0","999","total","weighted","0.03","100","0.6931471805599453","","50","50","50","50","50","25","0.25","0.16666666666666666","8.333333333333332","8.349","16.698","8","8","9","0.4766539625346666","","","","0","","false","0","","8.349","0.16698000000000002","0","","0","","0","","0",""
"scale-sp-50","scaling","","0","50 Spearmen","{""bridgeman"":0,""spearman"":50,""chull"":0,""scout"":0,""heavy"":0,""shardbearer"":0}","{}","[{""name"":""50 Spearmen"",""units"":{""bridgeman"":0,""spearman"":50,""chull"":0,""scout"":0,""heavy"":0,""shardbearer"":0},""research"":{}}]","normalized","normalized","EXPERIMENTAL / normalized Survival — NOT BALANCED","1000","0","999","density","equal","0.03","100","0.6931471805599453","","50","50","50","100","50","25","0.25","0.125","6.25","6.253","12.505999999999998","6","6","7","0.43473095127906297","","","","0","","false","0","","6.253","0.12506","0","","0","","0","","0",""
"scale-sp-50","scaling","","1","50 Spearmen","{""bridgeman"":0,""spearman"":50,""chull"":0,""scout"":0,""heavy"":0,""shardbearer"":0}","{}","[{""name"":""50 Spearmen"",""units"":{""bridgeman"":0,""spearman"":50,""chull"":0,""scout"":0,""heavy"":0,""shardbearer"":0},""research"":{}}]","normalized","normalized","EXPERIMENTAL / normalized Survival — NOT BALANCED","1000","0","999","density","equal","0.03","100","0.6931471805599453","","50","50","50","100","50","25","0.25","0.125","6.25","6.264","12.527999999999999","6","6","7","0.44079927404659003","","","","0","","false","0","","6.264","0.12528","0","","0","","0","","0",""
"scale-sp-50","scaling","","0","50 Spearmen","{""bridgeman"":0,""spearman"":50,""chull"":0,""scout"":0,""heavy"":0,""shardbearer"":0}","{}","[{""name"":""50 Spearmen"",""units"":{""bridgeman"":0,""spearman"":50,""chull"":0,""scout"":0,""heavy"":0,""shardbearer"":0},""research"":{}}]","normalized-weighted","normalized-weighted","EXPERIMENTAL / normalized + weighted — NOT BALANCED","1000","0","999","density","weighted","0.03","100","0.6931471805599453","","50","50","50","100","50","25","0.25","0.125","6.25","6.253","12.505999999999998","6","6","7","0.43473095127906297","","","","0","","false","0","","6.253","0.12506","0","","0","","0","","0",""
"scale-sp-50","scaling","","1","50 Spearmen","{""bridgeman"":0,""spearman"":50,""chull"":0,""scout"":0,""heavy"":0,""shardbearer"":0}","{}","[{""name"":""50 Spearmen"",""units"":{""bridgeman"":0,""spearman"":50,""chull"":0,""scout"":0,""heavy"":0,""shardbearer"":0},""research"":{}}]","normalized-weighted","normalized-weighted","EXPERIMENTAL / normalized + weighted — NOT BALANCED","1000","0","999","density","weighted","0.03","100","0.6931471805599453","","50","50","50","100","50","25","0.25","0.125","6.25","6.264","12.527999999999999","6","6","7","0.44079927404659003","","","","0","","false","0","","6.264","0.12528","0","","0","","0","","0",""
"scale-bm-100","scaling","","0","100 Bridgemen","{""bridgeman"":100,""spearman"":0,""chull"":0,""scout"":0,""heavy"":0,""shardbearer"":0}","{}","[{""name"":""100 Bridgemen"",""units"":{""bridgeman"":100,""spearman"":0,""chull"":0,""scout"":0,""heavy"":0,""shardbearer"":0},""research"":{}}]","current","current","CURRENT / BASELINE","1000","0","999","total","equal","0.03","100","0.6931471805599453","","50","50","-100","-100","100","100","0.25","0.5","50","50","50","50","50","50","0","","","","0","","false","50","0.5","0","","0","","0","","0","","0",""
"scale-bm-100","scaling","","1","100 Bridgemen","{""bridgeman"":100,""spearman"":0,""chull"":0,""scout"":0,""heavy"":0,""shardbearer"":0}","{}","[{""name"":""100 Bridgemen"",""units"":{""bridgeman"":100,""spearman"":0,""chull"":0,""scout"":0,""heavy"":0,""shardbearer"":0},""research"":{}}]","current","current","CURRENT / BASELINE","1000","0","999","total","equal","0.03","100","0.6931471805599453","","50","50","-100","-100","100","100","0.25","0.5","50","50","50","50","50","50","0","","","","0","","false","50","0.5","0","","0","","0","","0","","0",""
"scale-bm-100","scaling","","0","100 Bridgemen","{""bridgeman"":100,""spearman"":0,""chull"":0,""scout"":0,""heavy"":0,""shardbearer"":0}","{}","[{""name"":""100 Bridgemen"",""units"":{""bridgeman"":100,""spearman"":0,""chull"":0,""scout"":0,""heavy"":0,""shardbearer"":0},""research"":{}}]","floor1","floor1","EXPERIMENTAL / 1% floor","1000","0","999","total","equal","0.01","100","0.6931471805599453","","50","50","-100","-100","100","100","0.25","0.5","50","50","50","50","50","50","0","","","","0","","false","50","0.5","0","","0","","0","","0","","0",""
"scale-bm-100","scaling","","1","100 Bridgemen","{""bridgeman"":100,""spearman"":0,""chull"":0,""scout"":0,""heavy"":0,""shardbearer"":0}","{}","[{""name"":""100 Bridgemen"",""units"":{""bridgeman"":100,""spearman"":0,""chull"":0,""scout"":0,""heavy"":0,""shardbearer"":0},""research"":{}}]","floor1","floor1","EXPERIMENTAL / 1% floor","1000","0","999","total","equal","0.01","100","0.6931471805599453","","50","50","-100","-100","100","100","0.25","0.5","50","50","50","50","50","50","0","","","","0","","false","50","0.5","0","","0","","0","","0","","0",""
"scale-bm-100","scaling","","0","100 Bridgemen","{""bridgeman"":100,""spearman"":0,""chull"":0,""scout"":0,""heavy"":0,""shardbearer"":0}","{}","[{""name"":""100 Bridgemen"",""units"":{""bridgeman"":100,""spearman"":0,""chull"":0,""scout"":0,""heavy"":0,""shardbearer"":0},""research"":{}}]","floor0","floor0","EXPERIMENTAL / 0% floor","1000","0","999","total","equal","0","100","0.6931471805599453","","50","50","-100","-100","100","100","0.25","0.5","50","50","50","50","50","50","0","","","","0","","false","50","0.5","0","","0","","0","","0","","0",""
"scale-bm-100","scaling","","1","100 Bridgemen","{""bridgeman"":100,""spearman"":0,""chull"":0,""scout"":0,""heavy"":0,""shardbearer"":0}","{}","[{""name"":""100 Bridgemen"",""units"":{""bridgeman"":100,""spearman"":0,""chull"":0,""scout"":0,""heavy"":0,""shardbearer"":0},""research"":{}}]","floor0","floor0","EXPERIMENTAL / 0% floor","1000","0","999","total","equal","0","100","0.6931471805599453","","50","50","-100","-100","100","100","0.25","0.5","50","50","50","50","50","50","0","","","","0","","false","50","0.5","0","","0","","0","","0","","0",""
"scale-bm-100","scaling","","0","100 Bridgemen","{""bridgeman"":100,""spearman"":0,""chull"":0,""scout"":0,""heavy"":0,""shardbearer"":0}","{}","[{""name"":""100 Bridgemen"",""units"":{""bridgeman"":100,""spearman"":0,""chull"":0,""scout"":0,""heavy"":0,""shardbearer"":0},""research"":{}}]","weighted","weighted","EXPERIMENTAL / weighted selection","1000","0","999","total","weighted","0.03","100","0.6931471805599453","","50","50","-100","-100","100","100","0.25","0.5","50","50","50","50","50","50","0","","","","0","","false","50","0.5","0","","0","","0","","0","","0",""
"scale-bm-100","scaling","","1","100 Bridgemen","{""bridgeman"":100,""spearman"":0,""chull"":0,""scout"":0,""heavy"":0,""shardbearer"":0}","{}","[{""name"":""100 Bridgemen"",""units"":{""bridgeman"":100,""spearman"":0,""chull"":0,""scout"":0,""heavy"":0,""shardbearer"":0},""research"":{}}]","weighted","weighted","EXPERIMENTAL / weighted selection","1000","0","999","total","weighted","0.03","100","0.6931471805599453","","50","50","-100","-100","100","100","0.25","0.5","50","50","50","50","50","50","0","","","","0","","false","50","0.5","0","","0","","0","","0","","0",""
"scale-bm-100","scaling","","0","100 Bridgemen","{""bridgeman"":100,""spearman"":0,""chull"":0,""scout"":0,""heavy"":0,""shardbearer"":0}","{}","[{""name"":""100 Bridgemen"",""units"":{""bridgeman"":100,""spearman"":0,""chull"":0,""scout"":0,""heavy"":0,""shardbearer"":0},""research"":{}}]","normalized","normalized","EXPERIMENTAL / normalized Survival — NOT BALANCED","1000","0","999","density","equal","0.03","100","0.6931471805599453","","50","50","-100","-100","100","100","0.25","0.5","50","50","50","50","50","50","0","","","","0","","false","50","0.5","0","","0","","0","","0","","0",""
"scale-bm-100","scaling","","1","100 Bridgemen","{""bridgeman"":100,""spearman"":0,""chull"":0,""scout"":0,""heavy"":0,""shardbearer"":0}","{}","[{""name"":""100 Bridgemen"",""units"":{""bridgeman"":100,""spearman"":0,""chull"":0,""scout"":0,""heavy"":0,""shardbearer"":0},""research"":{}}]","normalized","normalized","EXPERIMENTAL / normalized Survival — NOT BALANCED","1000","0","999","density","equal","0.03","100","0.6931471805599453","","50","50","-100","-100","100","100","0.25","0.5","50","50","50","50","50","50","0","","","","0","","false","50","0.5","0","","0","","0","","0","","0",""
"scale-bm-100","scaling","","0","100 Bridgemen","{""bridgeman"":100,""spearman"":0,""chull"":0,""scout"":0,""heavy"":0,""shardbearer"":0}","{}","[{""name"":""100 Bridgemen"",""units"":{""bridgeman"":100,""spearman"":0,""chull"":0,""scout"":0,""heavy"":0,""shardbearer"":0},""research"":{}}]","normalized-weighted","normalized-weighted","EXPERIMENTAL / normalized + weighted — NOT BALANCED","1000","0","999","density","weighted","0.03","100","0.6931471805599453","","50","50","-100","-100","100","100","0.25","0.5","50","50","50","50","50","50","0","","","","0","","false","50","0.5","0","","0","","0","","0","","0",""
"scale-bm-100","scaling","","1","100 Bridgemen","{""bridgeman"":100,""spearman"":0,""chull"":0,""scout"":0,""heavy"":0,""shardbearer"":0}","{}","[{""name"":""100 Bridgemen"",""units"":{""bridgeman"":100,""spearman"":0,""chull"":0,""scout"":0,""heavy"":0,""shardbearer"":0},""research"":{}}]","normalized-weighted","normalized-weighted","EXPERIMENTAL / normalized + weighted — NOT BALANCED","1000","0","999","density","weighted","0.03","100","0.6931471805599453","","50","50","-100","-100","100","100","0.25","0.5","50","50","50","50","50","50","0","","","","0","","false","50","0.5","0","","0","","0","","0","","0",""
"scale-sp-100","scaling","","0","100 Spearmen","{""bridgeman"":0,""spearman"":100,""chull"":0,""scout"":0,""heavy"":0,""shardbearer"":0}","{}","[{""name"":""100 Spearmen"",""units"":{""bridgeman"":0,""spearman"":100,""chull"":0,""scout"":0,""heavy"":0,""shardbearer"":0},""research"":{}}]","current","current","CURRENT / BASELINE","1000","0","999","total","equal","0.03","100","0.6931471805599453","","100","100","100","100","100","50","0.25","0.125","12.5","12.469","12.469","12","12","13","0.49903807469971356","","","","0","","false","0","","12.469","0.12469","0","","0","","0","","0",""
"scale-sp-100","scaling","","1","100 Spearmen","{""bridgeman"":0,""spearman"":100,""chull"":0,""scout"":0,""heavy"":0,""shardbearer"":0}","{}","[{""name"":""100 Spearmen"",""units"":{""bridgeman"":0,""spearman"":100,""chull"":0,""scout"":0,""heavy"":0,""shardbearer"":0},""research"":{}}]","current","current","CURRENT / BASELINE","1000","0","999","total","equal","0.03","100","0.6931471805599453","","100","100","100","100","100","50","0.25","0.125","12.5","12.503","12.503","13","12","13","0.49999099991899554","","","","0","","false","0","","12.503","0.12503","0","","0","","0","","0",""
"scale-sp-100","scaling","","0","100 Spearmen","{""bridgeman"":0,""spearman"":100,""chull"":0,""scout"":0,""heavy"":0,""shardbearer"":0}","{}","[{""name"":""100 Spearmen"",""units"":{""bridgeman"":0,""spearman"":100,""chull"":0,""scout"":0,""heavy"":0,""shardbearer"":0},""research"":{}}]","floor1","floor1","EXPERIMENTAL / 1% floor","1000","0","999","total","equal","0.01","100","0.6931471805599453","","100","100","100","100","100","50","0.25","0.125","12.5","12.469","12.469","12","12","13","0.49903807469971356","","","","0","","false","0","","12.469","0.12469","0","","0","","0","","0",""
"scale-sp-100","scaling","","1","100 Spearmen","{""bridgeman"":0,""spearman"":100,""chull"":0,""scout"":0,""heavy"":0,""shardbearer"":0}","{}","[{""name"":""100 Spearmen"",""units"":{""bridgeman"":0,""spearman"":100,""chull"":0,""scout"":0,""heavy"":0,""shardbearer"":0},""research"":{}}]","floor1","floor1","EXPERIMENTAL / 1% floor","1000","0","999","total","equal","0.01","100","0.6931471805599453","","100","100","100","100","100","50","0.25","0.125","12.5","12.503","12.503","13","12","13","0.49999099991899554","","","","0","","false","0","","12.503","0.12503","0","","0","","0","","0",""
"scale-sp-100","scaling","","0","100 Spearmen","{""bridgeman"":0,""spearman"":100,""chull"":0,""scout"":0,""heavy"":0,""shardbearer"":0}","{}","[{""name"":""100 Spearmen"",""units"":{""bridgeman"":0,""spearman"":100,""chull"":0,""scout"":0,""heavy"":0,""shardbearer"":0},""research"":{}}]","floor0","floor0","EXPERIMENTAL / 0% floor","1000","0","999","total","equal","0","100","0.6931471805599453","","100","100","100","100","100","50","0.25","0.125","12.5","12.469","12.469","12","12","13","0.49903807469971356","","","","0","","false","0","","12.469","0.12469","0","","0","","0","","0",""
"scale-sp-100","scaling","","1","100 Spearmen","{""bridgeman"":0,""spearman"":100,""chull"":0,""scout"":0,""heavy"":0,""shardbearer"":0}","{}","[{""name"":""100 Spearmen"",""units"":{""bridgeman"":0,""spearman"":100,""chull"":0,""scout"":0,""heavy"":0,""shardbearer"":0},""research"":{}}]","floor0","floor0","EXPERIMENTAL / 0% floor","1000","0","999","total","equal","0","100","0.6931471805599453","","100","100","100","100","100","50","0.25","0.125","12.5","12.503","12.503","13","12","13","0.49999099991899554","","","","0","","false","0","","12.503","0.12503","0","","0","","0","","0",""
"scale-sp-100","scaling","","0","100 Spearmen","{""bridgeman"":0,""spearman"":100,""chull"":0,""scout"":0,""heavy"":0,""shardbearer"":0}","{}","[{""name"":""100 Spearmen"",""units"":{""bridgeman"":0,""spearman"":100,""chull"":0,""scout"":0,""heavy"":0,""shardbearer"":0},""research"":{}}]","weighted","weighted","EXPERIMENTAL / weighted selection","1000","0","999","total","weighted","0.03","100","0.6931471805599453","","100","100","100","100","100","50","0.25","0.125","12.5","12.469","12.469","12","12","13","0.49903807469971356","","","","0","","false","0","","12.469","0.12469","0","","0","","0","","0",""
"scale-sp-100","scaling","","1","100 Spearmen","{""bridgeman"":0,""spearman"":100,""chull"":0,""scout"":0,""heavy"":0,""shardbearer"":0}","{}","[{""name"":""100 Spearmen"",""units"":{""bridgeman"":0,""spearman"":100,""chull"":0,""scout"":0,""heavy"":0,""shardbearer"":0},""research"":{}}]","weighted","weighted","EXPERIMENTAL / weighted selection","1000","0","999","total","weighted","0.03","100","0.6931471805599453","","100","100","100","100","100","50","0.25","0.125","12.5","12.503","12.503","13","12","13","0.49999099991899554","","","","0","","false","0","","12.503","0.12503","0","","0","","0","","0",""
"scale-sp-100","scaling","","0","100 Spearmen","{""bridgeman"":0,""spearman"":100,""chull"":0,""scout"":0,""heavy"":0,""shardbearer"":0}","{}","[{""name"":""100 Spearmen"",""units"":{""bridgeman"":0,""spearman"":100,""chull"":0,""scout"":0,""heavy"":0,""shardbearer"":0},""research"":{}}]","normalized","normalized","EXPERIMENTAL / normalized Survival — NOT BALANCED","1000","0","999","density","equal","0.03","100","0.6931471805599453","","100","100","100","100","100","50","0.25","0.125","12.5","12.469","12.469","12","12","13","0.49903807469971356","","","","0","","false","0","","12.469","0.12469","0","","0","","0","","0",""
"scale-sp-100","scaling","","1","100 Spearmen","{""bridgeman"":0,""spearman"":100,""chull"":0,""scout"":0,""heavy"":0,""shardbearer"":0}","{}","[{""name"":""100 Spearmen"",""units"":{""bridgeman"":0,""spearman"":100,""chull"":0,""scout"":0,""heavy"":0,""shardbearer"":0},""research"":{}}]","normalized","normalized","EXPERIMENTAL / normalized Survival — NOT BALANCED","1000","0","999","density","equal","0.03","100","0.6931471805599453","","100","100","100","100","100","50","0.25","0.125","12.5","12.503","12.503","13","12","13","0.49999099991899554","","","","0","","false","0","","12.503","0.12503","0","","0","","0","","0",""
"scale-sp-100","scaling","","0","100 Spearmen","{""bridgeman"":0,""spearman"":100,""chull"":0,""scout"":0,""heavy"":0,""shardbearer"":0}","{}","[{""name"":""100 Spearmen"",""units"":{""bridgeman"":0,""spearman"":100,""chull"":0,""scout"":0,""heavy"":0,""shardbearer"":0},""research"":{}}]","normalized-weighted","normalized-weighted","EXPERIMENTAL / normalized + weighted — NOT BALANCED","1000","0","999","density","weighted","0.03","100","0.6931471805599453","","100","100","100","100","100","50","0.25","0.125","12.5","12.469","12.469","12","12","13","0.49903807469971356","","","","0","","false","0","","12.469","0.12469","0","","0","","0","","0",""
"scale-sp-100","scaling","","1","100 Spearmen","{""bridgeman"":0,""spearman"":100,""chull"":0,""scout"":0,""heavy"":0,""shardbearer"":0}","{}","[{""name"":""100 Spearmen"",""units"":{""bridgeman"":0,""spearman"":100,""chull"":0,""scout"":0,""heavy"":0,""shardbearer"":0},""research"":{}}]","normalized-weighted","normalized-weighted","EXPERIMENTAL / normalized + weighted — NOT BALANCED","1000","0","999","density","weighted","0.03","100","0.6931471805599453","","100","100","100","100","100","50","0.25","0.125","12.5","12.503","12.503","13","12","13","0.49999099991899554","","","","0","","false","0","","12.503","0.12503","0","","0","","0","","0",""
"scale-bm-250","scaling","","0","250 Bridgemen","{""bridgeman"":250,""spearman"":0,""chull"":0,""scout"":0,""heavy"":0,""shardbearer"":0}","{}","[{""name"":""250 Bridgemen"",""units"":{""bridgeman"":250,""spearman"":0,""chull"":0,""scout"":0,""heavy"":0,""shardbearer"":0},""research"":{}}]","current","current","CURRENT / BASELINE","1000","0","999","total","equal","0.03","100","0.6931471805599453","","125","125","-250","-250","250","250","0.25","0.875","218.75","218.752","87.5008","219","218","219","0.43185182644049624","","","","0","","false","218.752","0.875008","0","","0","","0","","0","","0",""
"scale-bm-250","scaling","","1","250 Bridgemen","{""bridgeman"":250,""spearman"":0,""chull"":0,""scout"":0,""heavy"":0,""shardbearer"":0}","{}","[{""name"":""250 Bridgemen"",""units"":{""bridgeman"":250,""spearman"":0,""chull"":0,""scout"":0,""heavy"":0,""shardbearer"":0},""research"":{}}]","current","current","CURRENT / BASELINE","1000","0","999","total","equal","0.03","100","0.6931471805599453","","125","125","-250","-250","250","250","0.25","0.875","218.75","218.76","87.504","219","218","219","0.4270831300812563","","","","0","","false","218.76","0.8750399999999999","0","","0","","0","","0","","0",""
"scale-bm-250","scaling","","0","250 Bridgemen","{""bridgeman"":250,""spearman"":0,""chull"":0,""scout"":0,""heavy"":0,""shardbearer"":0}","{}","[{""name"":""250 Bridgemen"",""units"":{""bridgeman"":250,""spearman"":0,""chull"":0,""scout"":0,""heavy"":0,""shardbearer"":0},""research"":{}}]","floor1","floor1","EXPERIMENTAL / 1% floor","1000","0","999","total","equal","0.01","100","0.6931471805599453","","125","125","-250","-250","250","250","0.25","0.875","218.75","218.752","87.5008","219","218","219","0.43185182644049624","","","","0","","false","218.752","0.875008","0","","0","","0","","0","","0",""
"scale-bm-250","scaling","","1","250 Bridgemen","{""bridgeman"":250,""spearman"":0,""chull"":0,""scout"":0,""heavy"":0,""shardbearer"":0}","{}","[{""name"":""250 Bridgemen"",""units"":{""bridgeman"":250,""spearman"":0,""chull"":0,""scout"":0,""heavy"":0,""shardbearer"":0},""research"":{}}]","floor1","floor1","EXPERIMENTAL / 1% floor","1000","0","999","total","equal","0.01","100","0.6931471805599453","","125","125","-250","-250","250","250","0.25","0.875","218.75","218.76","87.504","219","218","219","0.4270831300812563","","","","0","","false","218.76","0.8750399999999999","0","","0","","0","","0","","0",""
"scale-bm-250","scaling","","0","250 Bridgemen","{""bridgeman"":250,""spearman"":0,""chull"":0,""scout"":0,""heavy"":0,""shardbearer"":0}","{}","[{""name"":""250 Bridgemen"",""units"":{""bridgeman"":250,""spearman"":0,""chull"":0,""scout"":0,""heavy"":0,""shardbearer"":0},""research"":{}}]","floor0","floor0","EXPERIMENTAL / 0% floor","1000","0","999","total","equal","0","100","0.6931471805599453","","125","125","-250","-250","250","250","0.25","0.875","218.75","218.752","87.5008","219","218","219","0.43185182644049624","","","","0","","false","218.752","0.875008","0","","0","","0","","0","","0",""
"scale-bm-250","scaling","","1","250 Bridgemen","{""bridgeman"":250,""spearman"":0,""chull"":0,""scout"":0,""heavy"":0,""shardbearer"":0}","{}","[{""name"":""250 Bridgemen"",""units"":{""bridgeman"":250,""spearman"":0,""chull"":0,""scout"":0,""heavy"":0,""shardbearer"":0},""research"":{}}]","floor0","floor0","EXPERIMENTAL / 0% floor","1000","0","999","total","equal","0","100","0.6931471805599453","","125","125","-250","-250","250","250","0.25","0.875","218.75","218.76","87.504","219","218","219","0.4270831300812563","","","","0","","false","218.76","0.8750399999999999","0","","0","","0","","0","","0",""
"scale-bm-250","scaling","","0","250 Bridgemen","{""bridgeman"":250,""spearman"":0,""chull"":0,""scout"":0,""heavy"":0,""shardbearer"":0}","{}","[{""name"":""250 Bridgemen"",""units"":{""bridgeman"":250,""spearman"":0,""chull"":0,""scout"":0,""heavy"":0,""shardbearer"":0},""research"":{}}]","weighted","weighted","EXPERIMENTAL / weighted selection","1000","0","999","total","weighted","0.03","100","0.6931471805599453","","125","125","-250","-250","250","250","0.25","0.875","218.75","218.752","87.5008","219","218","219","0.43185182644049624","","","","0","","false","218.752","0.875008","0","","0","","0","","0","","0",""
"scale-bm-250","scaling","","1","250 Bridgemen","{""bridgeman"":250,""spearman"":0,""chull"":0,""scout"":0,""heavy"":0,""shardbearer"":0}","{}","[{""name"":""250 Bridgemen"",""units"":{""bridgeman"":250,""spearman"":0,""chull"":0,""scout"":0,""heavy"":0,""shardbearer"":0},""research"":{}}]","weighted","weighted","EXPERIMENTAL / weighted selection","1000","0","999","total","weighted","0.03","100","0.6931471805599453","","125","125","-250","-250","250","250","0.25","0.875","218.75","218.76","87.504","219","218","219","0.4270831300812563","","","","0","","false","218.76","0.8750399999999999","0","","0","","0","","0","","0",""
"scale-bm-250","scaling","","0","250 Bridgemen","{""bridgeman"":250,""spearman"":0,""chull"":0,""scout"":0,""heavy"":0,""shardbearer"":0}","{}","[{""name"":""250 Bridgemen"",""units"":{""bridgeman"":250,""spearman"":0,""chull"":0,""scout"":0,""heavy"":0,""shardbearer"":0},""research"":{}}]","normalized","normalized","EXPERIMENTAL / normalized Survival — NOT BALANCED","1000","0","999","density","equal","0.03","100","0.6931471805599453","","125","125","-250","-100","250","250","0.25","0.5","125","125","50","125","125","125","0","","","","0","","false","125","0.5","0","","0","","0","","0","","0",""
"scale-bm-250","scaling","","1","250 Bridgemen","{""bridgeman"":250,""spearman"":0,""chull"":0,""scout"":0,""heavy"":0,""shardbearer"":0}","{}","[{""name"":""250 Bridgemen"",""units"":{""bridgeman"":250,""spearman"":0,""chull"":0,""scout"":0,""heavy"":0,""shardbearer"":0},""research"":{}}]","normalized","normalized","EXPERIMENTAL / normalized Survival — NOT BALANCED","1000","0","999","density","equal","0.03","100","0.6931471805599453","","125","125","-250","-100","250","250","0.25","0.5","125","125","50","125","125","125","0","","","","0","","false","125","0.5","0","","0","","0","","0","","0",""
"scale-bm-250","scaling","","0","250 Bridgemen","{""bridgeman"":250,""spearman"":0,""chull"":0,""scout"":0,""heavy"":0,""shardbearer"":0}","{}","[{""name"":""250 Bridgemen"",""units"":{""bridgeman"":250,""spearman"":0,""chull"":0,""scout"":0,""heavy"":0,""shardbearer"":0},""research"":{}}]","normalized-weighted","normalized-weighted","EXPERIMENTAL / normalized + weighted — NOT BALANCED","1000","0","999","density","weighted","0.03","100","0.6931471805599453","","125","125","-250","-100","250","250","0.25","0.5","125","125","50","125","125","125","0","","","","0","","false","125","0.5","0","","0","","0","","0","","0",""
"scale-bm-250","scaling","","1","250 Bridgemen","{""bridgeman"":250,""spearman"":0,""chull"":0,""scout"":0,""heavy"":0,""shardbearer"":0}","{}","[{""name"":""250 Bridgemen"",""units"":{""bridgeman"":250,""spearman"":0,""chull"":0,""scout"":0,""heavy"":0,""shardbearer"":0},""research"":{}}]","normalized-weighted","normalized-weighted","EXPERIMENTAL / normalized + weighted — NOT BALANCED","1000","0","999","density","weighted","0.03","100","0.6931471805599453","","125","125","-250","-100","250","250","0.25","0.5","125","125","50","125","125","125","0","","","","0","","false","125","0.5","0","","0","","0","","0","","0",""
"scale-sp-250","scaling","","0","250 Spearmen","{""bridgeman"":0,""spearman"":250,""chull"":0,""scout"":0,""heavy"":0,""shardbearer"":0}","{}","[{""name"":""250 Spearmen"",""units"":{""bridgeman"":0,""spearman"":250,""chull"":0,""scout"":0,""heavy"":0,""shardbearer"":0},""research"":{}}]","current","current","CURRENT / BASELINE","1000","0","999","total","equal","0.03","100","0.6931471805599453","","250","250","250","250","250","125","0.25","0.07142857142857142","17.857142857142858","17.855","7.142","18","17","18","0.35210083782915885","","","","0","","false","0","","17.855","0.07142","0","","0","","0","","0",""
"scale-sp-250","scaling","","1","250 Spearmen","{""bridgeman"":0,""spearman"":250,""chull"":0,""scout"":0,""heavy"":0,""shardbearer"":0}","{}","[{""name"":""250 Spearmen"",""units"":{""bridgeman"":0,""spearman"":250,""chull"":0,""scout"":0,""heavy"":0,""shardbearer"":0},""research"":{}}]","current","current","CURRENT / BASELINE","1000","0","999","total","equal","0.03","100","0.6931471805599453","","250","250","250","250","250","125","0.25","0.07142857142857142","17.857142857142858","17.863","7.1452","18","17","18","0.3438473498516534","","","","0","","false","0","","17.863","0.071452","0","","0","","0","","0",""
"scale-sp-250","scaling","","0","250 Spearmen","{""bridgeman"":0,""spearman"":250,""chull"":0,""scout"":0,""heavy"":0,""shardbearer"":0}","{}","[{""name"":""250 Spearmen"",""units"":{""bridgeman"":0,""spearman"":250,""chull"":0,""scout"":0,""heavy"":0,""shardbearer"":0},""research"":{}}]","floor1","floor1","EXPERIMENTAL / 1% floor","1000","0","999","total","equal","0.01","100","0.6931471805599453","","250","250","250","250","250","125","0.25","0.07142857142857142","17.857142857142858","17.855","7.142","18","17","18","0.35210083782915885","","","","0","","false","0","","17.855","0.07142","0","","0","","0","","0",""
"scale-sp-250","scaling","","1","250 Spearmen","{""bridgeman"":0,""spearman"":250,""chull"":0,""scout"":0,""heavy"":0,""shardbearer"":0}","{}","[{""name"":""250 Spearmen"",""units"":{""bridgeman"":0,""spearman"":250,""chull"":0,""scout"":0,""heavy"":0,""shardbearer"":0},""research"":{}}]","floor1","floor1","EXPERIMENTAL / 1% floor","1000","0","999","total","equal","0.01","100","0.6931471805599453","","250","250","250","250","250","125","0.25","0.07142857142857142","17.857142857142858","17.863","7.1452","18","17","18","0.3438473498516534","","","","0","","false","0","","17.863","0.071452","0","","0","","0","","0",""
"scale-sp-250","scaling","","0","250 Spearmen","{""bridgeman"":0,""spearman"":250,""chull"":0,""scout"":0,""heavy"":0,""shardbearer"":0}","{}","[{""name"":""250 Spearmen"",""units"":{""bridgeman"":0,""spearman"":250,""chull"":0,""scout"":0,""heavy"":0,""shardbearer"":0},""research"":{}}]","floor0","floor0","EXPERIMENTAL / 0% floor","1000","0","999","total","equal","0","100","0.6931471805599453","","250","250","250","250","250","125","0.25","0.07142857142857142","17.857142857142858","17.855","7.142","18","17","18","0.35210083782915885","","","","0","","false","0","","17.855","0.07142","0","","0","","0","","0",""
"scale-sp-250","scaling","","1","250 Spearmen","{""bridgeman"":0,""spearman"":250,""chull"":0,""scout"":0,""heavy"":0,""shardbearer"":0}","{}","[{""name"":""250 Spearmen"",""units"":{""bridgeman"":0,""spearman"":250,""chull"":0,""scout"":0,""heavy"":0,""shardbearer"":0},""research"":{}}]","floor0","floor0","EXPERIMENTAL / 0% floor","1000","0","999","total","equal","0","100","0.6931471805599453","","250","250","250","250","250","125","0.25","0.07142857142857142","17.857142857142858","17.863","7.1452","18","17","18","0.3438473498516534","","","","0","","false","0","","17.863","0.071452","0","","0","","0","","0",""
"scale-sp-250","scaling","","0","250 Spearmen","{""bridgeman"":0,""spearman"":250,""chull"":0,""scout"":0,""heavy"":0,""shardbearer"":0}","{}","[{""name"":""250 Spearmen"",""units"":{""bridgeman"":0,""spearman"":250,""chull"":0,""scout"":0,""heavy"":0,""shardbearer"":0},""research"":{}}]","weighted","weighted","EXPERIMENTAL / weighted selection","1000","0","999","total","weighted","0.03","100","0.6931471805599453","","250","250","250","250","250","125","0.25","0.07142857142857142","17.857142857142858","17.855","7.142","18","17","18","0.35210083782915885","","","","0","","false","0","","17.855","0.07142","0","","0","","0","","0",""
"scale-sp-250","scaling","","1","250 Spearmen","{""bridgeman"":0,""spearman"":250,""chull"":0,""scout"":0,""heavy"":0,""shardbearer"":0}","{}","[{""name"":""250 Spearmen"",""units"":{""bridgeman"":0,""spearman"":250,""chull"":0,""scout"":0,""heavy"":0,""shardbearer"":0},""research"":{}}]","weighted","weighted","EXPERIMENTAL / weighted selection","1000","0","999","total","weighted","0.03","100","0.6931471805599453","","250","250","250","250","250","125","0.25","0.07142857142857142","17.857142857142858","17.863","7.1452","18","17","18","0.3438473498516534","","","","0","","false","0","","17.863","0.071452","0","","0","","0","","0",""
"scale-sp-250","scaling","","0","250 Spearmen","{""bridgeman"":0,""spearman"":250,""chull"":0,""scout"":0,""heavy"":0,""shardbearer"":0}","{}","[{""name"":""250 Spearmen"",""units"":{""bridgeman"":0,""spearman"":250,""chull"":0,""scout"":0,""heavy"":0,""shardbearer"":0},""research"":{}}]","normalized","normalized","EXPERIMENTAL / normalized Survival — NOT BALANCED","1000","0","999","density","equal","0.03","100","0.6931471805599453","","250","250","250","100","250","125","0.25","0.125","31.25","31.271","12.5084","31","31","32","0.44447609609516786","","","","0","","false","0","","31.271","0.125084","0","","0","","0","","0",""
"scale-sp-250","scaling","","1","250 Spearmen","{""bridgeman"":0,""spearman"":250,""chull"":0,""scout"":0,""heavy"":0,""shardbearer"":0}","{}","[{""name"":""250 Spearmen"",""units"":{""bridgeman"":0,""spearman"":250,""chull"":0,""scout"":0,""heavy"":0,""shardbearer"":0},""research"":{}}]","normalized","normalized","EXPERIMENTAL / normalized Survival — NOT BALANCED","1000","0","999","density","equal","0.03","100","0.6931471805599453","","250","250","250","100","250","125","0.25","0.125","31.25","31.249","12.499600000000001","31","31","32","0.4324338099640217","","","","0","","false","0","","31.249","0.124996","0","","0","","0","","0",""
"scale-sp-250","scaling","","0","250 Spearmen","{""bridgeman"":0,""spearman"":250,""chull"":0,""scout"":0,""heavy"":0,""shardbearer"":0}","{}","[{""name"":""250 Spearmen"",""units"":{""bridgeman"":0,""spearman"":250,""chull"":0,""scout"":0,""heavy"":0,""shardbearer"":0},""research"":{}}]","normalized-weighted","normalized-weighted","EXPERIMENTAL / normalized + weighted — NOT BALANCED","1000","0","999","density","weighted","0.03","100","0.6931471805599453","","250","250","250","100","250","125","0.25","0.125","31.25","31.271","12.5084","31","31","32","0.44447609609516786","","","","0","","false","0","","31.271","0.125084","0","","0","","0","","0",""
"scale-sp-250","scaling","","1","250 Spearmen","{""bridgeman"":0,""spearman"":250,""chull"":0,""scout"":0,""heavy"":0,""shardbearer"":0}","{}","[{""name"":""250 Spearmen"",""units"":{""bridgeman"":0,""spearman"":250,""chull"":0,""scout"":0,""heavy"":0,""shardbearer"":0},""research"":{}}]","normalized-weighted","normalized-weighted","EXPERIMENTAL / normalized + weighted — NOT BALANCED","1000","0","999","density","weighted","0.03","100","0.6931471805599453","","250","250","250","100","250","125","0.25","0.125","31.25","31.249","12.499600000000001","31","31","32","0.4324338099640217","","","","0","","false","0","","31.249","0.124996","0","","0","","0","","0",""
"scale-bm-500","scaling","","0","500 Bridgemen","{""bridgeman"":500,""spearman"":0,""chull"":0,""scout"":0,""heavy"":0,""shardbearer"":0}","{}","[{""name"":""500 Bridgemen"",""units"":{""bridgeman"":500,""spearman"":0,""chull"":0,""scout"":0,""heavy"":0,""shardbearer"":0},""research"":{}}]","current","current","CURRENT / BASELINE","1000","0","999","total","equal","0.03","100","0.6931471805599453","","250","250","-500","-500","500","500","0.25","0.95","475","475","95","475","475","475","0","","","","0","","false","475","0.95","0","","0","","0","","0","","0",""
"scale-bm-500","scaling","","1","500 Bridgemen","{""bridgeman"":500,""spearman"":0,""chull"":0,""scout"":0,""heavy"":0,""shardbearer"":0}","{}","[{""name"":""500 Bridgemen"",""units"":{""bridgeman"":500,""spearman"":0,""chull"":0,""scout"":0,""heavy"":0,""shardbearer"":0},""research"":{}}]","current","current","CURRENT / BASELINE","1000","0","999","total","equal","0.03","100","0.6931471805599453","","250","250","-500","-500","500","500","0.25","0.95","475","475","95","475","475","475","0","","","","0","","false","475","0.95","0","","0","","0","","0","","0",""
"scale-bm-500","scaling","","0","500 Bridgemen","{""bridgeman"":500,""spearman"":0,""chull"":0,""scout"":0,""heavy"":0,""shardbearer"":0}","{}","[{""name"":""500 Bridgemen"",""units"":{""bridgeman"":500,""spearman"":0,""chull"":0,""scout"":0,""heavy"":0,""shardbearer"":0},""research"":{}}]","floor1","floor1","EXPERIMENTAL / 1% floor","1000","0","999","total","equal","0.01","100","0.6931471805599453","","250","250","-500","-500","500","500","0.25","0.95","475","475","95","475","475","475","0","","","","0","","false","475","0.95","0","","0","","0","","0","","0",""
"scale-bm-500","scaling","","1","500 Bridgemen","{""bridgeman"":500,""spearman"":0,""chull"":0,""scout"":0,""heavy"":0,""shardbearer"":0}","{}","[{""name"":""500 Bridgemen"",""units"":{""bridgeman"":500,""spearman"":0,""chull"":0,""scout"":0,""heavy"":0,""shardbearer"":0},""research"":{}}]","floor1","floor1","EXPERIMENTAL / 1% floor","1000","0","999","total","equal","0.01","100","0.6931471805599453","","250","250","-500","-500","500","500","0.25","0.95","475","475","95","475","475","475","0","","","","0","","false","475","0.95","0","","0","","0","","0","","0",""
"scale-bm-500","scaling","","0","500 Bridgemen","{""bridgeman"":500,""spearman"":0,""chull"":0,""scout"":0,""heavy"":0,""shardbearer"":0}","{}","[{""name"":""500 Bridgemen"",""units"":{""bridgeman"":500,""spearman"":0,""chull"":0,""scout"":0,""heavy"":0,""shardbearer"":0},""research"":{}}]","floor0","floor0","EXPERIMENTAL / 0% floor","1000","0","999","total","equal","0","100","0.6931471805599453","","250","250","-500","-500","500","500","0.25","0.95","475","475","95","475","475","475","0","","","","0","","false","475","0.95","0","","0","","0","","0","","0",""
"scale-bm-500","scaling","","1","500 Bridgemen","{""bridgeman"":500,""spearman"":0,""chull"":0,""scout"":0,""heavy"":0,""shardbearer"":0}","{}","[{""name"":""500 Bridgemen"",""units"":{""bridgeman"":500,""spearman"":0,""chull"":0,""scout"":0,""heavy"":0,""shardbearer"":0},""research"":{}}]","floor0","floor0","EXPERIMENTAL / 0% floor","1000","0","999","total","equal","0","100","0.6931471805599453","","250","250","-500","-500","500","500","0.25","0.95","475","475","95","475","475","475","0","","","","0","","false","475","0.95","0","","0","","0","","0","","0",""
"scale-bm-500","scaling","","0","500 Bridgemen","{""bridgeman"":500,""spearman"":0,""chull"":0,""scout"":0,""heavy"":0,""shardbearer"":0}","{}","[{""name"":""500 Bridgemen"",""units"":{""bridgeman"":500,""spearman"":0,""chull"":0,""scout"":0,""heavy"":0,""shardbearer"":0},""research"":{}}]","weighted","weighted","EXPERIMENTAL / weighted selection","1000","0","999","total","weighted","0.03","100","0.6931471805599453","","250","250","-500","-500","500","500","0.25","0.95","475","475","95","475","475","475","0","","","","0","","false","475","0.95","0","","0","","0","","0","","0",""
"scale-bm-500","scaling","","1","500 Bridgemen","{""bridgeman"":500,""spearman"":0,""chull"":0,""scout"":0,""heavy"":0,""shardbearer"":0}","{}","[{""name"":""500 Bridgemen"",""units"":{""bridgeman"":500,""spearman"":0,""chull"":0,""scout"":0,""heavy"":0,""shardbearer"":0},""research"":{}}]","weighted","weighted","EXPERIMENTAL / weighted selection","1000","0","999","total","weighted","0.03","100","0.6931471805599453","","250","250","-500","-500","500","500","0.25","0.95","475","475","95","475","475","475","0","","","","0","","false","475","0.95","0","","0","","0","","0","","0",""
"scale-bm-500","scaling","","0","500 Bridgemen","{""bridgeman"":500,""spearman"":0,""chull"":0,""scout"":0,""heavy"":0,""shardbearer"":0}","{}","[{""name"":""500 Bridgemen"",""units"":{""bridgeman"":500,""spearman"":0,""chull"":0,""scout"":0,""heavy"":0,""shardbearer"":0},""research"":{}}]","normalized","normalized","EXPERIMENTAL / normalized Survival — NOT BALANCED","1000","0","999","density","equal","0.03","100","0.6931471805599453","","250","250","-500","-100","500","500","0.25","0.5","250","250","50","250","250","250","0","","","","0","","false","250","0.5","0","","0","","0","","0","","0",""
"scale-bm-500","scaling","","1","500 Bridgemen","{""bridgeman"":500,""spearman"":0,""chull"":0,""scout"":0,""heavy"":0,""shardbearer"":0}","{}","[{""name"":""500 Bridgemen"",""units"":{""bridgeman"":500,""spearman"":0,""chull"":0,""scout"":0,""heavy"":0,""shardbearer"":0},""research"":{}}]","normalized","normalized","EXPERIMENTAL / normalized Survival — NOT BALANCED","1000","0","999","density","equal","0.03","100","0.6931471805599453","","250","250","-500","-100","500","500","0.25","0.5","250","250","50","250","250","250","0","","","","0","","false","250","0.5","0","","0","","0","","0","","0",""
"scale-bm-500","scaling","","0","500 Bridgemen","{""bridgeman"":500,""spearman"":0,""chull"":0,""scout"":0,""heavy"":0,""shardbearer"":0}","{}","[{""name"":""500 Bridgemen"",""units"":{""bridgeman"":500,""spearman"":0,""chull"":0,""scout"":0,""heavy"":0,""shardbearer"":0},""research"":{}}]","normalized-weighted","normalized-weighted","EXPERIMENTAL / normalized + weighted — NOT BALANCED","1000","0","999","density","weighted","0.03","100","0.6931471805599453","","250","250","-500","-100","500","500","0.25","0.5","250","250","50","250","250","250","0","","","","0","","false","250","0.5","0","","0","","0","","0","","0",""
"scale-bm-500","scaling","","1","500 Bridgemen","{""bridgeman"":500,""spearman"":0,""chull"":0,""scout"":0,""heavy"":0,""shardbearer"":0}","{}","[{""name"":""500 Bridgemen"",""units"":{""bridgeman"":500,""spearman"":0,""chull"":0,""scout"":0,""heavy"":0,""shardbearer"":0},""research"":{}}]","normalized-weighted","normalized-weighted","EXPERIMENTAL / normalized + weighted — NOT BALANCED","1000","0","999","density","weighted","0.03","100","0.6931471805599453","","250","250","-500","-100","500","500","0.25","0.5","250","250","50","250","250","250","0","","","","0","","false","250","0.5","0","","0","","0","","0","","0",""
"scale-sp-500","scaling","","0","500 Spearmen","{""bridgeman"":0,""spearman"":500,""chull"":0,""scout"":0,""heavy"":0,""shardbearer"":0}","{}","[{""name"":""500 Spearmen"",""units"":{""bridgeman"":0,""spearman"":500,""chull"":0,""scout"":0,""heavy"":0,""shardbearer"":0},""research"":{}}]","current","current","CURRENT / BASELINE","1000","0","999","total","equal","0.03","100","0.6931471805599453","","500","500","500","500","500","250","0.25","0.041666666666666664","20.833333333333332","20.821","4.164200000000001","21","20","21","0.383352318370444","","","","0","","false","0","","20.821","0.041642000000000005","0","","0","","0","","0",""
"scale-sp-500","scaling","","1","500 Spearmen","{""bridgeman"":0,""spearman"":500,""chull"":0,""scout"":0,""heavy"":0,""shardbearer"":0}","{}","[{""name"":""500 Spearmen"",""units"":{""bridgeman"":0,""spearman"":500,""chull"":0,""scout"":0,""heavy"":0,""shardbearer"":0},""research"":{}}]","current","current","CURRENT / BASELINE","1000","0","999","total","equal","0.03","100","0.6931471805599453","","500","500","500","500","500","250","0.25","0.041666666666666664","20.833333333333332","20.823","4.1646","21","20","21","0.38166870450693186","","","","0","","false","0","","20.823","0.041646","0","","0","","0","","0",""
"scale-sp-500","scaling","","0","500 Spearmen","{""bridgeman"":0,""spearman"":500,""chull"":0,""scout"":0,""heavy"":0,""shardbearer"":0}","{}","[{""name"":""500 Spearmen"",""units"":{""bridgeman"":0,""spearman"":500,""chull"":0,""scout"":0,""heavy"":0,""shardbearer"":0},""research"":{}}]","floor1","floor1","EXPERIMENTAL / 1% floor","1000","0","999","total","equal","0.01","100","0.6931471805599453","","500","500","500","500","500","250","0.25","0.041666666666666664","20.833333333333332","20.821","4.164200000000001","21","20","21","0.383352318370444","","","","0","","false","0","","20.821","0.041642000000000005","0","","0","","0","","0",""
"scale-sp-500","scaling","","1","500 Spearmen","{""bridgeman"":0,""spearman"":500,""chull"":0,""scout"":0,""heavy"":0,""shardbearer"":0}","{}","[{""name"":""500 Spearmen"",""units"":{""bridgeman"":0,""spearman"":500,""chull"":0,""scout"":0,""heavy"":0,""shardbearer"":0},""research"":{}}]","floor1","floor1","EXPERIMENTAL / 1% floor","1000","0","999","total","equal","0.01","100","0.6931471805599453","","500","500","500","500","500","250","0.25","0.041666666666666664","20.833333333333332","20.823","4.1646","21","20","21","0.38166870450693186","","","","0","","false","0","","20.823","0.041646","0","","0","","0","","0",""
"scale-sp-500","scaling","","0","500 Spearmen","{""bridgeman"":0,""spearman"":500,""chull"":0,""scout"":0,""heavy"":0,""shardbearer"":0}","{}","[{""name"":""500 Spearmen"",""units"":{""bridgeman"":0,""spearman"":500,""chull"":0,""scout"":0,""heavy"":0,""shardbearer"":0},""research"":{}}]","floor0","floor0","EXPERIMENTAL / 0% floor","1000","0","999","total","equal","0","100","0.6931471805599453","","500","500","500","500","500","250","0.25","0.041666666666666664","20.833333333333332","20.821","4.164200000000001","21","20","21","0.383352318370444","","","","0","","false","0","","20.821","0.041642000000000005","0","","0","","0","","0",""
"scale-sp-500","scaling","","1","500 Spearmen","{""bridgeman"":0,""spearman"":500,""chull"":0,""scout"":0,""heavy"":0,""shardbearer"":0}","{}","[{""name"":""500 Spearmen"",""units"":{""bridgeman"":0,""spearman"":500,""chull"":0,""scout"":0,""heavy"":0,""shardbearer"":0},""research"":{}}]","floor0","floor0","EXPERIMENTAL / 0% floor","1000","0","999","total","equal","0","100","0.6931471805599453","","500","500","500","500","500","250","0.25","0.041666666666666664","20.833333333333332","20.823","4.1646","21","20","21","0.38166870450693186","","","","0","","false","0","","20.823","0.041646","0","","0","","0","","0",""
"scale-sp-500","scaling","","0","500 Spearmen","{""bridgeman"":0,""spearman"":500,""chull"":0,""scout"":0,""heavy"":0,""shardbearer"":0}","{}","[{""name"":""500 Spearmen"",""units"":{""bridgeman"":0,""spearman"":500,""chull"":0,""scout"":0,""heavy"":0,""shardbearer"":0},""research"":{}}]","weighted","weighted","EXPERIMENTAL / weighted selection","1000","0","999","total","weighted","0.03","100","0.6931471805599453","","500","500","500","500","500","250","0.25","0.041666666666666664","20.833333333333332","20.821","4.164200000000001","21","20","21","0.383352318370444","","","","0","","false","0","","20.821","0.041642000000000005","0","","0","","0","","0",""
"scale-sp-500","scaling","","1","500 Spearmen","{""bridgeman"":0,""spearman"":500,""chull"":0,""scout"":0,""heavy"":0,""shardbearer"":0}","{}","[{""name"":""500 Spearmen"",""units"":{""bridgeman"":0,""spearman"":500,""chull"":0,""scout"":0,""heavy"":0,""shardbearer"":0},""research"":{}}]","weighted","weighted","EXPERIMENTAL / weighted selection","1000","0","999","total","weighted","0.03","100","0.6931471805599453","","500","500","500","500","500","250","0.25","0.041666666666666664","20.833333333333332","20.823","4.1646","21","20","21","0.38166870450693186","","","","0","","false","0","","20.823","0.041646","0","","0","","0","","0",""
"scale-sp-500","scaling","","0","500 Spearmen","{""bridgeman"":0,""spearman"":500,""chull"":0,""scout"":0,""heavy"":0,""shardbearer"":0}","{}","[{""name"":""500 Spearmen"",""units"":{""bridgeman"":0,""spearman"":500,""chull"":0,""scout"":0,""heavy"":0,""shardbearer"":0},""research"":{}}]","normalized","normalized","EXPERIMENTAL / normalized Survival — NOT BALANCED","1000","0","999","density","equal","0.03","100","0.6931471805599453","","500","500","500","100","500","250","0.25","0.125","62.5","62.463","12.4926","62","62","63","0.4986291206899136","","","","0","","false","0","","62.463","0.124926","0","","0","","0","","0",""
"scale-sp-500","scaling","","1","500 Spearmen","{""bridgeman"":0,""spearman"":500,""chull"":0,""scout"":0,""heavy"":0,""shardbearer"":0}","{}","[{""name"":""500 Spearmen"",""units"":{""bridgeman"":0,""spearman"":500,""chull"":0,""scout"":0,""heavy"":0,""shardbearer"":0},""research"":{}}]","normalized","normalized","EXPERIMENTAL / normalized Survival — NOT BALANCED","1000","0","999","density","equal","0.03","100","0.6931471805599453","","500","500","500","100","500","250","0.25","0.125","62.5","62.502","12.500399999999999","63","62","63","0.4999959999840043","","","","0","","false","0","","62.502","0.125004","0","","0","","0","","0",""
"scale-sp-500","scaling","","0","500 Spearmen","{""bridgeman"":0,""spearman"":500,""chull"":0,""scout"":0,""heavy"":0,""shardbearer"":0}","{}","[{""name"":""500 Spearmen"",""units"":{""bridgeman"":0,""spearman"":500,""chull"":0,""scout"":0,""heavy"":0,""shardbearer"":0},""research"":{}}]","normalized-weighted","normalized-weighted","EXPERIMENTAL / normalized + weighted — NOT BALANCED","1000","0","999","density","weighted","0.03","100","0.6931471805599453","","500","500","500","100","500","250","0.25","0.125","62.5","62.463","12.4926","62","62","63","0.4986291206899136","","","","0","","false","0","","62.463","0.124926","0","","0","","0","","0",""
"scale-sp-500","scaling","","1","500 Spearmen","{""bridgeman"":0,""spearman"":500,""chull"":0,""scout"":0,""heavy"":0,""shardbearer"":0}","{}","[{""name"":""500 Spearmen"",""units"":{""bridgeman"":0,""spearman"":500,""chull"":0,""scout"":0,""heavy"":0,""shardbearer"":0},""research"":{}}]","normalized-weighted","normalized-weighted","EXPERIMENTAL / normalized + weighted — NOT BALANCED","1000","0","999","density","weighted","0.03","100","0.6931471805599453","","500","500","500","100","500","250","0.25","0.125","62.5","62.502","12.500399999999999","63","62","63","0.4999959999840043","","","","0","","false","0","","62.502","0.125004","0","","0","","0","","0",""
"scale-bm-1000","scaling","","0","1000 Bridgemen","{""bridgeman"":1000,""spearman"":0,""chull"":0,""scout"":0,""heavy"":0,""shardbearer"":0}","{}","[{""name"":""1000 Bridgemen"",""units"":{""bridgeman"":1000,""spearman"":0,""chull"":0,""scout"":0,""heavy"":0,""shardbearer"":0},""research"":{}}]","current","current","CURRENT / BASELINE","1000","0","999","total","equal","0.03","100","0.6931471805599453","","500","500","-1000","-1000","1000","1000","0.25","0.95","950","950","95","950","950","950","0","","","","0","","false","950","0.95","0","","0","","0","","0","","0",""
"scale-bm-1000","scaling","","1","1000 Bridgemen","{""bridgeman"":1000,""spearman"":0,""chull"":0,""scout"":0,""heavy"":0,""shardbearer"":0}","{}","[{""name"":""1000 Bridgemen"",""units"":{""bridgeman"":1000,""spearman"":0,""chull"":0,""scout"":0,""heavy"":0,""shardbearer"":0},""research"":{}}]","current","current","CURRENT / BASELINE","1000","0","999","total","equal","0.03","100","0.6931471805599453","","500","500","-1000","-1000","1000","1000","0.25","0.95","950","950","95","950","950","950","0","","","","0","","false","950","0.95","0","","0","","0","","0","","0",""
"scale-bm-1000","scaling","","0","1000 Bridgemen","{""bridgeman"":1000,""spearman"":0,""chull"":0,""scout"":0,""heavy"":0,""shardbearer"":0}","{}","[{""name"":""1000 Bridgemen"",""units"":{""bridgeman"":1000,""spearman"":0,""chull"":0,""scout"":0,""heavy"":0,""shardbearer"":0},""research"":{}}]","floor1","floor1","EXPERIMENTAL / 1% floor","1000","0","999","total","equal","0.01","100","0.6931471805599453","","500","500","-1000","-1000","1000","1000","0.25","0.95","950","950","95","950","950","950","0","","","","0","","false","950","0.95","0","","0","","0","","0","","0",""
"scale-bm-1000","scaling","","1","1000 Bridgemen","{""bridgeman"":1000,""spearman"":0,""chull"":0,""scout"":0,""heavy"":0,""shardbearer"":0}","{}","[{""name"":""1000 Bridgemen"",""units"":{""bridgeman"":1000,""spearman"":0,""chull"":0,""scout"":0,""heavy"":0,""shardbearer"":0},""research"":{}}]","floor1","floor1","EXPERIMENTAL / 1% floor","1000","0","999","total","equal","0.01","100","0.6931471805599453","","500","500","-1000","-1000","1000","1000","0.25","0.95","950","950","95","950","950","950","0","","","","0","","false","950","0.95","0","","0","","0","","0","","0",""
"scale-bm-1000","scaling","","0","1000 Bridgemen","{""bridgeman"":1000,""spearman"":0,""chull"":0,""scout"":0,""heavy"":0,""shardbearer"":0}","{}","[{""name"":""1000 Bridgemen"",""units"":{""bridgeman"":1000,""spearman"":0,""chull"":0,""scout"":0,""heavy"":0,""shardbearer"":0},""research"":{}}]","floor0","floor0","EXPERIMENTAL / 0% floor","1000","0","999","total","equal","0","100","0.6931471805599453","","500","500","-1000","-1000","1000","1000","0.25","0.95","950","950","95","950","950","950","0","","","","0","","false","950","0.95","0","","0","","0","","0","","0",""
"scale-bm-1000","scaling","","1","1000 Bridgemen","{""bridgeman"":1000,""spearman"":0,""chull"":0,""scout"":0,""heavy"":0,""shardbearer"":0}","{}","[{""name"":""1000 Bridgemen"",""units"":{""bridgeman"":1000,""spearman"":0,""chull"":0,""scout"":0,""heavy"":0,""shardbearer"":0},""research"":{}}]","floor0","floor0","EXPERIMENTAL / 0% floor","1000","0","999","total","equal","0","100","0.6931471805599453","","500","500","-1000","-1000","1000","1000","0.25","0.95","950","950","95","950","950","950","0","","","","0","","false","950","0.95","0","","0","","0","","0","","0",""
"scale-bm-1000","scaling","","0","1000 Bridgemen","{""bridgeman"":1000,""spearman"":0,""chull"":0,""scout"":0,""heavy"":0,""shardbearer"":0}","{}","[{""name"":""1000 Bridgemen"",""units"":{""bridgeman"":1000,""spearman"":0,""chull"":0,""scout"":0,""heavy"":0,""shardbearer"":0},""research"":{}}]","weighted","weighted","EXPERIMENTAL / weighted selection","1000","0","999","total","weighted","0.03","100","0.6931471805599453","","500","500","-1000","-1000","1000","1000","0.25","0.95","950","950","95","950","950","950","0","","","","0","","false","950","0.95","0","","0","","0","","0","","0",""
"scale-bm-1000","scaling","","1","1000 Bridgemen","{""bridgeman"":1000,""spearman"":0,""chull"":0,""scout"":0,""heavy"":0,""shardbearer"":0}","{}","[{""name"":""1000 Bridgemen"",""units"":{""bridgeman"":1000,""spearman"":0,""chull"":0,""scout"":0,""heavy"":0,""shardbearer"":0},""research"":{}}]","weighted","weighted","EXPERIMENTAL / weighted selection","1000","0","999","total","weighted","0.03","100","0.6931471805599453","","500","500","-1000","-1000","1000","1000","0.25","0.95","950","950","95","950","950","950","0","","","","0","","false","950","0.95","0","","0","","0","","0","","0",""
"scale-bm-1000","scaling","","0","1000 Bridgemen","{""bridgeman"":1000,""spearman"":0,""chull"":0,""scout"":0,""heavy"":0,""shardbearer"":0}","{}","[{""name"":""1000 Bridgemen"",""units"":{""bridgeman"":1000,""spearman"":0,""chull"":0,""scout"":0,""heavy"":0,""shardbearer"":0},""research"":{}}]","normalized","normalized","EXPERIMENTAL / normalized Survival — NOT BALANCED","1000","0","999","density","equal","0.03","100","0.6931471805599453","","500","500","-1000","-100","1000","1000","0.25","0.5","500","500","50","500","500","500","0","","","","0","","false","500","0.5","0","","0","","0","","0","","0",""
"scale-bm-1000","scaling","","1","1000 Bridgemen","{""bridgeman"":1000,""spearman"":0,""chull"":0,""scout"":0,""heavy"":0,""shardbearer"":0}","{}","[{""name"":""1000 Bridgemen"",""units"":{""bridgeman"":1000,""spearman"":0,""chull"":0,""scout"":0,""heavy"":0,""shardbearer"":0},""research"":{}}]","normalized","normalized","EXPERIMENTAL / normalized Survival — NOT BALANCED","1000","0","999","density","equal","0.03","100","0.6931471805599453","","500","500","-1000","-100","1000","1000","0.25","0.5","500","500","50","500","500","500","0","","","","0","","false","500","0.5","0","","0","","0","","0","","0",""
"scale-bm-1000","scaling","","0","1000 Bridgemen","{""bridgeman"":1000,""spearman"":0,""chull"":0,""scout"":0,""heavy"":0,""shardbearer"":0}","{}","[{""name"":""1000 Bridgemen"",""units"":{""bridgeman"":1000,""spearman"":0,""chull"":0,""scout"":0,""heavy"":0,""shardbearer"":0},""research"":{}}]","normalized-weighted","normalized-weighted","EXPERIMENTAL / normalized + weighted — NOT BALANCED","1000","0","999","density","weighted","0.03","100","0.6931471805599453","","500","500","-1000","-100","1000","1000","0.25","0.5","500","500","50","500","500","500","0","","","","0","","false","500","0.5","0","","0","","0","","0","","0",""
"scale-bm-1000","scaling","","1","1000 Bridgemen","{""bridgeman"":1000,""spearman"":0,""chull"":0,""scout"":0,""heavy"":0,""shardbearer"":0}","{}","[{""name"":""1000 Bridgemen"",""units"":{""bridgeman"":1000,""spearman"":0,""chull"":0,""scout"":0,""heavy"":0,""shardbearer"":0},""research"":{}}]","normalized-weighted","normalized-weighted","EXPERIMENTAL / normalized + weighted — NOT BALANCED","1000","0","999","density","weighted","0.03","100","0.6931471805599453","","500","500","-1000","-100","1000","1000","0.25","0.5","500","500","50","500","500","500","0","","","","0","","false","500","0.5","0","","0","","0","","0","","0",""
"scale-sp-1000","scaling","","0","1000 Spearmen","{""bridgeman"":0,""spearman"":1000,""chull"":0,""scout"":0,""heavy"":0,""shardbearer"":0}","{}","[{""name"":""1000 Spearmen"",""units"":{""bridgeman"":0,""spearman"":1000,""chull"":0,""scout"":0,""heavy"":0,""shardbearer"":0},""research"":{}}]","current","current","CURRENT / BASELINE","1000","0","999","total","equal","0.03","100","0.6931471805599453","","1000","1000","1000","1000","1000","500","0.25","0.022727272727272728","22.727272727272727","22.738","2.2738","23","22","23","0.4397226398538118","","","","0","","false","0","","22.738","0.022738","0","","0","","0","","0",""
"scale-sp-1000","scaling","","1","1000 Spearmen","{""bridgeman"":0,""spearman"":1000,""chull"":0,""scout"":0,""heavy"":0,""shardbearer"":0}","{}","[{""name"":""1000 Spearmen"",""units"":{""bridgeman"":0,""spearman"":1000,""chull"":0,""scout"":0,""heavy"":0,""shardbearer"":0},""research"":{}}]","current","current","CURRENT / BASELINE","1000","0","999","total","equal","0.03","100","0.6931471805599453","","1000","1000","1000","1000","1000","500","0.25","0.022727272727272728","22.727272727272727","22.723","2.2722999999999995","23","22","23","0.44751648014346884","","","","0","","false","0","","22.723","0.022723","0","","0","","0","","0",""
"scale-sp-1000","scaling","","0","1000 Spearmen","{""bridgeman"":0,""spearman"":1000,""chull"":0,""scout"":0,""heavy"":0,""shardbearer"":0}","{}","[{""name"":""1000 Spearmen"",""units"":{""bridgeman"":0,""spearman"":1000,""chull"":0,""scout"":0,""heavy"":0,""shardbearer"":0},""research"":{}}]","floor1","floor1","EXPERIMENTAL / 1% floor","1000","0","999","total","equal","0.01","100","0.6931471805599453","","1000","1000","1000","1000","1000","500","0.25","0.022727272727272728","22.727272727272727","22.738","2.2738","23","22","23","0.4397226398538118","","","","0","","false","0","","22.738","0.022738","0","","0","","0","","0",""
"scale-sp-1000","scaling","","1","1000 Spearmen","{""bridgeman"":0,""spearman"":1000,""chull"":0,""scout"":0,""heavy"":0,""shardbearer"":0}","{}","[{""name"":""1000 Spearmen"",""units"":{""bridgeman"":0,""spearman"":1000,""chull"":0,""scout"":0,""heavy"":0,""shardbearer"":0},""research"":{}}]","floor1","floor1","EXPERIMENTAL / 1% floor","1000","0","999","total","equal","0.01","100","0.6931471805599453","","1000","1000","1000","1000","1000","500","0.25","0.022727272727272728","22.727272727272727","22.723","2.2722999999999995","23","22","23","0.44751648014346884","","","","0","","false","0","","22.723","0.022723","0","","0","","0","","0",""
"scale-sp-1000","scaling","","0","1000 Spearmen","{""bridgeman"":0,""spearman"":1000,""chull"":0,""scout"":0,""heavy"":0,""shardbearer"":0}","{}","[{""name"":""1000 Spearmen"",""units"":{""bridgeman"":0,""spearman"":1000,""chull"":0,""scout"":0,""heavy"":0,""shardbearer"":0},""research"":{}}]","floor0","floor0","EXPERIMENTAL / 0% floor","1000","0","999","total","equal","0","100","0.6931471805599453","","1000","1000","1000","1000","1000","500","0.25","0.022727272727272728","22.727272727272727","22.738","2.2738","23","22","23","0.4397226398538118","","","","0","","false","0","","22.738","0.022738","0","","0","","0","","0",""
"scale-sp-1000","scaling","","1","1000 Spearmen","{""bridgeman"":0,""spearman"":1000,""chull"":0,""scout"":0,""heavy"":0,""shardbearer"":0}","{}","[{""name"":""1000 Spearmen"",""units"":{""bridgeman"":0,""spearman"":1000,""chull"":0,""scout"":0,""heavy"":0,""shardbearer"":0},""research"":{}}]","floor0","floor0","EXPERIMENTAL / 0% floor","1000","0","999","total","equal","0","100","0.6931471805599453","","1000","1000","1000","1000","1000","500","0.25","0.022727272727272728","22.727272727272727","22.723","2.2722999999999995","23","22","23","0.44751648014346884","","","","0","","false","0","","22.723","0.022723","0","","0","","0","","0",""
"scale-sp-1000","scaling","","0","1000 Spearmen","{""bridgeman"":0,""spearman"":1000,""chull"":0,""scout"":0,""heavy"":0,""shardbearer"":0}","{}","[{""name"":""1000 Spearmen"",""units"":{""bridgeman"":0,""spearman"":1000,""chull"":0,""scout"":0,""heavy"":0,""shardbearer"":0},""research"":{}}]","weighted","weighted","EXPERIMENTAL / weighted selection","1000","0","999","total","weighted","0.03","100","0.6931471805599453","","1000","1000","1000","1000","1000","500","0.25","0.022727272727272728","22.727272727272727","22.738","2.2738","23","22","23","0.4397226398538118","","","","0","","false","0","","22.738","0.022738","0","","0","","0","","0",""
"scale-sp-1000","scaling","","1","1000 Spearmen","{""bridgeman"":0,""spearman"":1000,""chull"":0,""scout"":0,""heavy"":0,""shardbearer"":0}","{}","[{""name"":""1000 Spearmen"",""units"":{""bridgeman"":0,""spearman"":1000,""chull"":0,""scout"":0,""heavy"":0,""shardbearer"":0},""research"":{}}]","weighted","weighted","EXPERIMENTAL / weighted selection","1000","0","999","total","weighted","0.03","100","0.6931471805599453","","1000","1000","1000","1000","1000","500","0.25","0.022727272727272728","22.727272727272727","22.723","2.2722999999999995","23","22","23","0.44751648014346884","","","","0","","false","0","","22.723","0.022723","0","","0","","0","","0",""
"scale-sp-1000","scaling","","0","1000 Spearmen","{""bridgeman"":0,""spearman"":1000,""chull"":0,""scout"":0,""heavy"":0,""shardbearer"":0}","{}","[{""name"":""1000 Spearmen"",""units"":{""bridgeman"":0,""spearman"":1000,""chull"":0,""scout"":0,""heavy"":0,""shardbearer"":0},""research"":{}}]","normalized","normalized","EXPERIMENTAL / normalized Survival — NOT BALANCED","1000","0","999","density","equal","0.03","100","0.6931471805599453","","1000","1000","1000","100","1000","500","0.25","0.125","125","125","12.5","125","125","125","0","","","","0","","false","0","","125","0.125","0","","0","","0","","0",""
"scale-sp-1000","scaling","","1","1000 Spearmen","{""bridgeman"":0,""spearman"":1000,""chull"":0,""scout"":0,""heavy"":0,""shardbearer"":0}","{}","[{""name"":""1000 Spearmen"",""units"":{""bridgeman"":0,""spearman"":1000,""chull"":0,""scout"":0,""heavy"":0,""shardbearer"":0},""research"":{}}]","normalized","normalized","EXPERIMENTAL / normalized Survival — NOT BALANCED","1000","0","999","density","equal","0.03","100","0.6931471805599453","","1000","1000","1000","100","1000","500","0.25","0.125","125","125","12.5","125","125","125","0","","","","0","","false","0","","125","0.125","0","","0","","0","","0",""
"scale-sp-1000","scaling","","0","1000 Spearmen","{""bridgeman"":0,""spearman"":1000,""chull"":0,""scout"":0,""heavy"":0,""shardbearer"":0}","{}","[{""name"":""1000 Spearmen"",""units"":{""bridgeman"":0,""spearman"":1000,""chull"":0,""scout"":0,""heavy"":0,""shardbearer"":0},""research"":{}}]","normalized-weighted","normalized-weighted","EXPERIMENTAL / normalized + weighted — NOT BALANCED","1000","0","999","density","weighted","0.03","100","0.6931471805599453","","1000","1000","1000","100","1000","500","0.25","0.125","125","125","12.5","125","125","125","0","","","","0","","false","0","","125","0.125","0","","0","","0","","0",""
"scale-sp-1000","scaling","","1","1000 Spearmen","{""bridgeman"":0,""spearman"":1000,""chull"":0,""scout"":0,""heavy"":0,""shardbearer"":0}","{}","[{""name"":""1000 Spearmen"",""units"":{""bridgeman"":0,""spearman"":1000,""chull"":0,""scout"":0,""heavy"":0,""shardbearer"":0},""research"":{}}]","normalized-weighted","normalized-weighted","EXPERIMENTAL / normalized + weighted — NOT BALANCED","1000","0","999","density","weighted","0.03","100","0.6931471805599453","","1000","1000","1000","100","1000","500","0.25","0.125","125","125","12.5","125","125","125","0","","","","0","","false","0","","125","0.125","0","","0","","0","","0",""
"mixed-50-50","mixed","","0","50 BM + 50 SP","{""bridgeman"":50,""spearman"":50,""chull"":0,""scout"":0,""heavy"":0,""shardbearer"":0}","{}","[{""name"":""50 BM + 50 SP"",""units"":{""bridgeman"":50,""spearman"":50,""chull"":0,""scout"":0,""heavy"":0,""shardbearer"":0},""research"":{}}]","current","current","CURRENT / BASELINE","1000","0","999","total","equal","0.03","100","0.6931471805599453","","75","75","0","0","100","75","0.25","0.25","25","25","25","25","25","25","0","","","","0","","false","12.524","0.25048","12.476","0.24952000000000002","0","","0","","0","","0",""
"mixed-50-50","mixed","","1","50 BM + 50 SP","{""bridgeman"":50,""spearman"":50,""chull"":0,""scout"":0,""heavy"":0,""shardbearer"":0}","{}","[{""name"":""50 BM + 50 SP"",""units"":{""bridgeman"":50,""spearman"":50,""chull"":0,""scout"":0,""heavy"":0,""shardbearer"":0},""research"":{}}]","current","current","CURRENT / BASELINE","1000","0","999","total","equal","0.03","100","0.6931471805599453","","75","75","0","0","100","75","0.25","0.25","25","25","25","25","25","25","0","","","","0","","false","12.468","0.24936","12.532","0.25064","0","","0","","0","","0",""
"mixed-50-50","mixed","","0","50 BM + 50 SP","{""bridgeman"":50,""spearman"":50,""chull"":0,""scout"":0,""heavy"":0,""shardbearer"":0}","{}","[{""name"":""50 BM + 50 SP"",""units"":{""bridgeman"":50,""spearman"":50,""chull"":0,""scout"":0,""heavy"":0,""shardbearer"":0},""research"":{}}]","floor1","floor1","EXPERIMENTAL / 1% floor","1000","0","999","total","equal","0.01","100","0.6931471805599453","","75","75","0","0","100","75","0.25","0.25","25","25","25","25","25","25","0","","","","0","","false","12.524","0.25048","12.476","0.24952000000000002","0","","0","","0","","0",""
"mixed-50-50","mixed","","1","50 BM + 50 SP","{""bridgeman"":50,""spearman"":50,""chull"":0,""scout"":0,""heavy"":0,""shardbearer"":0}","{}","[{""name"":""50 BM + 50 SP"",""units"":{""bridgeman"":50,""spearman"":50,""chull"":0,""scout"":0,""heavy"":0,""shardbearer"":0},""research"":{}}]","floor1","floor1","EXPERIMENTAL / 1% floor","1000","0","999","total","equal","0.01","100","0.6931471805599453","","75","75","0","0","100","75","0.25","0.25","25","25","25","25","25","25","0","","","","0","","false","12.468","0.24936","12.532","0.25064","0","","0","","0","","0",""
"mixed-50-50","mixed","","0","50 BM + 50 SP","{""bridgeman"":50,""spearman"":50,""chull"":0,""scout"":0,""heavy"":0,""shardbearer"":0}","{}","[{""name"":""50 BM + 50 SP"",""units"":{""bridgeman"":50,""spearman"":50,""chull"":0,""scout"":0,""heavy"":0,""shardbearer"":0},""research"":{}}]","floor0","floor0","EXPERIMENTAL / 0% floor","1000","0","999","total","equal","0","100","0.6931471805599453","","75","75","0","0","100","75","0.25","0.25","25","25","25","25","25","25","0","","","","0","","false","12.524","0.25048","12.476","0.24952000000000002","0","","0","","0","","0",""
"mixed-50-50","mixed","","1","50 BM + 50 SP","{""bridgeman"":50,""spearman"":50,""chull"":0,""scout"":0,""heavy"":0,""shardbearer"":0}","{}","[{""name"":""50 BM + 50 SP"",""units"":{""bridgeman"":50,""spearman"":50,""chull"":0,""scout"":0,""heavy"":0,""shardbearer"":0},""research"":{}}]","floor0","floor0","EXPERIMENTAL / 0% floor","1000","0","999","total","equal","0","100","0.6931471805599453","","75","75","0","0","100","75","0.25","0.25","25","25","25","25","25","25","0","","","","0","","false","12.468","0.24936","12.532","0.25064","0","","0","","0","","0",""
"mixed-50-50","mixed","","0","50 BM + 50 SP","{""bridgeman"":50,""spearman"":50,""chull"":0,""scout"":0,""heavy"":0,""shardbearer"":0}","{}","[{""name"":""50 BM + 50 SP"",""units"":{""bridgeman"":50,""spearman"":50,""chull"":0,""scout"":0,""heavy"":0,""shardbearer"":0},""research"":{}}]","weighted","weighted","EXPERIMENTAL / weighted selection","1000","0","999","total","weighted","0.03","100","0.6931471805599453","","75","75","0","0","100","75","0.25","0.25","25","25","25","25","25","25","0","","","","0","","false","19.279","0.38558","5.721","0.11442000000000001","0","","0","","0","","0",""
"mixed-50-50","mixed","","1","50 BM + 50 SP","{""bridgeman"":50,""spearman"":50,""chull"":0,""scout"":0,""heavy"":0,""shardbearer"":0}","{}","[{""name"":""50 BM + 50 SP"",""units"":{""bridgeman"":50,""spearman"":50,""chull"":0,""scout"":0,""heavy"":0,""shardbearer"":0},""research"":{}}]","weighted","weighted","EXPERIMENTAL / weighted selection","1000","0","999","total","weighted","0.03","100","0.6931471805599453","","75","75","0","0","100","75","0.25","0.25","25","25","25","25","25","25","0","","","","0","","false","19.251","0.38502000000000003","5.749","0.11498","0","","0","","0","","0",""
"mixed-50-50","mixed","","0","50 BM + 50 SP","{""bridgeman"":50,""spearman"":50,""chull"":0,""scout"":0,""heavy"":0,""shardbearer"":0}","{}","[{""name"":""50 BM + 50 SP"",""units"":{""bridgeman"":50,""spearman"":50,""chull"":0,""scout"":0,""heavy"":0,""shardbearer"":0},""research"":{}}]","normalized","normalized","EXPERIMENTAL / normalized Survival — NOT BALANCED","1000","0","999","density","equal","0.03","100","0.6931471805599453","","75","75","0","0","100","75","0.25","0.25","25","25","25","25","25","25","0","","","","0","","false","12.524","0.25048","12.476","0.24952000000000002","0","","0","","0","","0",""
"mixed-50-50","mixed","","1","50 BM + 50 SP","{""bridgeman"":50,""spearman"":50,""chull"":0,""scout"":0,""heavy"":0,""shardbearer"":0}","{}","[{""name"":""50 BM + 50 SP"",""units"":{""bridgeman"":50,""spearman"":50,""chull"":0,""scout"":0,""heavy"":0,""shardbearer"":0},""research"":{}}]","normalized","normalized","EXPERIMENTAL / normalized Survival — NOT BALANCED","1000","0","999","density","equal","0.03","100","0.6931471805599453","","75","75","0","0","100","75","0.25","0.25","25","25","25","25","25","25","0","","","","0","","false","12.468","0.24936","12.532","0.25064","0","","0","","0","","0",""
"mixed-50-50","mixed","","0","50 BM + 50 SP","{""bridgeman"":50,""spearman"":50,""chull"":0,""scout"":0,""heavy"":0,""shardbearer"":0}","{}","[{""name"":""50 BM + 50 SP"",""units"":{""bridgeman"":50,""spearman"":50,""chull"":0,""scout"":0,""heavy"":0,""shardbearer"":0},""research"":{}}]","normalized-weighted","normalized-weighted","EXPERIMENTAL / normalized + weighted — NOT BALANCED","1000","0","999","density","weighted","0.03","100","0.6931471805599453","","75","75","0","0","100","75","0.25","0.25","25","25","25","25","25","25","0","","","","0","","false","19.279","0.38558","5.721","0.11442000000000001","0","","0","","0","","0",""
"mixed-50-50","mixed","","1","50 BM + 50 SP","{""bridgeman"":50,""spearman"":50,""chull"":0,""scout"":0,""heavy"":0,""shardbearer"":0}","{}","[{""name"":""50 BM + 50 SP"",""units"":{""bridgeman"":50,""spearman"":50,""chull"":0,""scout"":0,""heavy"":0,""shardbearer"":0},""research"":{}}]","normalized-weighted","normalized-weighted","EXPERIMENTAL / normalized + weighted — NOT BALANCED","1000","0","999","density","weighted","0.03","100","0.6931471805599453","","75","75","0","0","100","75","0.25","0.25","25","25","25","25","25","25","0","","","","0","","false","19.251","0.38502000000000003","5.749","0.11498","0","","0","","0","","0",""
"mixed-80-20","mixed","","0","80 BM + 20 SP","{""bridgeman"":80,""spearman"":20,""chull"":0,""scout"":0,""heavy"":0,""shardbearer"":0}","{}","[{""name"":""80 BM + 20 SP"",""units"":{""bridgeman"":80,""spearman"":20,""chull"":0,""scout"":0,""heavy"":0,""shardbearer"":0},""research"":{}}]","current","current","CURRENT / BASELINE","1000","0","999","total","equal","0.03","100","0.6931471805599453","","60","60","-60","-60","100","90","0.25","0.4","40","40","40","40","40","40","0","","","","0","","false","32.013","0.4001625","7.987","0.39935","0","","0","","0","","0",""
"mixed-80-20","mixed","","1","80 BM + 20 SP","{""bridgeman"":80,""spearman"":20,""chull"":0,""scout"":0,""heavy"":0,""shardbearer"":0}","{}","[{""name"":""80 BM + 20 SP"",""units"":{""bridgeman"":80,""spearman"":20,""chull"":0,""scout"":0,""heavy"":0,""shardbearer"":0},""research"":{}}]","current","current","CURRENT / BASELINE","1000","0","999","total","equal","0.03","100","0.6931471805599453","","60","60","-60","-60","100","90","0.25","0.4","40","40","40","40","40","40","0","","","","0","","false","32.078","0.400975","7.922","0.3961","0","","0","","0","","0",""
"mixed-80-20","mixed","","0","80 BM + 20 SP","{""bridgeman"":80,""spearman"":20,""chull"":0,""scout"":0,""heavy"":0,""shardbearer"":0}","{}","[{""name"":""80 BM + 20 SP"",""units"":{""bridgeman"":80,""spearman"":20,""chull"":0,""scout"":0,""heavy"":0,""shardbearer"":0},""research"":{}}]","floor1","floor1","EXPERIMENTAL / 1% floor","1000","0","999","total","equal","0.01","100","0.6931471805599453","","60","60","-60","-60","100","90","0.25","0.4","40","40","40","40","40","40","0","","","","0","","false","32.013","0.4001625","7.987","0.39935","0","","0","","0","","0",""
"mixed-80-20","mixed","","1","80 BM + 20 SP","{""bridgeman"":80,""spearman"":20,""chull"":0,""scout"":0,""heavy"":0,""shardbearer"":0}","{}","[{""name"":""80 BM + 20 SP"",""units"":{""bridgeman"":80,""spearman"":20,""chull"":0,""scout"":0,""heavy"":0,""shardbearer"":0},""research"":{}}]","floor1","floor1","EXPERIMENTAL / 1% floor","1000","0","999","total","equal","0.01","100","0.6931471805599453","","60","60","-60","-60","100","90","0.25","0.4","40","40","40","40","40","40","0","","","","0","","false","32.078","0.400975","7.922","0.3961","0","","0","","0","","0",""
"mixed-80-20","mixed","","0","80 BM + 20 SP","{""bridgeman"":80,""spearman"":20,""chull"":0,""scout"":0,""heavy"":0,""shardbearer"":0}","{}","[{""name"":""80 BM + 20 SP"",""units"":{""bridgeman"":80,""spearman"":20,""chull"":0,""scout"":0,""heavy"":0,""shardbearer"":0},""research"":{}}]","floor0","floor0","EXPERIMENTAL / 0% floor","1000","0","999","total","equal","0","100","0.6931471805599453","","60","60","-60","-60","100","90","0.25","0.4","40","40","40","40","40","40","0","","","","0","","false","32.013","0.4001625","7.987","0.39935","0","","0","","0","","0",""
"mixed-80-20","mixed","","1","80 BM + 20 SP","{""bridgeman"":80,""spearman"":20,""chull"":0,""scout"":0,""heavy"":0,""shardbearer"":0}","{}","[{""name"":""80 BM + 20 SP"",""units"":{""bridgeman"":80,""spearman"":20,""chull"":0,""scout"":0,""heavy"":0,""shardbearer"":0},""research"":{}}]","floor0","floor0","EXPERIMENTAL / 0% floor","1000","0","999","total","equal","0","100","0.6931471805599453","","60","60","-60","-60","100","90","0.25","0.4","40","40","40","40","40","40","0","","","","0","","false","32.078","0.400975","7.922","0.3961","0","","0","","0","","0",""
"mixed-80-20","mixed","","0","80 BM + 20 SP","{""bridgeman"":80,""spearman"":20,""chull"":0,""scout"":0,""heavy"":0,""shardbearer"":0}","{}","[{""name"":""80 BM + 20 SP"",""units"":{""bridgeman"":80,""spearman"":20,""chull"":0,""scout"":0,""heavy"":0,""shardbearer"":0},""research"":{}}]","weighted","weighted","EXPERIMENTAL / weighted selection","1000","0","999","total","weighted","0.03","100","0.6931471805599453","","60","60","-60","-60","100","90","0.25","0.4","40","40","40","40","40","40","0","","","","0","","false","37.143","0.4642875","2.857","0.14285","0","","0","","0","","0",""
"mixed-80-20","mixed","","1","80 BM + 20 SP","{""bridgeman"":80,""spearman"":20,""chull"":0,""scout"":0,""heavy"":0,""shardbearer"":0}","{}","[{""name"":""80 BM + 20 SP"",""units"":{""bridgeman"":80,""spearman"":20,""chull"":0,""scout"":0,""heavy"":0,""shardbearer"":0},""research"":{}}]","weighted","weighted","EXPERIMENTAL / weighted selection","1000","0","999","total","weighted","0.03","100","0.6931471805599453","","60","60","-60","-60","100","90","0.25","0.4","40","40","40","40","40","40","0","","","","0","","false","37.105","0.46381249999999996","2.895","0.14475","0","","0","","0","","0",""
"mixed-80-20","mixed","","0","80 BM + 20 SP","{""bridgeman"":80,""spearman"":20,""chull"":0,""scout"":0,""heavy"":0,""shardbearer"":0}","{}","[{""name"":""80 BM + 20 SP"",""units"":{""bridgeman"":80,""spearman"":20,""chull"":0,""scout"":0,""heavy"":0,""shardbearer"":0},""research"":{}}]","normalized","normalized","EXPERIMENTAL / normalized Survival — NOT BALANCED","1000","0","999","density","equal","0.03","100","0.6931471805599453","","60","60","-60","-60","100","90","0.25","0.4","40","40","40","40","40","40","0","","","","0","","false","32.013","0.4001625","7.987","0.39935","0","","0","","0","","0",""
"mixed-80-20","mixed","","1","80 BM + 20 SP","{""bridgeman"":80,""spearman"":20,""chull"":0,""scout"":0,""heavy"":0,""shardbearer"":0}","{}","[{""name"":""80 BM + 20 SP"",""units"":{""bridgeman"":80,""spearman"":20,""chull"":0,""scout"":0,""heavy"":0,""shardbearer"":0},""research"":{}}]","normalized","normalized","EXPERIMENTAL / normalized Survival — NOT BALANCED","1000","0","999","density","equal","0.03","100","0.6931471805599453","","60","60","-60","-60","100","90","0.25","0.4","40","40","40","40","40","40","0","","","","0","","false","32.078","0.400975","7.922","0.3961","0","","0","","0","","0",""
"mixed-80-20","mixed","","0","80 BM + 20 SP","{""bridgeman"":80,""spearman"":20,""chull"":0,""scout"":0,""heavy"":0,""shardbearer"":0}","{}","[{""name"":""80 BM + 20 SP"",""units"":{""bridgeman"":80,""spearman"":20,""chull"":0,""scout"":0,""heavy"":0,""shardbearer"":0},""research"":{}}]","normalized-weighted","normalized-weighted","EXPERIMENTAL / normalized + weighted — NOT BALANCED","1000","0","999","density","weighted","0.03","100","0.6931471805599453","","60","60","-60","-60","100","90","0.25","0.4","40","40","40","40","40","40","0","","","","0","","false","37.143","0.4642875","2.857","0.14285","0","","0","","0","","0",""
"mixed-80-20","mixed","","1","80 BM + 20 SP","{""bridgeman"":80,""spearman"":20,""chull"":0,""scout"":0,""heavy"":0,""shardbearer"":0}","{}","[{""name"":""80 BM + 20 SP"",""units"":{""bridgeman"":80,""spearman"":20,""chull"":0,""scout"":0,""heavy"":0,""shardbearer"":0},""research"":{}}]","normalized-weighted","normalized-weighted","EXPERIMENTAL / normalized + weighted — NOT BALANCED","1000","0","999","density","weighted","0.03","100","0.6931471805599453","","60","60","-60","-60","100","90","0.25","0.4","40","40","40","40","40","40","0","","","","0","","false","37.105","0.46381249999999996","2.895","0.14475","0","","0","","0","","0",""
"mixed-20-80","mixed","","0","20 BM + 80 SP","{""bridgeman"":20,""spearman"":80,""chull"":0,""scout"":0,""heavy"":0,""shardbearer"":0}","{}","[{""name"":""20 BM + 80 SP"",""units"":{""bridgeman"":20,""spearman"":80,""chull"":0,""scout"":0,""heavy"":0,""shardbearer"":0},""research"":{}}]","current","current","CURRENT / BASELINE","1000","0","999","total","equal","0.03","100","0.6931471805599453","","90","90","60","60","100","60","0.25","0.15625","15.625","15.611","15.611","16","15","16","0.48752333277495424","","","","0","","false","3.121","0.15605","12.49","0.156125","0","","0","","0","","0",""
"mixed-20-80","mixed","","1","20 BM + 80 SP","{""bridgeman"":20,""spearman"":80,""chull"":0,""scout"":0,""heavy"":0,""shardbearer"":0}","{}","[{""name"":""20 BM + 80 SP"",""units"":{""bridgeman"":20,""spearman"":80,""chull"":0,""scout"":0,""heavy"":0,""shardbearer"":0},""research"":{}}]","current","current","CURRENT / BASELINE","1000","0","999","total","equal","0.03","100","0.6931471805599453","","90","90","60","60","100","60","0.25","0.15625","15.625","15.621","15.621000000000002","16","15","16","0.4851381246614228","","","","0","","false","3.157","0.15785","12.464","0.1558","0","","0","","0","","0",""
"mixed-20-80","mixed","","0","20 BM + 80 SP","{""bridgeman"":20,""spearman"":80,""chull"":0,""scout"":0,""heavy"":0,""shardbearer"":0}","{}","[{""name"":""20 BM + 80 SP"",""units"":{""bridgeman"":20,""spearman"":80,""chull"":0,""scout"":0,""heavy"":0,""shardbearer"":0},""research"":{}}]","floor1","floor1","EXPERIMENTAL / 1% floor","1000","0","999","total","equal","0.01","100","0.6931471805599453","","90","90","60","60","100","60","0.25","0.15625","15.625","15.611","15.611","16","15","16","0.48752333277495424","","","","0","","false","3.121","0.15605","12.49","0.156125","0","","0","","0","","0",""
"mixed-20-80","mixed","","1","20 BM + 80 SP","{""bridgeman"":20,""spearman"":80,""chull"":0,""scout"":0,""heavy"":0,""shardbearer"":0}","{}","[{""name"":""20 BM + 80 SP"",""units"":{""bridgeman"":20,""spearman"":80,""chull"":0,""scout"":0,""heavy"":0,""shardbearer"":0},""research"":{}}]","floor1","floor1","EXPERIMENTAL / 1% floor","1000","0","999","total","equal","0.01","100","0.6931471805599453","","90","90","60","60","100","60","0.25","0.15625","15.625","15.621","15.621000000000002","16","15","16","0.4851381246614228","","","","0","","false","3.157","0.15785","12.464","0.1558","0","","0","","0","","0",""
"mixed-20-80","mixed","","0","20 BM + 80 SP","{""bridgeman"":20,""spearman"":80,""chull"":0,""scout"":0,""heavy"":0,""shardbearer"":0}","{}","[{""name"":""20 BM + 80 SP"",""units"":{""bridgeman"":20,""spearman"":80,""chull"":0,""scout"":0,""heavy"":0,""shardbearer"":0},""research"":{}}]","floor0","floor0","EXPERIMENTAL / 0% floor","1000","0","999","total","equal","0","100","0.6931471805599453","","90","90","60","60","100","60","0.25","0.15625","15.625","15.611","15.611","16","15","16","0.48752333277495424","","","","0","","false","3.121","0.15605","12.49","0.156125","0","","0","","0","","0",""
"mixed-20-80","mixed","","1","20 BM + 80 SP","{""bridgeman"":20,""spearman"":80,""chull"":0,""scout"":0,""heavy"":0,""shardbearer"":0}","{}","[{""name"":""20 BM + 80 SP"",""units"":{""bridgeman"":20,""spearman"":80,""chull"":0,""scout"":0,""heavy"":0,""shardbearer"":0},""research"":{}}]","floor0","floor0","EXPERIMENTAL / 0% floor","1000","0","999","total","equal","0","100","0.6931471805599453","","90","90","60","60","100","60","0.25","0.15625","15.625","15.621","15.621000000000002","16","15","16","0.4851381246614228","","","","0","","false","3.157","0.15785","12.464","0.1558","0","","0","","0","","0",""
"mixed-20-80","mixed","","0","20 BM + 80 SP","{""bridgeman"":20,""spearman"":80,""chull"":0,""scout"":0,""heavy"":0,""shardbearer"":0}","{}","[{""name"":""20 BM + 80 SP"",""units"":{""bridgeman"":20,""spearman"":80,""chull"":0,""scout"":0,""heavy"":0,""shardbearer"":0},""research"":{}}]","weighted","weighted","EXPERIMENTAL / weighted selection","1000","0","999","total","weighted","0.03","100","0.6931471805599453","","90","90","60","60","100","60","0.25","0.15625","15.625","15.611","15.611","16","15","16","0.48752333277495424","","","","0","","false","7.264","0.3632","8.347","0.1043375","0","","0","","0","","0",""
"mixed-20-80","mixed","","1","20 BM + 80 SP","{""bridgeman"":20,""spearman"":80,""chull"":0,""scout"":0,""heavy"":0,""shardbearer"":0}","{}","[{""name"":""20 BM + 80 SP"",""units"":{""bridgeman"":20,""spearman"":80,""chull"":0,""scout"":0,""heavy"":0,""shardbearer"":0},""research"":{}}]","weighted","weighted","EXPERIMENTAL / weighted selection","1000","0","999","total","weighted","0.03","100","0.6931471805599453","","90","90","60","60","100","60","0.25","0.15625","15.625","15.621","15.621000000000002","16","15","16","0.4851381246614228","","","","0","","false","7.184","0.3592","8.437","0.10546249999999999","0","","0","","0","","0",""
"mixed-20-80","mixed","","0","20 BM + 80 SP","{""bridgeman"":20,""spearman"":80,""chull"":0,""scout"":0,""heavy"":0,""shardbearer"":0}","{}","[{""name"":""20 BM + 80 SP"",""units"":{""bridgeman"":20,""spearman"":80,""chull"":0,""scout"":0,""heavy"":0,""shardbearer"":0},""research"":{}}]","normalized","normalized","EXPERIMENTAL / normalized Survival — NOT BALANCED","1000","0","999","density","equal","0.03","100","0.6931471805599453","","90","90","60","60","100","60","0.25","0.15625","15.625","15.611","15.611","16","15","16","0.48752333277495424","","","","0","","false","3.121","0.15605","12.49","0.156125","0","","0","","0","","0",""
"mixed-20-80","mixed","","1","20 BM + 80 SP","{""bridgeman"":20,""spearman"":80,""chull"":0,""scout"":0,""heavy"":0,""shardbearer"":0}","{}","[{""name"":""20 BM + 80 SP"",""units"":{""bridgeman"":20,""spearman"":80,""chull"":0,""scout"":0,""heavy"":0,""shardbearer"":0},""research"":{}}]","normalized","normalized","EXPERIMENTAL / normalized Survival — NOT BALANCED","1000","0","999","density","equal","0.03","100","0.6931471805599453","","90","90","60","60","100","60","0.25","0.15625","15.625","15.621","15.621000000000002","16","15","16","0.4851381246614228","","","","0","","false","3.157","0.15785","12.464","0.1558","0","","0","","0","","0",""
"mixed-20-80","mixed","","0","20 BM + 80 SP","{""bridgeman"":20,""spearman"":80,""chull"":0,""scout"":0,""heavy"":0,""shardbearer"":0}","{}","[{""name"":""20 BM + 80 SP"",""units"":{""bridgeman"":20,""spearman"":80,""chull"":0,""scout"":0,""heavy"":0,""shardbearer"":0},""research"":{}}]","normalized-weighted","normalized-weighted","EXPERIMENTAL / normalized + weighted — NOT BALANCED","1000","0","999","density","weighted","0.03","100","0.6931471805599453","","90","90","60","60","100","60","0.25","0.15625","15.625","15.611","15.611","16","15","16","0.48752333277495424","","","","0","","false","7.264","0.3632","8.347","0.1043375","0","","0","","0","","0",""
"mixed-20-80","mixed","","1","20 BM + 80 SP","{""bridgeman"":20,""spearman"":80,""chull"":0,""scout"":0,""heavy"":0,""shardbearer"":0}","{}","[{""name"":""20 BM + 80 SP"",""units"":{""bridgeman"":20,""spearman"":80,""chull"":0,""scout"":0,""heavy"":0,""shardbearer"":0},""research"":{}}]","normalized-weighted","normalized-weighted","EXPERIMENTAL / normalized + weighted — NOT BALANCED","1000","0","999","density","weighted","0.03","100","0.6931471805599453","","90","90","60","60","100","60","0.25","0.15625","15.625","15.621","15.621000000000002","16","15","16","0.4851381246614228","","","","0","","false","7.184","0.3592","8.437","0.10546249999999999","0","","0","","0","","0",""
"scale-mixed-10","scaling","","0","Balanced 10","{""bridgeman"":5,""spearman"":5,""chull"":0,""scout"":0,""heavy"":0,""shardbearer"":0}","{}","[{""name"":""Balanced 10"",""units"":{""bridgeman"":5,""spearman"":5,""chull"":0,""scout"":0,""heavy"":0,""shardbearer"":0},""research"":{}}]","current","current","CURRENT / BASELINE","1000","0","999","total","equal","0.03","100","0.6931471805599453","","7.5","7.5","0","0","10","7.5","0.25","0.25","2.5","2.489","24.889999999999997","2","2","3","0.49987898535545616","","","","0","","false","1.283","0.2566","1.206","0.2412","0","","0","","0","","0",""
"scale-mixed-10","scaling","","1","Balanced 10","{""bridgeman"":5,""spearman"":5,""chull"":0,""scout"":0,""heavy"":0,""shardbearer"":0}","{}","[{""name"":""Balanced 10"",""units"":{""bridgeman"":5,""spearman"":5,""chull"":0,""scout"":0,""heavy"":0,""shardbearer"":0},""research"":{}}]","current","current","CURRENT / BASELINE","1000","0","999","total","equal","0.03","100","0.6931471805599453","","7.5","7.5","0","0","10","7.5","0.25","0.25","2.5","2.478","24.78","2","2","3","0.49951576551696086","","","","0","","false","1.199","0.2398","1.279","0.25579999999999997","0","","0","","0","","0",""
"scale-mixed-10","scaling","","0","Balanced 10","{""bridgeman"":5,""spearman"":5,""chull"":0,""scout"":0,""heavy"":0,""shardbearer"":0}","{}","[{""name"":""Balanced 10"",""units"":{""bridgeman"":5,""spearman"":5,""chull"":0,""scout"":0,""heavy"":0,""shardbearer"":0},""research"":{}}]","floor1","floor1","EXPERIMENTAL / 1% floor","1000","0","999","total","equal","0.01","100","0.6931471805599453","","7.5","7.5","0","0","10","7.5","0.25","0.25","2.5","2.489","24.889999999999997","2","2","3","0.49987898535545616","","","","0","","false","1.283","0.2566","1.206","0.2412","0","","0","","0","","0",""
"scale-mixed-10","scaling","","1","Balanced 10","{""bridgeman"":5,""spearman"":5,""chull"":0,""scout"":0,""heavy"":0,""shardbearer"":0}","{}","[{""name"":""Balanced 10"",""units"":{""bridgeman"":5,""spearman"":5,""chull"":0,""scout"":0,""heavy"":0,""shardbearer"":0},""research"":{}}]","floor1","floor1","EXPERIMENTAL / 1% floor","1000","0","999","total","equal","0.01","100","0.6931471805599453","","7.5","7.5","0","0","10","7.5","0.25","0.25","2.5","2.478","24.78","2","2","3","0.49951576551696086","","","","0","","false","1.199","0.2398","1.279","0.25579999999999997","0","","0","","0","","0",""
"scale-mixed-10","scaling","","0","Balanced 10","{""bridgeman"":5,""spearman"":5,""chull"":0,""scout"":0,""heavy"":0,""shardbearer"":0}","{}","[{""name"":""Balanced 10"",""units"":{""bridgeman"":5,""spearman"":5,""chull"":0,""scout"":0,""heavy"":0,""shardbearer"":0},""research"":{}}]","floor0","floor0","EXPERIMENTAL / 0% floor","1000","0","999","total","equal","0","100","0.6931471805599453","","7.5","7.5","0","0","10","7.5","0.25","0.25","2.5","2.489","24.889999999999997","2","2","3","0.49987898535545616","","","","0","","false","1.283","0.2566","1.206","0.2412","0","","0","","0","","0",""
"scale-mixed-10","scaling","","1","Balanced 10","{""bridgeman"":5,""spearman"":5,""chull"":0,""scout"":0,""heavy"":0,""shardbearer"":0}","{}","[{""name"":""Balanced 10"",""units"":{""bridgeman"":5,""spearman"":5,""chull"":0,""scout"":0,""heavy"":0,""shardbearer"":0},""research"":{}}]","floor0","floor0","EXPERIMENTAL / 0% floor","1000","0","999","total","equal","0","100","0.6931471805599453","","7.5","7.5","0","0","10","7.5","0.25","0.25","2.5","2.478","24.78","2","2","3","0.49951576551696086","","","","0","","false","1.199","0.2398","1.279","0.25579999999999997","0","","0","","0","","0",""
"scale-mixed-10","scaling","","0","Balanced 10","{""bridgeman"":5,""spearman"":5,""chull"":0,""scout"":0,""heavy"":0,""shardbearer"":0}","{}","[{""name"":""Balanced 10"",""units"":{""bridgeman"":5,""spearman"":5,""chull"":0,""scout"":0,""heavy"":0,""shardbearer"":0},""research"":{}}]","weighted","weighted","EXPERIMENTAL / weighted selection","1000","0","999","total","weighted","0.03","100","0.6931471805599453","","7.5","7.5","0","0","10","7.5","0.25","0.25","2.5","2.489","24.889999999999997","2","2","3","0.49987898535545616","","","","0","","false","1.945","0.389","0.544","0.10880000000000001","0","","0","","0","","0",""
"scale-mixed-10","scaling","","1","Balanced 10","{""bridgeman"":5,""spearman"":5,""chull"":0,""scout"":0,""heavy"":0,""shardbearer"":0}","{}","[{""name"":""Balanced 10"",""units"":{""bridgeman"":5,""spearman"":5,""chull"":0,""scout"":0,""heavy"":0,""shardbearer"":0},""research"":{}}]","weighted","weighted","EXPERIMENTAL / weighted selection","1000","0","999","total","weighted","0.03","100","0.6931471805599453","","7.5","7.5","0","0","10","7.5","0.25","0.25","2.5","2.478","24.78","2","2","3","0.49951576551696086","","","","0","","false","1.945","0.389","0.533","0.1066","0","","0","","0","","0",""
"scale-mixed-10","scaling","","0","Balanced 10","{""bridgeman"":5,""spearman"":5,""chull"":0,""scout"":0,""heavy"":0,""shardbearer"":0}","{}","[{""name"":""Balanced 10"",""units"":{""bridgeman"":5,""spearman"":5,""chull"":0,""scout"":0,""heavy"":0,""shardbearer"":0},""research"":{}}]","normalized","normalized","EXPERIMENTAL / normalized Survival — NOT BALANCED","1000","0","999","density","equal","0.03","100","0.6931471805599453","","7.5","7.5","0","0","10","7.5","0.25","0.25","2.5","2.489","24.889999999999997","2","2","3","0.49987898535545616","","","","0","","false","1.283","0.2566","1.206","0.2412","0","","0","","0","","0",""
"scale-mixed-10","scaling","","1","Balanced 10","{""bridgeman"":5,""spearman"":5,""chull"":0,""scout"":0,""heavy"":0,""shardbearer"":0}","{}","[{""name"":""Balanced 10"",""units"":{""bridgeman"":5,""spearman"":5,""chull"":0,""scout"":0,""heavy"":0,""shardbearer"":0},""research"":{}}]","normalized","normalized","EXPERIMENTAL / normalized Survival — NOT BALANCED","1000","0","999","density","equal","0.03","100","0.6931471805599453","","7.5","7.5","0","0","10","7.5","0.25","0.25","2.5","2.478","24.78","2","2","3","0.49951576551696086","","","","0","","false","1.199","0.2398","1.279","0.25579999999999997","0","","0","","0","","0",""
"scale-mixed-10","scaling","","0","Balanced 10","{""bridgeman"":5,""spearman"":5,""chull"":0,""scout"":0,""heavy"":0,""shardbearer"":0}","{}","[{""name"":""Balanced 10"",""units"":{""bridgeman"":5,""spearman"":5,""chull"":0,""scout"":0,""heavy"":0,""shardbearer"":0},""research"":{}}]","normalized-weighted","normalized-weighted","EXPERIMENTAL / normalized + weighted — NOT BALANCED","1000","0","999","density","weighted","0.03","100","0.6931471805599453","","7.5","7.5","0","0","10","7.5","0.25","0.25","2.5","2.489","24.889999999999997","2","2","3","0.49987898535545616","","","","0","","false","1.945","0.389","0.544","0.10880000000000001","0","","0","","0","","0",""
"scale-mixed-10","scaling","","1","Balanced 10","{""bridgeman"":5,""spearman"":5,""chull"":0,""scout"":0,""heavy"":0,""shardbearer"":0}","{}","[{""name"":""Balanced 10"",""units"":{""bridgeman"":5,""spearman"":5,""chull"":0,""scout"":0,""heavy"":0,""shardbearer"":0},""research"":{}}]","normalized-weighted","normalized-weighted","EXPERIMENTAL / normalized + weighted — NOT BALANCED","1000","0","999","density","weighted","0.03","100","0.6931471805599453","","7.5","7.5","0","0","10","7.5","0.25","0.25","2.5","2.478","24.78","2","2","3","0.49951576551696086","","","","0","","false","1.945","0.389","0.533","0.1066","0","","0","","0","","0",""
"scale-mixed-100","scaling","","0","Balanced 100","{""bridgeman"":50,""spearman"":50,""chull"":0,""scout"":0,""heavy"":0,""shardbearer"":0}","{}","[{""name"":""Balanced 100"",""units"":{""bridgeman"":50,""spearman"":50,""chull"":0,""scout"":0,""heavy"":0,""shardbearer"":0},""research"":{}}]","current","current","CURRENT / BASELINE","1000","0","999","total","equal","0.03","100","0.6931471805599453","","75","75","0","0","100","75","0.25","0.25","25","25","25","25","25","25","0","","","","0","","false","12.446","0.24892","12.554","0.25108","0","","0","","0","","0",""
"scale-mixed-100","scaling","","1","Balanced 100","{""bridgeman"":50,""spearman"":50,""chull"":0,""scout"":0,""heavy"":0,""shardbearer"":0}","{}","[{""name"":""Balanced 100"",""units"":{""bridgeman"":50,""spearman"":50,""chull"":0,""scout"":0,""heavy"":0,""shardbearer"":0},""research"":{}}]","current","current","CURRENT / BASELINE","1000","0","999","total","equal","0.03","100","0.6931471805599453","","75","75","0","0","100","75","0.25","0.25","25","25","25","25","25","25","0","","","","0","","false","12.535","0.2507","12.465","0.2493","0","","0","","0","","0",""
"scale-mixed-100","scaling","","0","Balanced 100","{""bridgeman"":50,""spearman"":50,""chull"":0,""scout"":0,""heavy"":0,""shardbearer"":0}","{}","[{""name"":""Balanced 100"",""units"":{""bridgeman"":50,""spearman"":50,""chull"":0,""scout"":0,""heavy"":0,""shardbearer"":0},""research"":{}}]","floor1","floor1","EXPERIMENTAL / 1% floor","1000","0","999","total","equal","0.01","100","0.6931471805599453","","75","75","0","0","100","75","0.25","0.25","25","25","25","25","25","25","0","","","","0","","false","12.446","0.24892","12.554","0.25108","0","","0","","0","","0",""
"scale-mixed-100","scaling","","1","Balanced 100","{""bridgeman"":50,""spearman"":50,""chull"":0,""scout"":0,""heavy"":0,""shardbearer"":0}","{}","[{""name"":""Balanced 100"",""units"":{""bridgeman"":50,""spearman"":50,""chull"":0,""scout"":0,""heavy"":0,""shardbearer"":0},""research"":{}}]","floor1","floor1","EXPERIMENTAL / 1% floor","1000","0","999","total","equal","0.01","100","0.6931471805599453","","75","75","0","0","100","75","0.25","0.25","25","25","25","25","25","25","0","","","","0","","false","12.535","0.2507","12.465","0.2493","0","","0","","0","","0",""
"scale-mixed-100","scaling","","0","Balanced 100","{""bridgeman"":50,""spearman"":50,""chull"":0,""scout"":0,""heavy"":0,""shardbearer"":0}","{}","[{""name"":""Balanced 100"",""units"":{""bridgeman"":50,""spearman"":50,""chull"":0,""scout"":0,""heavy"":0,""shardbearer"":0},""research"":{}}]","floor0","floor0","EXPERIMENTAL / 0% floor","1000","0","999","total","equal","0","100","0.6931471805599453","","75","75","0","0","100","75","0.25","0.25","25","25","25","25","25","25","0","","","","0","","false","12.446","0.24892","12.554","0.25108","0","","0","","0","","0",""
"scale-mixed-100","scaling","","1","Balanced 100","{""bridgeman"":50,""spearman"":50,""chull"":0,""scout"":0,""heavy"":0,""shardbearer"":0}","{}","[{""name"":""Balanced 100"",""units"":{""bridgeman"":50,""spearman"":50,""chull"":0,""scout"":0,""heavy"":0,""shardbearer"":0},""research"":{}}]","floor0","floor0","EXPERIMENTAL / 0% floor","1000","0","999","total","equal","0","100","0.6931471805599453","","75","75","0","0","100","75","0.25","0.25","25","25","25","25","25","25","0","","","","0","","false","12.535","0.2507","12.465","0.2493","0","","0","","0","","0",""
"scale-mixed-100","scaling","","0","Balanced 100","{""bridgeman"":50,""spearman"":50,""chull"":0,""scout"":0,""heavy"":0,""shardbearer"":0}","{}","[{""name"":""Balanced 100"",""units"":{""bridgeman"":50,""spearman"":50,""chull"":0,""scout"":0,""heavy"":0,""shardbearer"":0},""research"":{}}]","weighted","weighted","EXPERIMENTAL / weighted selection","1000","0","999","total","weighted","0.03","100","0.6931471805599453","","75","75","0","0","100","75","0.25","0.25","25","25","25","25","25","25","0","","","","0","","false","19.249","0.38498","5.751","0.11502000000000001","0","","0","","0","","0",""
"scale-mixed-100","scaling","","1","Balanced 100","{""bridgeman"":50,""spearman"":50,""chull"":0,""scout"":0,""heavy"":0,""shardbearer"":0}","{}","[{""name"":""Balanced 100"",""units"":{""bridgeman"":50,""spearman"":50,""chull"":0,""scout"":0,""heavy"":0,""shardbearer"":0},""research"":{}}]","weighted","weighted","EXPERIMENTAL / weighted selection","1000","0","999","total","weighted","0.03","100","0.6931471805599453","","75","75","0","0","100","75","0.25","0.25","25","25","25","25","25","25","0","","","","0","","false","19.301","0.38602","5.699","0.11398","0","","0","","0","","0",""
"scale-mixed-100","scaling","","0","Balanced 100","{""bridgeman"":50,""spearman"":50,""chull"":0,""scout"":0,""heavy"":0,""shardbearer"":0}","{}","[{""name"":""Balanced 100"",""units"":{""bridgeman"":50,""spearman"":50,""chull"":0,""scout"":0,""heavy"":0,""shardbearer"":0},""research"":{}}]","normalized","normalized","EXPERIMENTAL / normalized Survival — NOT BALANCED","1000","0","999","density","equal","0.03","100","0.6931471805599453","","75","75","0","0","100","75","0.25","0.25","25","25","25","25","25","25","0","","","","0","","false","12.446","0.24892","12.554","0.25108","0","","0","","0","","0",""
"scale-mixed-100","scaling","","1","Balanced 100","{""bridgeman"":50,""spearman"":50,""chull"":0,""scout"":0,""heavy"":0,""shardbearer"":0}","{}","[{""name"":""Balanced 100"",""units"":{""bridgeman"":50,""spearman"":50,""chull"":0,""scout"":0,""heavy"":0,""shardbearer"":0},""research"":{}}]","normalized","normalized","EXPERIMENTAL / normalized Survival — NOT BALANCED","1000","0","999","density","equal","0.03","100","0.6931471805599453","","75","75","0","0","100","75","0.25","0.25","25","25","25","25","25","25","0","","","","0","","false","12.535","0.2507","12.465","0.2493","0","","0","","0","","0",""
"scale-mixed-100","scaling","","0","Balanced 100","{""bridgeman"":50,""spearman"":50,""chull"":0,""scout"":0,""heavy"":0,""shardbearer"":0}","{}","[{""name"":""Balanced 100"",""units"":{""bridgeman"":50,""spearman"":50,""chull"":0,""scout"":0,""heavy"":0,""shardbearer"":0},""research"":{}}]","normalized-weighted","normalized-weighted","EXPERIMENTAL / normalized + weighted — NOT BALANCED","1000","0","999","density","weighted","0.03","100","0.6931471805599453","","75","75","0","0","100","75","0.25","0.25","25","25","25","25","25","25","0","","","","0","","false","19.249","0.38498","5.751","0.11502000000000001","0","","0","","0","","0",""
"scale-mixed-100","scaling","","1","Balanced 100","{""bridgeman"":50,""spearman"":50,""chull"":0,""scout"":0,""heavy"":0,""shardbearer"":0}","{}","[{""name"":""Balanced 100"",""units"":{""bridgeman"":50,""spearman"":50,""chull"":0,""scout"":0,""heavy"":0,""shardbearer"":0},""research"":{}}]","normalized-weighted","normalized-weighted","EXPERIMENTAL / normalized + weighted — NOT BALANCED","1000","0","999","density","weighted","0.03","100","0.6931471805599453","","75","75","0","0","100","75","0.25","0.25","25","25","25","25","25","25","0","","","","0","","false","19.301","0.38602","5.699","0.11398","0","","0","","0","","0",""
"scale-mixed-1000","scaling","","0","Balanced 1000","{""bridgeman"":500,""spearman"":500,""chull"":0,""scout"":0,""heavy"":0,""shardbearer"":0}","{}","[{""name"":""Balanced 1000"",""units"":{""bridgeman"":500,""spearman"":500,""chull"":0,""scout"":0,""heavy"":0,""shardbearer"":0},""research"":{}}]","current","current","CURRENT / BASELINE","1000","0","999","total","equal","0.03","100","0.6931471805599453","","750","750","0","0","1000","750","0.25","0.25","250","250","25","250","250","250","0","","","","0","","false","125.223","0.250446","124.777","0.249554","0","","0","","0","","0",""
"scale-mixed-1000","scaling","","1","Balanced 1000","{""bridgeman"":500,""spearman"":500,""chull"":0,""scout"":0,""heavy"":0,""shardbearer"":0}","{}","[{""name"":""Balanced 1000"",""units"":{""bridgeman"":500,""spearman"":500,""chull"":0,""scout"":0,""heavy"":0,""shardbearer"":0},""research"":{}}]","current","current","CURRENT / BASELINE","1000","0","999","total","equal","0.03","100","0.6931471805599453","","750","750","0","0","1000","750","0.25","0.25","250","250","25","250","250","250","0","","","","0","","false","125.594","0.25118799999999997","124.406","0.248812","0","","0","","0","","0",""
"scale-mixed-1000","scaling","","0","Balanced 1000","{""bridgeman"":500,""spearman"":500,""chull"":0,""scout"":0,""heavy"":0,""shardbearer"":0}","{}","[{""name"":""Balanced 1000"",""units"":{""bridgeman"":500,""spearman"":500,""chull"":0,""scout"":0,""heavy"":0,""shardbearer"":0},""research"":{}}]","floor1","floor1","EXPERIMENTAL / 1% floor","1000","0","999","total","equal","0.01","100","0.6931471805599453","","750","750","0","0","1000","750","0.25","0.25","250","250","25","250","250","250","0","","","","0","","false","125.223","0.250446","124.777","0.249554","0","","0","","0","","0",""
"scale-mixed-1000","scaling","","1","Balanced 1000","{""bridgeman"":500,""spearman"":500,""chull"":0,""scout"":0,""heavy"":0,""shardbearer"":0}","{}","[{""name"":""Balanced 1000"",""units"":{""bridgeman"":500,""spearman"":500,""chull"":0,""scout"":0,""heavy"":0,""shardbearer"":0},""research"":{}}]","floor1","floor1","EXPERIMENTAL / 1% floor","1000","0","999","total","equal","0.01","100","0.6931471805599453","","750","750","0","0","1000","750","0.25","0.25","250","250","25","250","250","250","0","","","","0","","false","125.594","0.25118799999999997","124.406","0.248812","0","","0","","0","","0",""
"scale-mixed-1000","scaling","","0","Balanced 1000","{""bridgeman"":500,""spearman"":500,""chull"":0,""scout"":0,""heavy"":0,""shardbearer"":0}","{}","[{""name"":""Balanced 1000"",""units"":{""bridgeman"":500,""spearman"":500,""chull"":0,""scout"":0,""heavy"":0,""shardbearer"":0},""research"":{}}]","floor0","floor0","EXPERIMENTAL / 0% floor","1000","0","999","total","equal","0","100","0.6931471805599453","","750","750","0","0","1000","750","0.25","0.25","250","250","25","250","250","250","0","","","","0","","false","125.223","0.250446","124.777","0.249554","0","","0","","0","","0",""
"scale-mixed-1000","scaling","","1","Balanced 1000","{""bridgeman"":500,""spearman"":500,""chull"":0,""scout"":0,""heavy"":0,""shardbearer"":0}","{}","[{""name"":""Balanced 1000"",""units"":{""bridgeman"":500,""spearman"":500,""chull"":0,""scout"":0,""heavy"":0,""shardbearer"":0},""research"":{}}]","floor0","floor0","EXPERIMENTAL / 0% floor","1000","0","999","total","equal","0","100","0.6931471805599453","","750","750","0","0","1000","750","0.25","0.25","250","250","25","250","250","250","0","","","","0","","false","125.594","0.25118799999999997","124.406","0.248812","0","","0","","0","","0",""
"scale-mixed-1000","scaling","","0","Balanced 1000","{""bridgeman"":500,""spearman"":500,""chull"":0,""scout"":0,""heavy"":0,""shardbearer"":0}","{}","[{""name"":""Balanced 1000"",""units"":{""bridgeman"":500,""spearman"":500,""chull"":0,""scout"":0,""heavy"":0,""shardbearer"":0},""research"":{}}]","weighted","weighted","EXPERIMENTAL / weighted selection","1000","0","999","total","weighted","0.03","100","0.6931471805599453","","750","750","0","0","1000","750","0.25","0.25","250","250","25","250","250","250","0","","","","0","","false","192.848","0.38569600000000004","57.152","0.114304","0","","0","","0","","0",""
"scale-mixed-1000","scaling","","1","Balanced 1000","{""bridgeman"":500,""spearman"":500,""chull"":0,""scout"":0,""heavy"":0,""shardbearer"":0}","{}","[{""name"":""Balanced 1000"",""units"":{""bridgeman"":500,""spearman"":500,""chull"":0,""scout"":0,""heavy"":0,""shardbearer"":0},""research"":{}}]","weighted","weighted","EXPERIMENTAL / weighted selection","1000","0","999","total","weighted","0.03","100","0.6931471805599453","","750","750","0","0","1000","750","0.25","0.25","250","250","25","250","250","250","0","","","","0","","false","192.671","0.38534199999999996","57.329","0.114658","0","","0","","0","","0",""
"scale-mixed-1000","scaling","","0","Balanced 1000","{""bridgeman"":500,""spearman"":500,""chull"":0,""scout"":0,""heavy"":0,""shardbearer"":0}","{}","[{""name"":""Balanced 1000"",""units"":{""bridgeman"":500,""spearman"":500,""chull"":0,""scout"":0,""heavy"":0,""shardbearer"":0},""research"":{}}]","normalized","normalized","EXPERIMENTAL / normalized Survival — NOT BALANCED","1000","0","999","density","equal","0.03","100","0.6931471805599453","","750","750","0","0","1000","750","0.25","0.25","250","250","25","250","250","250","0","","","","0","","false","125.223","0.250446","124.777","0.249554","0","","0","","0","","0",""
"scale-mixed-1000","scaling","","1","Balanced 1000","{""bridgeman"":500,""spearman"":500,""chull"":0,""scout"":0,""heavy"":0,""shardbearer"":0}","{}","[{""name"":""Balanced 1000"",""units"":{""bridgeman"":500,""spearman"":500,""chull"":0,""scout"":0,""heavy"":0,""shardbearer"":0},""research"":{}}]","normalized","normalized","EXPERIMENTAL / normalized Survival — NOT BALANCED","1000","0","999","density","equal","0.03","100","0.6931471805599453","","750","750","0","0","1000","750","0.25","0.25","250","250","25","250","250","250","0","","","","0","","false","125.594","0.25118799999999997","124.406","0.248812","0","","0","","0","","0",""
"scale-mixed-1000","scaling","","0","Balanced 1000","{""bridgeman"":500,""spearman"":500,""chull"":0,""scout"":0,""heavy"":0,""shardbearer"":0}","{}","[{""name"":""Balanced 1000"",""units"":{""bridgeman"":500,""spearman"":500,""chull"":0,""scout"":0,""heavy"":0,""shardbearer"":0},""research"":{}}]","normalized-weighted","normalized-weighted","EXPERIMENTAL / normalized + weighted — NOT BALANCED","1000","0","999","density","weighted","0.03","100","0.6931471805599453","","750","750","0","0","1000","750","0.25","0.25","250","250","25","250","250","250","0","","","","0","","false","192.848","0.38569600000000004","57.152","0.114304","0","","0","","0","","0",""
"scale-mixed-1000","scaling","","1","Balanced 1000","{""bridgeman"":500,""spearman"":500,""chull"":0,""scout"":0,""heavy"":0,""shardbearer"":0}","{}","[{""name"":""Balanced 1000"",""units"":{""bridgeman"":500,""spearman"":500,""chull"":0,""scout"":0,""heavy"":0,""shardbearer"":0},""research"":{}}]","normalized-weighted","normalized-weighted","EXPERIMENTAL / normalized + weighted — NOT BALANCED","1000","0","999","density","weighted","0.03","100","0.6931471805599453","","750","750","0","0","1000","750","0.25","0.25","250","250","25","250","250","250","0","","","","0","","false","192.671","0.38534199999999996","57.329","0.114658","0","","0","","0","","0",""
"chull-escort","chulls","Plunder is measured, never used in casualty calculation.","0","30 SP + 20 Chulls","{""bridgeman"":0,""spearman"":30,""chull"":20,""scout"":0,""heavy"":0,""shardbearer"":0}","{}","[{""name"":""60 Spearmen"",""units"":{""bridgeman"":0,""spearman"":60,""chull"":0,""scout"":0,""heavy"":0,""shardbearer"":0},""research"":{}}]","current","current","CURRENT / BASELINE","1000","0","999","total","equal","0.03","100","0.6931471805599453","","30","60","70","70","50","615","0.5","0.29411764705882354","14.705882352941178","14.691","29.382","15","14","15","0.46208116170214625","","","","0","1","false","0","","8.766","0.2922","5.925","0.29625","0","","0","","0",""
"chull-escort","chulls","Plunder is measured, never used in casualty calculation.","1","60 Spearmen","{""bridgeman"":0,""spearman"":60,""chull"":0,""scout"":0,""heavy"":0,""shardbearer"":0}","{}","[{""name"":""30 SP + 20 Chulls"",""units"":{""bridgeman"":0,""spearman"":30,""chull"":20,""scout"":0,""heavy"":0,""shardbearer"":0},""research"":{}}]","current","current","CURRENT / BASELINE","1000","0","999","total","equal","0.03","100","0.6931471805599453","","60","30","60","60","60","30","0.125","0.078125","4.6875","4.683","7.804999999999999","5","4","5","0.46530742525776053","","","","0","1","true","0","","4.683","0.07805","0","","0","","0","","0",""
"chull-escort","chulls","Plunder is measured, never used in casualty calculation.","0","30 SP + 20 Chulls","{""bridgeman"":0,""spearman"":30,""chull"":20,""scout"":0,""heavy"":0,""shardbearer"":0}","{}","[{""name"":""60 Spearmen"",""units"":{""bridgeman"":0,""spearman"":60,""chull"":0,""scout"":0,""heavy"":0,""shardbearer"":0},""research"":{}}]","floor1","floor1","EXPERIMENTAL / 1% floor","1000","0","999","total","equal","0.01","100","0.6931471805599453","","30","60","70","70","50","615","0.5","0.29411764705882354","14.705882352941178","14.691","29.382","15","14","15","0.46208116170214625","","","","0","1","false","0","","8.766","0.2922","5.925","0.29625","0","","0","","0",""
"chull-escort","chulls","Plunder is measured, never used in casualty calculation.","1","60 Spearmen","{""bridgeman"":0,""spearman"":60,""chull"":0,""scout"":0,""heavy"":0,""shardbearer"":0}","{}","[{""name"":""30 SP + 20 Chulls"",""units"":{""bridgeman"":0,""spearman"":30,""chull"":20,""scout"":0,""heavy"":0,""shardbearer"":0},""research"":{}}]","floor1","floor1","EXPERIMENTAL / 1% floor","1000","0","999","total","equal","0.01","100","0.6931471805599453","","60","30","60","60","60","30","0.125","0.078125","4.6875","4.683","7.804999999999999","5","4","5","0.46530742525776053","","","","0","1","true","0","","4.683","0.07805","0","","0","","0","","0",""
"chull-escort","chulls","Plunder is measured, never used in casualty calculation.","0","30 SP + 20 Chulls","{""bridgeman"":0,""spearman"":30,""chull"":20,""scout"":0,""heavy"":0,""shardbearer"":0}","{}","[{""name"":""60 Spearmen"",""units"":{""bridgeman"":0,""spearman"":60,""chull"":0,""scout"":0,""heavy"":0,""shardbearer"":0},""research"":{}}]","floor0","floor0","EXPERIMENTAL / 0% floor","1000","0","999","total","equal","0","100","0.6931471805599453","","30","60","70","70","50","615","0.5","0.29411764705882354","14.705882352941178","14.691","29.382","15","14","15","0.46208116170214625","","","","0","1","false","0","","8.766","0.2922","5.925","0.29625","0","","0","","0",""
"chull-escort","chulls","Plunder is measured, never used in casualty calculation.","1","60 Spearmen","{""bridgeman"":0,""spearman"":60,""chull"":0,""scout"":0,""heavy"":0,""shardbearer"":0}","{}","[{""name"":""30 SP + 20 Chulls"",""units"":{""bridgeman"":0,""spearman"":30,""chull"":20,""scout"":0,""heavy"":0,""shardbearer"":0},""research"":{}}]","floor0","floor0","EXPERIMENTAL / 0% floor","1000","0","999","total","equal","0","100","0.6931471805599453","","60","30","60","60","60","30","0.125","0.078125","4.6875","4.683","7.804999999999999","5","4","5","0.46530742525776053","","","","0","1","true","0","","4.683","0.07805","0","","0","","0","","0",""
"chull-escort","chulls","Plunder is measured, never used in casualty calculation.","0","30 SP + 20 Chulls","{""bridgeman"":0,""spearman"":30,""chull"":20,""scout"":0,""heavy"":0,""shardbearer"":0}","{}","[{""name"":""60 Spearmen"",""units"":{""bridgeman"":0,""spearman"":60,""chull"":0,""scout"":0,""heavy"":0,""shardbearer"":0},""research"":{}}]","weighted","weighted","EXPERIMENTAL / weighted selection","1000","0","999","total","weighted","0.03","100","0.6931471805599453","","30","60","70","70","50","615","0.5","0.29411764705882354","14.705882352941178","14.691","29.382","15","14","15","0.46208116170214625","","","","0","1","false","0","","10.808","0.3602666666666667","3.883","0.19415","0","","0","","0",""
"chull-escort","chulls","Plunder is measured, never used in casualty calculation.","1","60 Spearmen","{""bridgeman"":0,""spearman"":60,""chull"":0,""scout"":0,""heavy"":0,""shardbearer"":0}","{}","[{""name"":""30 SP + 20 Chulls"",""units"":{""bridgeman"":0,""spearman"":30,""chull"":20,""scout"":0,""heavy"":0,""shardbearer"":0},""research"":{}}]","weighted","weighted","EXPERIMENTAL / weighted selection","1000","0","999","total","weighted","0.03","100","0.6931471805599453","","60","30","60","60","60","30","0.125","0.078125","4.6875","4.683","7.804999999999999","5","4","5","0.46530742525776053","","","","0","1","true","0","","4.683","0.07805","0","","0","","0","","0",""
"chull-escort","chulls","Plunder is measured, never used in casualty calculation.","0","30 SP + 20 Chulls","{""bridgeman"":0,""spearman"":30,""chull"":20,""scout"":0,""heavy"":0,""shardbearer"":0}","{}","[{""name"":""60 Spearmen"",""units"":{""bridgeman"":0,""spearman"":60,""chull"":0,""scout"":0,""heavy"":0,""shardbearer"":0},""research"":{}}]","normalized","normalized","EXPERIMENTAL / normalized Survival — NOT BALANCED","1000","0","999","density","equal","0.03","100","0.6931471805599453","","30","60","70","140","50","615","0.5","0.20833333333333334","10.416666666666668","10.404","20.808000000000003","10","10","11","0.49069746280167853","","","","0","1","false","0","","6.171","0.20570000000000002","4.233","0.21164999999999998","0","","0","","0",""
"chull-escort","chulls","Plunder is measured, never used in casualty calculation.","1","60 Spearmen","{""bridgeman"":0,""spearman"":60,""chull"":0,""scout"":0,""heavy"":0,""shardbearer"":0}","{}","[{""name"":""30 SP + 20 Chulls"",""units"":{""bridgeman"":0,""spearman"":30,""chull"":20,""scout"":0,""heavy"":0,""shardbearer"":0},""research"":{}}]","normalized","normalized","EXPERIMENTAL / normalized Survival — NOT BALANCED","1000","0","999","density","equal","0.03","100","0.6931471805599453","","60","30","60","100","60","30","0.125","0.0625","3.75","3.747","6.245","4","3","4","0.4347309512790625","","","","0","1","true","0","","3.747","0.06245","0","","0","","0","","0",""
"chull-escort","chulls","Plunder is measured, never used in casualty calculation.","0","30 SP + 20 Chulls","{""bridgeman"":0,""spearman"":30,""chull"":20,""scout"":0,""heavy"":0,""shardbearer"":0}","{}","[{""name"":""60 Spearmen"",""units"":{""bridgeman"":0,""spearman"":60,""chull"":0,""scout"":0,""heavy"":0,""shardbearer"":0},""research"":{}}]","normalized-weighted","normalized-weighted","EXPERIMENTAL / normalized + weighted — NOT BALANCED","1000","0","999","density","weighted","0.03","100","0.6931471805599453","","30","60","70","140","50","615","0.5","0.20833333333333334","10.416666666666668","10.404","20.808000000000003","10","10","11","0.49069746280167853","","","","0","1","false","0","","7.727","0.25756666666666667","2.677","0.13385","0","","0","","0",""
"chull-escort","chulls","Plunder is measured, never used in casualty calculation.","1","60 Spearmen","{""bridgeman"":0,""spearman"":60,""chull"":0,""scout"":0,""heavy"":0,""shardbearer"":0}","{}","[{""name"":""30 SP + 20 Chulls"",""units"":{""bridgeman"":0,""spearman"":30,""chull"":20,""scout"":0,""heavy"":0,""shardbearer"":0},""research"":{}}]","normalized-weighted","normalized-weighted","EXPERIMENTAL / normalized + weighted — NOT BALANCED","1000","0","999","density","weighted","0.03","100","0.6931471805599453","","60","30","60","100","60","30","0.125","0.0625","3.75","3.747","6.245","4","3","4","0.4347309512790625","","","","0","1","true","0","","3.747","0.06245","0","","0","","0","","0",""
"infantry-before-chulls","chulls","Control for adding 20 Chulls.","0","30 Spearmen","{""bridgeman"":0,""spearman"":30,""chull"":0,""scout"":0,""heavy"":0,""shardbearer"":0}","{}","[{""name"":""60 Spearmen"",""units"":{""bridgeman"":0,""spearman"":60,""chull"":0,""scout"":0,""heavy"":0,""shardbearer"":0},""research"":{}}]","current","current","CURRENT / BASELINE","1000","0","999","total","equal","0.03","100","0.6931471805599453","","30","60","30","30","30","15","0.5","0.38461538461538464","11.538461538461538","11.515","38.38333333333333","12","11","12","0.4997749493521989","","","","0","1","false","0","","11.515","0.38383333333333336","0","","0","","0","","0",""
"infantry-before-chulls","chulls","Control for adding 20 Chulls.","1","60 Spearmen","{""bridgeman"":0,""spearman"":60,""chull"":0,""scout"":0,""heavy"":0,""shardbearer"":0}","{}","[{""name"":""30 Spearmen"",""units"":{""bridgeman"":0,""spearman"":30,""chull"":0,""scout"":0,""heavy"":0,""shardbearer"":0},""research"":{}}]","current","current","CURRENT / BASELINE","1000","0","999","total","equal","0.03","100","0.6931471805599453","","60","30","60","60","60","30","0.125","0.078125","4.6875","4.693","7.821666666666666","5","4","5","0.46124939024349193","","","","0","1","true","0","","4.693","0.07821666666666666","0","","0","","0","","0",""
"infantry-before-chulls","chulls","Control for adding 20 Chulls.","0","30 Spearmen","{""bridgeman"":0,""spearman"":30,""chull"":0,""scout"":0,""heavy"":0,""shardbearer"":0}","{}","[{""name"":""60 Spearmen"",""units"":{""bridgeman"":0,""spearman"":60,""chull"":0,""scout"":0,""heavy"":0,""shardbearer"":0},""research"":{}}]","floor1","floor1","EXPERIMENTAL / 1% floor","1000","0","999","total","equal","0.01","100","0.6931471805599453","","30","60","30","30","30","15","0.5","0.38461538461538464","11.538461538461538","11.515","38.38333333333333","12","11","12","0.4997749493521989","","","","0","1","false","0","","11.515","0.38383333333333336","0","","0","","0","","0",""
"infantry-before-chulls","chulls","Control for adding 20 Chulls.","1","60 Spearmen","{""bridgeman"":0,""spearman"":60,""chull"":0,""scout"":0,""heavy"":0,""shardbearer"":0}","{}","[{""name"":""30 Spearmen"",""units"":{""bridgeman"":0,""spearman"":30,""chull"":0,""scout"":0,""heavy"":0,""shardbearer"":0},""research"":{}}]","floor1","floor1","EXPERIMENTAL / 1% floor","1000","0","999","total","equal","0.01","100","0.6931471805599453","","60","30","60","60","60","30","0.125","0.078125","4.6875","4.693","7.821666666666666","5","4","5","0.46124939024349193","","","","0","1","true","0","","4.693","0.07821666666666666","0","","0","","0","","0",""
"infantry-before-chulls","chulls","Control for adding 20 Chulls.","0","30 Spearmen","{""bridgeman"":0,""spearman"":30,""chull"":0,""scout"":0,""heavy"":0,""shardbearer"":0}","{}","[{""name"":""60 Spearmen"",""units"":{""bridgeman"":0,""spearman"":60,""chull"":0,""scout"":0,""heavy"":0,""shardbearer"":0},""research"":{}}]","floor0","floor0","EXPERIMENTAL / 0% floor","1000","0","999","total","equal","0","100","0.6931471805599453","","30","60","30","30","30","15","0.5","0.38461538461538464","11.538461538461538","11.515","38.38333333333333","12","11","12","0.4997749493521989","","","","0","1","false","0","","11.515","0.38383333333333336","0","","0","","0","","0",""
"infantry-before-chulls","chulls","Control for adding 20 Chulls.","1","60 Spearmen","{""bridgeman"":0,""spearman"":60,""chull"":0,""scout"":0,""heavy"":0,""shardbearer"":0}","{}","[{""name"":""30 Spearmen"",""units"":{""bridgeman"":0,""spearman"":30,""chull"":0,""scout"":0,""heavy"":0,""shardbearer"":0},""research"":{}}]","floor0","floor0","EXPERIMENTAL / 0% floor","1000","0","999","total","equal","0","100","0.6931471805599453","","60","30","60","60","60","30","0.125","0.078125","4.6875","4.693","7.821666666666666","5","4","5","0.46124939024349193","","","","0","1","true","0","","4.693","0.07821666666666666","0","","0","","0","","0",""
"infantry-before-chulls","chulls","Control for adding 20 Chulls.","0","30 Spearmen","{""bridgeman"":0,""spearman"":30,""chull"":0,""scout"":0,""heavy"":0,""shardbearer"":0}","{}","[{""name"":""60 Spearmen"",""units"":{""bridgeman"":0,""spearman"":60,""chull"":0,""scout"":0,""heavy"":0,""shardbearer"":0},""research"":{}}]","weighted","weighted","EXPERIMENTAL / weighted selection","1000","0","999","total","weighted","0.03","100","0.6931471805599453","","30","60","30","30","30","15","0.5","0.38461538461538464","11.538461538461538","11.515","38.38333333333333","12","11","12","0.4997749493521989","","","","0","1","false","0","","11.515","0.38383333333333336","0","","0","","0","","0",""
"infantry-before-chulls","chulls","Control for adding 20 Chulls.","1","60 Spearmen","{""bridgeman"":0,""spearman"":60,""chull"":0,""scout"":0,""heavy"":0,""shardbearer"":0}","{}","[{""name"":""30 Spearmen"",""units"":{""bridgeman"":0,""spearman"":30,""chull"":0,""scout"":0,""heavy"":0,""shardbearer"":0},""research"":{}}]","weighted","weighted","EXPERIMENTAL / weighted selection","1000","0","999","total","weighted","0.03","100","0.6931471805599453","","60","30","60","60","60","30","0.125","0.078125","4.6875","4.693","7.821666666666666","5","4","5","0.46124939024349193","","","","0","1","true","0","","4.693","0.07821666666666666","0","","0","","0","","0",""
"infantry-before-chulls","chulls","Control for adding 20 Chulls.","0","30 Spearmen","{""bridgeman"":0,""spearman"":30,""chull"":0,""scout"":0,""heavy"":0,""shardbearer"":0}","{}","[{""name"":""60 Spearmen"",""units"":{""bridgeman"":0,""spearman"":60,""chull"":0,""scout"":0,""heavy"":0,""shardbearer"":0},""research"":{}}]","normalized","normalized","EXPERIMENTAL / normalized Survival — NOT BALANCED","1000","0","999","density","equal","0.03","100","0.6931471805599453","","30","60","30","100","30","15","0.5","0.25","7.5","7.472","24.90666666666667","7","7","8","0.4992153843783278","","","","0","1","false","0","","7.472","0.2490666666666667","0","","0","","0","","0",""
"infantry-before-chulls","chulls","Control for adding 20 Chulls.","1","60 Spearmen","{""bridgeman"":0,""spearman"":60,""chull"":0,""scout"":0,""heavy"":0,""shardbearer"":0}","{}","[{""name"":""30 Spearmen"",""units"":{""bridgeman"":0,""spearman"":30,""chull"":0,""scout"":0,""heavy"":0,""shardbearer"":0},""research"":{}}]","normalized","normalized","EXPERIMENTAL / normalized Survival — NOT BALANCED","1000","0","999","density","equal","0.03","100","0.6931471805599453","","60","30","60","100","60","30","0.125","0.0625","3.75","3.755","6.258333333333334","4","3","4","0.4300872004605542","","","","0","1","true","0","","3.755","0.06258333333333334","0","","0","","0","","0",""
"infantry-before-chulls","chulls","Control for adding 20 Chulls.","0","30 Spearmen","{""bridgeman"":0,""spearman"":30,""chull"":0,""scout"":0,""heavy"":0,""shardbearer"":0}","{}","[{""name"":""60 Spearmen"",""units"":{""bridgeman"":0,""spearman"":60,""chull"":0,""scout"":0,""heavy"":0,""shardbearer"":0},""research"":{}}]","normalized-weighted","normalized-weighted","EXPERIMENTAL / normalized + weighted — NOT BALANCED","1000","0","999","density","weighted","0.03","100","0.6931471805599453","","30","60","30","100","30","15","0.5","0.25","7.5","7.472","24.90666666666667","7","7","8","0.4992153843783278","","","","0","1","false","0","","7.472","0.2490666666666667","0","","0","","0","","0",""
"infantry-before-chulls","chulls","Control for adding 20 Chulls.","1","60 Spearmen","{""bridgeman"":0,""spearman"":60,""chull"":0,""scout"":0,""heavy"":0,""shardbearer"":0}","{}","[{""name"":""30 Spearmen"",""units"":{""bridgeman"":0,""spearman"":30,""chull"":0,""scout"":0,""heavy"":0,""shardbearer"":0},""research"":{}}]","normalized-weighted","normalized-weighted","EXPERIMENTAL / normalized + weighted — NOT BALANCED","1000","0","999","density","weighted","0.03","100","0.6931471805599453","","60","30","60","100","60","30","0.125","0.0625","3.75","3.755","6.258333333333334","4","3","4","0.4300872004605542","","","","0","1","true","0","","3.755","0.06258333333333334","0","","0","","0","","0",""
"chull-pack-harness","chulls","Plunder changes while Power and casualty math remain the same.","0","30 SP + 20 Chulls, Harness III","{""bridgeman"":0,""spearman"":30,""chull"":20,""scout"":0,""heavy"":0,""shardbearer"":0}","{""packHarnessDesign"":3}","[{""name"":""60 Spearmen"",""units"":{""bridgeman"":0,""spearman"":60,""chull"":0,""scout"":0,""heavy"":0,""shardbearer"":0},""research"":{}}]","current","current","CURRENT / BASELINE","1000","0","999","total","equal","0.03","100","0.6931471805599453","","30","60","70","70","50","1615","0.5","0.29411764705882354","14.705882352941178","14.681","29.362","15","14","15","0.4660890472860393","","","","0","1","false","0","","8.784","0.2928","5.897","0.29485","0","","0","","0",""
"chull-pack-harness","chulls","Plunder changes while Power and casualty math remain the same.","1","60 Spearmen","{""bridgeman"":0,""spearman"":60,""chull"":0,""scout"":0,""heavy"":0,""shardbearer"":0}","{}","[{""name"":""30 SP + 20 Chulls, Harness III"",""units"":{""bridgeman"":0,""spearman"":30,""chull"":20,""scout"":0,""heavy"":0,""shardbearer"":0},""research"":{""packHarnessDesign"":3}}]","current","current","CURRENT / BASELINE","1000","0","999","total","equal","0.03","100","0.6931471805599453","","60","30","60","60","60","30","0.125","0.078125","4.6875","4.712","7.8533333333333335","5","4","5","0.45283109433871577","","","","0","1","true","0","","4.712","0.07853333333333333","0","","0","","0","","0",""
"chull-pack-harness","chulls","Plunder changes while Power and casualty math remain the same.","0","30 SP + 20 Chulls, Harness III","{""bridgeman"":0,""spearman"":30,""chull"":20,""scout"":0,""heavy"":0,""shardbearer"":0}","{""packHarnessDesign"":3}","[{""name"":""60 Spearmen"",""units"":{""bridgeman"":0,""spearman"":60,""chull"":0,""scout"":0,""heavy"":0,""shardbearer"":0},""research"":{}}]","floor1","floor1","EXPERIMENTAL / 1% floor","1000","0","999","total","equal","0.01","100","0.6931471805599453","","30","60","70","70","50","1615","0.5","0.29411764705882354","14.705882352941178","14.681","29.362","15","14","15","0.4660890472860393","","","","0","1","false","0","","8.784","0.2928","5.897","0.29485","0","","0","","0",""
"chull-pack-harness","chulls","Plunder changes while Power and casualty math remain the same.","1","60 Spearmen","{""bridgeman"":0,""spearman"":60,""chull"":0,""scout"":0,""heavy"":0,""shardbearer"":0}","{}","[{""name"":""30 SP + 20 Chulls, Harness III"",""units"":{""bridgeman"":0,""spearman"":30,""chull"":20,""scout"":0,""heavy"":0,""shardbearer"":0},""research"":{""packHarnessDesign"":3}}]","floor1","floor1","EXPERIMENTAL / 1% floor","1000","0","999","total","equal","0.01","100","0.6931471805599453","","60","30","60","60","60","30","0.125","0.078125","4.6875","4.712","7.8533333333333335","5","4","5","0.45283109433871577","","","","0","1","true","0","","4.712","0.07853333333333333","0","","0","","0","","0",""
"chull-pack-harness","chulls","Plunder changes while Power and casualty math remain the same.","0","30 SP + 20 Chulls, Harness III","{""bridgeman"":0,""spearman"":30,""chull"":20,""scout"":0,""heavy"":0,""shardbearer"":0}","{""packHarnessDesign"":3}","[{""name"":""60 Spearmen"",""units"":{""bridgeman"":0,""spearman"":60,""chull"":0,""scout"":0,""heavy"":0,""shardbearer"":0},""research"":{}}]","floor0","floor0","EXPERIMENTAL / 0% floor","1000","0","999","total","equal","0","100","0.6931471805599453","","30","60","70","70","50","1615","0.5","0.29411764705882354","14.705882352941178","14.681","29.362","15","14","15","0.4660890472860393","","","","0","1","false","0","","8.784","0.2928","5.897","0.29485","0","","0","","0",""
"chull-pack-harness","chulls","Plunder changes while Power and casualty math remain the same.","1","60 Spearmen","{""bridgeman"":0,""spearman"":60,""chull"":0,""scout"":0,""heavy"":0,""shardbearer"":0}","{}","[{""name"":""30 SP + 20 Chulls, Harness III"",""units"":{""bridgeman"":0,""spearman"":30,""chull"":20,""scout"":0,""heavy"":0,""shardbearer"":0},""research"":{""packHarnessDesign"":3}}]","floor0","floor0","EXPERIMENTAL / 0% floor","1000","0","999","total","equal","0","100","0.6931471805599453","","60","30","60","60","60","30","0.125","0.078125","4.6875","4.712","7.8533333333333335","5","4","5","0.45283109433871577","","","","0","1","true","0","","4.712","0.07853333333333333","0","","0","","0","","0",""
"chull-pack-harness","chulls","Plunder changes while Power and casualty math remain the same.","0","30 SP + 20 Chulls, Harness III","{""bridgeman"":0,""spearman"":30,""chull"":20,""scout"":0,""heavy"":0,""shardbearer"":0}","{""packHarnessDesign"":3}","[{""name"":""60 Spearmen"",""units"":{""bridgeman"":0,""spearman"":60,""chull"":0,""scout"":0,""heavy"":0,""shardbearer"":0},""research"":{}}]","weighted","weighted","EXPERIMENTAL / weighted selection","1000","0","999","total","weighted","0.03","100","0.6931471805599453","","30","60","70","70","50","1615","0.5","0.29411764705882354","14.705882352941178","14.681","29.362","15","14","15","0.4660890472860393","","","","0","1","false","0","","10.805","0.36016666666666663","3.876","0.1938","0","","0","","0",""
"chull-pack-harness","chulls","Plunder changes while Power and casualty math remain the same.","1","60 Spearmen","{""bridgeman"":0,""spearman"":60,""chull"":0,""scout"":0,""heavy"":0,""shardbearer"":0}","{}","[{""name"":""30 SP + 20 Chulls, Harness III"",""units"":{""bridgeman"":0,""spearman"":30,""chull"":20,""scout"":0,""heavy"":0,""shardbearer"":0},""research"":{""packHarnessDesign"":3}}]","weighted","weighted","EXPERIMENTAL / weighted selection","1000","0","999","total","weighted","0.03","100","0.6931471805599453","","60","30","60","60","60","30","0.125","0.078125","4.6875","4.712","7.8533333333333335","5","4","5","0.45283109433871577","","","","0","1","true","0","","4.712","0.07853333333333333","0","","0","","0","","0",""
"chull-pack-harness","chulls","Plunder changes while Power and casualty math remain the same.","0","30 SP + 20 Chulls, Harness III","{""bridgeman"":0,""spearman"":30,""chull"":20,""scout"":0,""heavy"":0,""shardbearer"":0}","{""packHarnessDesign"":3}","[{""name"":""60 Spearmen"",""units"":{""bridgeman"":0,""spearman"":60,""chull"":0,""scout"":0,""heavy"":0,""shardbearer"":0},""research"":{}}]","normalized","normalized","EXPERIMENTAL / normalized Survival — NOT BALANCED","1000","0","999","density","equal","0.03","100","0.6931471805599453","","30","60","70","140","50","1615","0.5","0.20833333333333334","10.416666666666668","10.402","20.803999999999995","10","10","11","0.49030194778320146","","","","0","1","false","0","","6.216","0.2072","4.186","0.20929999999999999","0","","0","","0",""
"chull-pack-harness","chulls","Plunder changes while Power and casualty math remain the same.","1","60 Spearmen","{""bridgeman"":0,""spearman"":60,""chull"":0,""scout"":0,""heavy"":0,""shardbearer"":0}","{}","[{""name"":""30 SP + 20 Chulls, Harness III"",""units"":{""bridgeman"":0,""spearman"":30,""chull"":20,""scout"":0,""heavy"":0,""shardbearer"":0},""research"":{""packHarnessDesign"":3}}]","normalized","normalized","EXPERIMENTAL / normalized Survival — NOT BALANCED","1000","0","999","density","equal","0.03","100","0.6931471805599453","","60","30","60","100","60","30","0.125","0.0625","3.75","3.759","6.265","4","3","4","0.42769030851772916","","","","0","1","true","0","","3.759","0.06265","0","","0","","0","","0",""
"chull-pack-harness","chulls","Plunder changes while Power and casualty math remain the same.","0","30 SP + 20 Chulls, Harness III","{""bridgeman"":0,""spearman"":30,""chull"":20,""scout"":0,""heavy"":0,""shardbearer"":0}","{""packHarnessDesign"":3}","[{""name"":""60 Spearmen"",""units"":{""bridgeman"":0,""spearman"":60,""chull"":0,""scout"":0,""heavy"":0,""shardbearer"":0},""research"":{}}]","normalized-weighted","normalized-weighted","EXPERIMENTAL / normalized + weighted — NOT BALANCED","1000","0","999","density","weighted","0.03","100","0.6931471805599453","","30","60","70","140","50","1615","0.5","0.20833333333333334","10.416666666666668","10.402","20.803999999999995","10","10","11","0.49030194778320146","","","","0","1","false","0","","7.715","0.25716666666666665","2.687","0.13435","0","","0","","0",""
"chull-pack-harness","chulls","Plunder changes while Power and casualty math remain the same.","1","60 Spearmen","{""bridgeman"":0,""spearman"":60,""chull"":0,""scout"":0,""heavy"":0,""shardbearer"":0}","{}","[{""name"":""30 SP + 20 Chulls, Harness III"",""units"":{""bridgeman"":0,""spearman"":30,""chull"":20,""scout"":0,""heavy"":0,""shardbearer"":0},""research"":{""packHarnessDesign"":3}}]","normalized-weighted","normalized-weighted","EXPERIMENTAL / normalized + weighted — NOT BALANCED","1000","0","999","density","weighted","0.03","100","0.6931471805599453","","60","30","60","100","60","30","0.125","0.0625","3.75","3.759","6.265","4","3","4","0.42769030851772916","","","","0","1","true","0","","3.759","0.06265","0","","0","","0","","0",""
"shard-bm20-light","shardbearer","","0","bm20-light","{""bridgeman"":20,""spearman"":0,""chull"":0,""scout"":0,""heavy"":0,""shardbearer"":1}","{}","[{""name"":""1 Spearmen"",""units"":{""bridgeman"":0,""spearman"":1,""chull"":0,""scout"":0,""heavy"":0,""shardbearer"":0},""research"":{}}]","current","current","CURRENT / BASELINE","5000","0","4999","total","equal","0.03","100","0.6931471805599453","","40","1","-15","-15","21","20","0.03","0.034499999999999996","0.7244999999999999","0.7256","3.455238095238095","1","0","1","0.446211429705731","0.0394","0.9606","0.0027512775214434473","0","0","true","0.6862","0.03431","0","","0","","0","","0","","0.0394","0.0394"
"shard-bm20-light","shardbearer","","1","1 Spearmen","{""bridgeman"":0,""spearman"":1,""chull"":0,""scout"":0,""heavy"":0,""shardbearer"":0}","{}","[{""name"":""bm20-light"",""units"":{""bridgeman"":20,""spearman"":0,""chull"":0,""scout"":0,""heavy"":0,""shardbearer"":1},""research"":{}}]","current","current","CURRENT / BASELINE","5000","0","4999","total","equal","0.03","100","0.6931471805599453","","1","40","1","1","1","0.5","0.8","0.7920792079207921","0.7920792079207921","0.7942","79.42","1","0","1","0.4042849984849676","","","","0.7942","0","false","0","","0.7942","0.7942","0","","0","","0","","0",""
"shard-bm20-light","shardbearer","","0","bm20-light","{""bridgeman"":20,""spearman"":0,""chull"":0,""scout"":0,""heavy"":0,""shardbearer"":1}","{}","[{""name"":""1 Spearmen"",""units"":{""bridgeman"":0,""spearman"":1,""chull"":0,""scout"":0,""heavy"":0,""shardbearer"":0},""research"":{}}]","floor1","floor1","EXPERIMENTAL / 1% floor","5000","0","4999","total","equal","0.01","100","0.6931471805599453","","40","1","-15","-15","21","20","0.01","0.0115","0.2415","0.2342","1.1152380952380951","0","0","1","0.4234977685891526","0.0116","0.9884","0.0015142945552302563","0","0","true","0.2226","0.01113","0","","0","","0","","0","","0.0116","0.0116"
"shard-bm20-light","shardbearer","","1","1 Spearmen","{""bridgeman"":0,""spearman"":1,""chull"":0,""scout"":0,""heavy"":0,""shardbearer"":0}","{}","[{""name"":""bm20-light"",""units"":{""bridgeman"":20,""spearman"":0,""chull"":0,""scout"":0,""heavy"":0,""shardbearer"":1},""research"":{}}]","floor1","floor1","EXPERIMENTAL / 1% floor","5000","0","4999","total","equal","0.01","100","0.6931471805599453","","1","40","1","1","1","0.5","0.8","0.7920792079207921","0.7920792079207921","0.7942","79.42","1","0","1","0.4042849984849676","","","","0.7942","0","false","0","","0.7942","0.7942","0","","0","","0","","0",""
"shard-bm20-light","shardbearer","","0","bm20-light","{""bridgeman"":20,""spearman"":0,""chull"":0,""scout"":0,""heavy"":0,""shardbearer"":1}","{}","[{""name"":""1 Spearmen"",""units"":{""bridgeman"":0,""spearman"":1,""chull"":0,""scout"":0,""heavy"":0,""shardbearer"":0},""research"":{}}]","floor0","floor0","EXPERIMENTAL / 0% floor","5000","0","4999","total","equal","0","100","0.6931471805599453","","40","1","-15","-15","21","20","0.00625","0.0071874999999999994","0.1509375","0.1452","0.6914285714285714","0","0","1","0.3523023701311104","0.0088","0.9912","0.0013207997577225701","0","0","true","0.1364","0.00682","0","","0","","0","","0","","0.0088","0.0088"
"shard-bm20-light","shardbearer","","1","1 Spearmen","{""bridgeman"":0,""spearman"":1,""chull"":0,""scout"":0,""heavy"":0,""shardbearer"":0}","{}","[{""name"":""bm20-light"",""units"":{""bridgeman"":20,""spearman"":0,""chull"":0,""scout"":0,""heavy"":0,""shardbearer"":1},""research"":{}}]","floor0","floor0","EXPERIMENTAL / 0% floor","5000","0","4999","total","equal","0","100","0.6931471805599453","","1","40","1","1","1","0.5","0.8","0.7920792079207921","0.7920792079207921","0.7942","79.42","1","0","1","0.4042849984849676","","","","0.7942","0","false","0","","0.7942","0.7942","0","","0","","0","","0",""
"shard-bm20-light","shardbearer","","0","bm20-light","{""bridgeman"":20,""spearman"":0,""chull"":0,""scout"":0,""heavy"":0,""shardbearer"":1}","{}","[{""name"":""1 Spearmen"",""units"":{""bridgeman"":0,""spearman"":1,""chull"":0,""scout"":0,""heavy"":0,""shardbearer"":0},""research"":{}}]","weighted","weighted","EXPERIMENTAL / weighted selection","5000","0","4999","total","weighted","0.03","100","0.6931471805599453","","40","1","-15","-15","21","20","0.03","0.034499999999999996","0.7244999999999999","0.7256","3.455238095238095","1","0","1","0.446211429705731","0.0006","0.9994","0.00034630622287218577","0","0","true","0.725","0.03625","0","","0","","0","","0","","0.0006","0.0006"
"shard-bm20-light","shardbearer","","1","1 Spearmen","{""bridgeman"":0,""spearman"":1,""chull"":0,""scout"":0,""heavy"":0,""shardbearer"":0}","{}","[{""name"":""bm20-light"",""units"":{""bridgeman"":20,""spearman"":0,""chull"":0,""scout"":0,""heavy"":0,""shardbearer"":1},""research"":{}}]","weighted","weighted","EXPERIMENTAL / weighted selection","5000","0","4999","total","weighted","0.03","100","0.6931471805599453","","1","40","1","1","1","0.5","0.8","0.7920792079207921","0.7920792079207921","0.7942","79.42","1","0","1","0.4042849984849676","","","","0.7942","0","false","0","","0.7942","0.7942","0","","0","","0","","0",""
"shard-bm20-light","shardbearer","","0","bm20-light","{""bridgeman"":20,""spearman"":0,""chull"":0,""scout"":0,""heavy"":0,""shardbearer"":1}","{}","[{""name"":""1 Spearmen"",""units"":{""bridgeman"":0,""spearman"":1,""chull"":0,""scout"":0,""heavy"":0,""shardbearer"":0},""research"":{}}]","normalized","normalized","EXPERIMENTAL / normalized Survival — NOT BALANCED","5000","0","4999","density","equal","0.03","100","0.6931471805599453","","40","1","-15","-71.42857142857143","21","20","0.03","0.05142857142857143","1.08","1.0766","5.126666666666667","1","1","2","0.26595571059858625","0.0606","0.9394","0.003374244804396978","0","0","true","1.016","0.0508","0","","0","","0","","0","","0.0606","0.0606"
"shard-bm20-light","shardbearer","","1","1 Spearmen","{""bridgeman"":0,""spearman"":1,""chull"":0,""scout"":0,""heavy"":0,""shardbearer"":0}","{}","[{""name"":""bm20-light"",""units"":{""bridgeman"":20,""spearman"":0,""chull"":0,""scout"":0,""heavy"":0,""shardbearer"":1},""research"":{}}]","normalized","normalized","EXPERIMENTAL / normalized Survival — NOT BALANCED","5000","0","4999","density","equal","0.03","100","0.6931471805599453","","1","40","1","100","1","0.5","0.8","0.4","0.4","0.407","40.699999999999996","0","0","1","0.49127487214386834","","","","0.407","0","false","0","","0.407","0.407","0","","0","","0","","0",""
"shard-bm20-light","shardbearer","","0","bm20-light","{""bridgeman"":20,""spearman"":0,""chull"":0,""scout"":0,""heavy"":0,""shardbearer"":1}","{}","[{""name"":""1 Spearmen"",""units"":{""bridgeman"":0,""spearman"":1,""chull"":0,""scout"":0,""heavy"":0,""shardbearer"":0},""research"":{}}]","normalized-weighted","normalized-weighted","EXPERIMENTAL / normalized + weighted — NOT BALANCED","5000","0","4999","density","weighted","0.03","100","0.6931471805599453","","40","1","-15","-71.42857142857143","21","20","0.03","0.05142857142857143","1.08","1.0766","5.126666666666667","1","1","2","0.26595571059858625","0.0008","0.9992","0.00039983996798719363","0","0","true","1.0758","0.053790000000000004","0","","0","","0","","0","","0.0008","0.0008"
"shard-bm20-light","shardbearer","","1","1 Spearmen","{""bridgeman"":0,""spearman"":1,""chull"":0,""scout"":0,""heavy"":0,""shardbearer"":0}","{}","[{""name"":""bm20-light"",""units"":{""bridgeman"":20,""spearman"":0,""chull"":0,""scout"":0,""heavy"":0,""shardbearer"":1},""research"":{}}]","normalized-weighted","normalized-weighted","EXPERIMENTAL / normalized + weighted — NOT BALANCED","5000","0","4999","density","weighted","0.03","100","0.6931471805599453","","1","40","1","100","1","0.5","0.8","0.4","0.4","0.407","40.699999999999996","0","0","1","0.49127487214386834","","","","0.407","0","false","0","","0.407","0.407","0","","0","","0","","0",""
"shard-bm100-moderate","shardbearer","","0","bm100-moderate","{""bridgeman"":100,""spearman"":0,""chull"":0,""scout"":0,""heavy"":0,""shardbearer"":1}","{}","[{""name"":""100 Spearmen"",""units"":{""bridgeman"":0,""spearman"":100,""chull"":0,""scout"":0,""heavy"":0,""shardbearer"":0},""research"":{}}]","current","current","CURRENT / BASELINE","5000","0","4999","total","equal","0.03","100","0.6931471805599453","","120","100","-95","-95","101","100","0.20833333333333334","0.40625","41.03125","41.0302","40.62396039603961","41","41","42","0.17113725485703016","0.4038","0.5962000000000001","0.006938956117457438","0","0","true","40.6264","0.40626399999999996","0","","0","","0","","0","","0.4038","0.4038"
"shard-bm100-moderate","shardbearer","","1","100 Spearmen","{""bridgeman"":0,""spearman"":100,""chull"":0,""scout"":0,""heavy"":0,""shardbearer"":0}","{}","[{""name"":""bm100-moderate"",""units"":{""bridgeman"":100,""spearman"":0,""chull"":0,""scout"":0,""heavy"":0,""shardbearer"":1},""research"":{}}]","current","current","CURRENT / BASELINE","5000","0","4999","total","equal","0.03","100","0.6931471805599453","","100","120","100","100","100","50","0.3","0.15","15","15","15","15","15","15","0","","","","0","0","false","0","","15","0.15","0","","0","","0","","0",""
"shard-bm100-moderate","shardbearer","","0","bm100-moderate","{""bridgeman"":100,""spearman"":0,""chull"":0,""scout"":0,""heavy"":0,""shardbearer"":1}","{}","[{""name"":""100 Spearmen"",""units"":{""bridgeman"":0,""spearman"":100,""chull"":0,""scout"":0,""heavy"":0,""shardbearer"":0},""research"":{}}]","floor1","floor1","EXPERIMENTAL / 1% floor","5000","0","4999","total","equal","0.01","100","0.6931471805599453","","120","100","-95","-95","101","100","0.20833333333333334","0.40625","41.03125","41.0302","40.62396039603961","41","41","42","0.17113725485703016","0.4038","0.5962000000000001","0.006938956117457438","0","0","true","40.6264","0.40626399999999996","0","","0","","0","","0","","0.4038","0.4038"
"shard-bm100-moderate","shardbearer","","1","100 Spearmen","{""bridgeman"":0,""spearman"":100,""chull"":0,""scout"":0,""heavy"":0,""shardbearer"":0}","{}","[{""name"":""bm100-moderate"",""units"":{""bridgeman"":100,""spearman"":0,""chull"":0,""scout"":0,""heavy"":0,""shardbearer"":1},""research"":{}}]","floor1","floor1","EXPERIMENTAL / 1% floor","5000","0","4999","total","equal","0.01","100","0.6931471805599453","","100","120","100","100","100","50","0.3","0.15","15","15","15","15","15","15","0","","","","0","0","false","0","","15","0.15","0","","0","","0","","0",""
"shard-bm100-moderate","shardbearer","","0","bm100-moderate","{""bridgeman"":100,""spearman"":0,""chull"":0,""scout"":0,""heavy"":0,""shardbearer"":1}","{}","[{""name"":""100 Spearmen"",""units"":{""bridgeman"":0,""spearman"":100,""chull"":0,""scout"":0,""heavy"":0,""shardbearer"":0},""research"":{}}]","floor0","floor0","EXPERIMENTAL / 0% floor","5000","0","4999","total","equal","0","100","0.6931471805599453","","120","100","-95","-95","101","100","0.20833333333333334","0.40625","41.03125","41.0302","40.62396039603961","41","41","42","0.17113725485703016","0.4038","0.5962000000000001","0.006938956117457438","0","0","true","40.6264","0.40626399999999996","0","","0","","0","","0","","0.4038","0.4038"
"shard-bm100-moderate","shardbearer","","1","100 Spearmen","{""bridgeman"":0,""spearman"":100,""chull"":0,""scout"":0,""heavy"":0,""shardbearer"":0}","{}","[{""name"":""bm100-moderate"",""units"":{""bridgeman"":100,""spearman"":0,""chull"":0,""scout"":0,""heavy"":0,""shardbearer"":1},""research"":{}}]","floor0","floor0","EXPERIMENTAL / 0% floor","5000","0","4999","total","equal","0","100","0.6931471805599453","","100","120","100","100","100","50","0.3","0.15","15","15","15","15","15","15","0","","","","0","0","false","0","","15","0.15","0","","0","","0","","0",""
"shard-bm100-moderate","shardbearer","","0","bm100-moderate","{""bridgeman"":100,""spearman"":0,""chull"":0,""scout"":0,""heavy"":0,""shardbearer"":1}","{}","[{""name"":""100 Spearmen"",""units"":{""bridgeman"":0,""spearman"":100,""chull"":0,""scout"":0,""heavy"":0,""shardbearer"":0},""research"":{}}]","weighted","weighted","EXPERIMENTAL / weighted selection","5000","0","4999","total","weighted","0.03","100","0.6931471805599453","","120","100","-95","-95","101","100","0.20833333333333334","0.40625","41.03125","41.0302","40.62396039603961","41","41","42","0.17113725485703016","0.0082","0.9918","0.0012753634776015816","0","0","true","41.022","0.41022","0","","0","","0","","0","","0.0082","0.0082"
"shard-bm100-moderate","shardbearer","","1","100 Spearmen","{""bridgeman"":0,""spearman"":100,""chull"":0,""scout"":0,""heavy"":0,""shardbearer"":0}","{}","[{""name"":""bm100-moderate"",""units"":{""bridgeman"":100,""spearman"":0,""chull"":0,""scout"":0,""heavy"":0,""shardbearer"":1},""research"":{}}]","weighted","weighted","EXPERIMENTAL / weighted selection","5000","0","4999","total","weighted","0.03","100","0.6931471805599453","","100","120","100","100","100","50","0.3","0.15","15","15","15","15","15","15","0","","","","0","0","false","0","","15","0.15","0","","0","","0","","0",""
"shard-bm100-moderate","shardbearer","","0","bm100-moderate","{""bridgeman"":100,""spearman"":0,""chull"":0,""scout"":0,""heavy"":0,""shardbearer"":1}","{}","[{""name"":""100 Spearmen"",""units"":{""bridgeman"":0,""spearman"":100,""chull"":0,""scout"":0,""heavy"":0,""shardbearer"":0},""research"":{}}]","normalized","normalized","EXPERIMENTAL / normalized Survival — NOT BALANCED","5000","0","4999","density","equal","0.03","100","0.6931471805599453","","120","100","-95","-94.05940594059406","101","100","0.20833333333333334","0.4042904290429043","40.833333333333336","40.8328","40.42851485148515","41","40","41","0.37315433804258924","0.402","0.598","0.0069339166421294686","0","0","true","40.4308","0.404308","0","","0","","0","","0","","0.402","0.402"
"shard-bm100-moderate","shardbearer","","1","100 Spearmen","{""bridgeman"":0,""spearman"":100,""chull"":0,""scout"":0,""heavy"":0,""shardbearer"":0}","{}","[{""name"":""bm100-moderate"",""units"":{""bridgeman"":100,""spearman"":0,""chull"":0,""scout"":0,""heavy"":0,""shardbearer"":1},""research"":{}}]","normalized","normalized","EXPERIMENTAL / normalized Survival — NOT BALANCED","5000","0","4999","density","equal","0.03","100","0.6931471805599453","","100","120","100","100","100","50","0.3","0.15","15","15","15","15","15","15","0","","","","0","0","false","0","","15","0.15","0","","0","","0","","0",""
"shard-bm100-moderate","shardbearer","","0","bm100-moderate","{""bridgeman"":100,""spearman"":0,""chull"":0,""scout"":0,""heavy"":0,""shardbearer"":1}","{}","[{""name"":""100 Spearmen"",""units"":{""bridgeman"":0,""spearman"":100,""chull"":0,""scout"":0,""heavy"":0,""shardbearer"":0},""research"":{}}]","normalized-weighted","normalized-weighted","EXPERIMENTAL / normalized + weighted — NOT BALANCED","5000","0","4999","density","weighted","0.03","100","0.6931471805599453","","120","100","-95","-94.05940594059406","101","100","0.20833333333333334","0.4042904290429043","40.833333333333336","40.8328","40.42851485148515","41","40","41","0.37315433804258924","0.0082","0.9918","0.0012753634776015816","0","0","true","40.8246","0.40824599999999994","0","","0","","0","","0","","0.0082","0.0082"
"shard-bm100-moderate","shardbearer","","1","100 Spearmen","{""bridgeman"":0,""spearman"":100,""chull"":0,""scout"":0,""heavy"":0,""shardbearer"":0}","{}","[{""name"":""bm100-moderate"",""units"":{""bridgeman"":100,""spearman"":0,""chull"":0,""scout"":0,""heavy"":0,""shardbearer"":1},""research"":{}}]","normalized-weighted","normalized-weighted","EXPERIMENTAL / normalized + weighted — NOT BALANCED","5000","0","4999","density","weighted","0.03","100","0.6931471805599453","","100","120","100","100","100","50","0.3","0.15","15","15","15","15","15","15","0","","","","0","0","false","0","","15","0.15","0","","0","","0","","0",""
"shard-bm100-severe","shardbearer","","0","bm100-severe","{""bridgeman"":100,""spearman"":0,""chull"":0,""scout"":0,""heavy"":0,""shardbearer"":1}","{}","[{""name"":""1000 Spearmen"",""units"":{""bridgeman"":0,""spearman"":1000,""chull"":0,""scout"":0,""heavy"":0,""shardbearer"":0},""research"":{}}]","current","current","CURRENT / BASELINE","5000","0","4999","total","equal","0.03","100","0.6931471805599453","","120","1000","-95","-95","101","100","0.8","0.95","95.94999999999999","95.9482","94.99821782178218","96","95","96","0.2216230132454885","0.9518","0.04820000000000002","0.003029084350096577","0","1","false","94.9964","0.9499639999999999","0","","0","","0","","0","","0.9518","0.9518"
"shard-bm100-severe","shardbearer","","1","1000 Spearmen","{""bridgeman"":0,""spearman"":1000,""chull"":0,""scout"":0,""heavy"":0,""shardbearer"":0}","{}","[{""name"":""bm100-severe"",""units"":{""bridgeman"":100,""spearman"":0,""chull"":0,""scout"":0,""heavy"":0,""shardbearer"":1},""research"":{}}]","current","current","CURRENT / BASELINE","5000","0","4999","total","equal","0.03","100","0.6931471805599453","","1000","120","1000","1000","1000","500","0.03","0.002727272727272727","2.727272727272727","2.717","0.2717","3","2","3","0.4504564351855062","","","","0","1","true","0","","2.717","0.0027170000000000002","0","","0","","0","","0",""
"shard-bm100-severe","shardbearer","","0","bm100-severe","{""bridgeman"":100,""spearman"":0,""chull"":0,""scout"":0,""heavy"":0,""shardbearer"":1}","{}","[{""name"":""1000 Spearmen"",""units"":{""bridgeman"":0,""spearman"":1000,""chull"":0,""scout"":0,""heavy"":0,""shardbearer"":0},""research"":{}}]","floor1","floor1","EXPERIMENTAL / 1% floor","5000","0","4999","total","equal","0.01","100","0.6931471805599453","","120","1000","-95","-95","101","100","0.8","0.95","95.94999999999999","95.9482","94.99821782178218","96","95","96","0.2216230132454885","0.9518","0.04820000000000002","0.003029084350096577","0","1","false","94.9964","0.9499639999999999","0","","0","","0","","0","","0.9518","0.9518"
"shard-bm100-severe","shardbearer","","1","1000 Spearmen","{""bridgeman"":0,""spearman"":1000,""chull"":0,""scout"":0,""heavy"":0,""shardbearer"":0}","{}","[{""name"":""bm100-severe"",""units"":{""bridgeman"":100,""spearman"":0,""chull"":0,""scout"":0,""heavy"":0,""shardbearer"":1},""research"":{}}]","floor1","floor1","EXPERIMENTAL / 1% floor","5000","0","4999","total","equal","0.01","100","0.6931471805599453","","1000","120","1000","1000","1000","500","0.03","0.002727272727272727","2.727272727272727","2.717","0.2717","3","2","3","0.4504564351855062","","","","0","1","true","0","","2.717","0.0027170000000000002","0","","0","","0","","0",""
"shard-bm100-severe","shardbearer","","0","bm100-severe","{""bridgeman"":100,""spearman"":0,""chull"":0,""scout"":0,""heavy"":0,""shardbearer"":1}","{}","[{""name"":""1000 Spearmen"",""units"":{""bridgeman"":0,""spearman"":1000,""chull"":0,""scout"":0,""heavy"":0,""shardbearer"":0},""research"":{}}]","floor0","floor0","EXPERIMENTAL / 0% floor","5000","0","4999","total","equal","0","100","0.6931471805599453","","120","1000","-95","-95","101","100","0.8","0.95","95.94999999999999","95.9482","94.99821782178218","96","95","96","0.2216230132454885","0.9518","0.04820000000000002","0.003029084350096577","0","1","false","94.9964","0.9499639999999999","0","","0","","0","","0","","0.9518","0.9518"
"shard-bm100-severe","shardbearer","","1","1000 Spearmen","{""bridgeman"":0,""spearman"":1000,""chull"":0,""scout"":0,""heavy"":0,""shardbearer"":0}","{}","[{""name"":""bm100-severe"",""units"":{""bridgeman"":100,""spearman"":0,""chull"":0,""scout"":0,""heavy"":0,""shardbearer"":1},""research"":{}}]","floor0","floor0","EXPERIMENTAL / 0% floor","5000","0","4999","total","equal","0","100","0.6931471805599453","","1000","120","1000","1000","1000","500","0.03","0.002727272727272727","2.727272727272727","2.717","0.2717","3","2","3","0.4504564351855062","","","","0","1","true","0","","2.717","0.0027170000000000002","0","","0","","0","","0",""
"shard-bm100-severe","shardbearer","","0","bm100-severe","{""bridgeman"":100,""spearman"":0,""chull"":0,""scout"":0,""heavy"":0,""shardbearer"":1}","{}","[{""name"":""1000 Spearmen"",""units"":{""bridgeman"":0,""spearman"":1000,""chull"":0,""scout"":0,""heavy"":0,""shardbearer"":0},""research"":{}}]","weighted","weighted","EXPERIMENTAL / weighted selection","5000","0","4999","total","weighted","0.03","100","0.6931471805599453","","120","1000","-95","-95","101","100","0.8","0.95","95.94999999999999","95.9482","94.99821782178218","96","95","96","0.2216230132454885","0.0458","0.9542","0.0029564289269319497","0","1","false","95.9024","0.959024","0","","0","","0","","0","","0.0458","0.0458"
"shard-bm100-severe","shardbearer","","1","1000 Spearmen","{""bridgeman"":0,""spearman"":1000,""chull"":0,""scout"":0,""heavy"":0,""shardbearer"":0}","{}","[{""name"":""bm100-severe"",""units"":{""bridgeman"":100,""spearman"":0,""chull"":0,""scout"":0,""heavy"":0,""shardbearer"":1},""research"":{}}]","weighted","weighted","EXPERIMENTAL / weighted selection","5000","0","4999","total","weighted","0.03","100","0.6931471805599453","","1000","120","1000","1000","1000","500","0.03","0.002727272727272727","2.727272727272727","2.717","0.2717","3","2","3","0.4504564351855062","","","","0","1","true","0","","2.717","0.0027170000000000002","0","","0","","0","","0",""
"shard-bm100-severe","shardbearer","","0","bm100-severe","{""bridgeman"":100,""spearman"":0,""chull"":0,""scout"":0,""heavy"":0,""shardbearer"":1}","{}","[{""name"":""1000 Spearmen"",""units"":{""bridgeman"":0,""spearman"":1000,""chull"":0,""scout"":0,""heavy"":0,""shardbearer"":0},""research"":{}}]","normalized","normalized","EXPERIMENTAL / normalized Survival — NOT BALANCED","5000","0","4999","density","equal","0.03","100","0.6931471805599453","","120","1000","-95","-94.05940594059406","101","100","0.8","0.95","95.94999999999999","95.9482","94.99821782178218","96","95","96","0.2216230132454885","0.9518","0.04820000000000002","0.003029084350096577","0","1","false","94.9964","0.9499639999999999","0","","0","","0","","0","","0.9518","0.9518"
"shard-bm100-severe","shardbearer","","1","1000 Spearmen","{""bridgeman"":0,""spearman"":1000,""chull"":0,""scout"":0,""heavy"":0,""shardbearer"":0}","{}","[{""name"":""bm100-severe"",""units"":{""bridgeman"":100,""spearman"":0,""chull"":0,""scout"":0,""heavy"":0,""shardbearer"":1},""research"":{}}]","normalized","normalized","EXPERIMENTAL / normalized Survival — NOT BALANCED","5000","0","4999","density","equal","0.03","100","0.6931471805599453","","1000","120","1000","100","1000","500","0.03","0.015","15","15","1.5","15","15","15","0","","","","0","1","true","0","","15","0.015","0","","0","","0","","0",""
"shard-bm100-severe","shardbearer","","0","bm100-severe","{""bridgeman"":100,""spearman"":0,""chull"":0,""scout"":0,""heavy"":0,""shardbearer"":1}","{}","[{""name"":""1000 Spearmen"",""units"":{""bridgeman"":0,""spearman"":1000,""chull"":0,""scout"":0,""heavy"":0,""shardbearer"":0},""research"":{}}]","normalized-weighted","normalized-weighted","EXPERIMENTAL / normalized + weighted — NOT BALANCED","5000","0","4999","density","weighted","0.03","100","0.6931471805599453","","120","1000","-95","-94.05940594059406","101","100","0.8","0.95","95.94999999999999","95.9482","94.99821782178218","96","95","96","0.2216230132454885","0.0458","0.9542","0.0029564289269319497","0","1","false","95.9024","0.959024","0","","0","","0","","0","","0.0458","0.0458"
"shard-bm100-severe","shardbearer","","1","1000 Spearmen","{""bridgeman"":0,""spearman"":1000,""chull"":0,""scout"":0,""heavy"":0,""shardbearer"":0}","{}","[{""name"":""bm100-severe"",""units"":{""bridgeman"":100,""spearman"":0,""chull"":0,""scout"":0,""heavy"":0,""shardbearer"":1},""research"":{}}]","normalized-weighted","normalized-weighted","EXPERIMENTAL / normalized + weighted — NOT BALANCED","5000","0","4999","density","weighted","0.03","100","0.6931471805599453","","1000","120","1000","100","1000","500","0.03","0.015","15","15","1.5","15","15","15","0","","","","0","1","true","0","","15","0.015","0","","0","","0","","0",""
"shard-sp20-moderate","shardbearer","","0","sp20-moderate","{""bridgeman"":0,""spearman"":20,""chull"":0,""scout"":0,""heavy"":0,""shardbearer"":1}","{}","[{""name"":""60 Spearmen"",""units"":{""bridgeman"":0,""spearman"":60,""chull"":0,""scout"":0,""heavy"":0,""shardbearer"":0},""research"":{}}]","current","current","CURRENT / BASELINE","5000","0","4999","total","equal","0.03","100","0.6931471805599453","","60","60","25","25","21","10","0.25","0.2","4.2","4.2038","20.01809523809524","4","4","5","0.4028219954272584","0.1948","0.8052","0.0056009456344442415","0","","false","0","","4.009","0.20045000000000002","0","","0","","0","","0.1948","0.1948"
"shard-sp20-moderate","shardbearer","","1","60 Spearmen","{""bridgeman"":0,""spearman"":60,""chull"":0,""scout"":0,""heavy"":0,""shardbearer"":0}","{}","[{""name"":""sp20-moderate"",""units"":{""bridgeman"":0,""spearman"":20,""chull"":0,""scout"":0,""heavy"":0,""shardbearer"":1},""research"":{}}]","current","current","CURRENT / BASELINE","5000","0","4999","total","equal","0.03","100","0.6931471805599453","","60","60","60","60","60","30","0.25","0.15625","9.375","9.3708","15.617999999999999","9","9","10","0.4830190058372663","","","","0","","false","0","","9.3708","0.15617999999999999","0","","0","","0","","0",""
"shard-sp20-moderate","shardbearer","","0","sp20-moderate","{""bridgeman"":0,""spearman"":20,""chull"":0,""scout"":0,""heavy"":0,""shardbearer"":1}","{}","[{""name"":""60 Spearmen"",""units"":{""bridgeman"":0,""spearman"":60,""chull"":0,""scout"":0,""heavy"":0,""shardbearer"":0},""research"":{}}]","floor1","floor1","EXPERIMENTAL / 1% floor","5000","0","4999","total","equal","0.01","100","0.6931471805599453","","60","60","25","25","21","10","0.25","0.2","4.2","4.2038","20.01809523809524","4","4","5","0.4028219954272584","0.1948","0.8052","0.0056009456344442415","0","","false","0","","4.009","0.20045000000000002","0","","0","","0","","0.1948","0.1948"
"shard-sp20-moderate","shardbearer","","1","60 Spearmen","{""bridgeman"":0,""spearman"":60,""chull"":0,""scout"":0,""heavy"":0,""shardbearer"":0}","{}","[{""name"":""sp20-moderate"",""units"":{""bridgeman"":0,""spearman"":20,""chull"":0,""scout"":0,""heavy"":0,""shardbearer"":1},""research"":{}}]","floor1","floor1","EXPERIMENTAL / 1% floor","5000","0","4999","total","equal","0.01","100","0.6931471805599453","","60","60","60","60","60","30","0.25","0.15625","9.375","9.3708","15.617999999999999","9","9","10","0.4830190058372663","","","","0","","false","0","","9.3708","0.15617999999999999","0","","0","","0","","0",""
"shard-sp20-moderate","shardbearer","","0","sp20-moderate","{""bridgeman"":0,""spearman"":20,""chull"":0,""scout"":0,""heavy"":0,""shardbearer"":1}","{}","[{""name"":""60 Spearmen"",""units"":{""bridgeman"":0,""spearman"":60,""chull"":0,""scout"":0,""heavy"":0,""shardbearer"":0},""research"":{}}]","floor0","floor0","EXPERIMENTAL / 0% floor","5000","0","4999","total","equal","0","100","0.6931471805599453","","60","60","25","25","21","10","0.25","0.2","4.2","4.2038","20.01809523809524","4","4","5","0.4028219954272584","0.1948","0.8052","0.0056009456344442415","0","","false","0","","4.009","0.20045000000000002","0","","0","","0","","0.1948","0.1948"
"shard-sp20-moderate","shardbearer","","1","60 Spearmen","{""bridgeman"":0,""spearman"":60,""chull"":0,""scout"":0,""heavy"":0,""shardbearer"":0}","{}","[{""name"":""sp20-moderate"",""units"":{""bridgeman"":0,""spearman"":20,""chull"":0,""scout"":0,""heavy"":0,""shardbearer"":1},""research"":{}}]","floor0","floor0","EXPERIMENTAL / 0% floor","5000","0","4999","total","equal","0","100","0.6931471805599453","","60","60","60","60","60","30","0.25","0.15625","9.375","9.3708","15.617999999999999","9","9","10","0.4830190058372663","","","","0","","false","0","","9.3708","0.15617999999999999","0","","0","","0","","0",""
"shard-sp20-moderate","shardbearer","","0","sp20-moderate","{""bridgeman"":0,""spearman"":20,""chull"":0,""scout"":0,""heavy"":0,""shardbearer"":1}","{}","[{""name"":""60 Spearmen"",""units"":{""bridgeman"":0,""spearman"":60,""chull"":0,""scout"":0,""heavy"":0,""shardbearer"":0},""research"":{}}]","weighted","weighted","EXPERIMENTAL / weighted selection","5000","0","4999","total","weighted","0.03","100","0.6931471805599453","","60","60","25","25","21","10","0.25","0.2","4.2","4.2038","20.01809523809524","4","4","5","0.4028219954272584","0.0162","0.9838","0.0017853604678047513","0","","false","0","","4.1876","0.20937999999999998","0","","0","","0","","0.0162","0.0162"
"shard-sp20-moderate","shardbearer","","1","60 Spearmen","{""bridgeman"":0,""spearman"":60,""chull"":0,""scout"":0,""heavy"":0,""shardbearer"":0}","{}","[{""name"":""sp20-moderate"",""units"":{""bridgeman"":0,""spearman"":20,""chull"":0,""scout"":0,""heavy"":0,""shardbearer"":1},""research"":{}}]","weighted","weighted","EXPERIMENTAL / weighted selection","5000","0","4999","total","weighted","0.03","100","0.6931471805599453","","60","60","60","60","60","30","0.25","0.15625","9.375","9.3708","15.617999999999999","9","9","10","0.4830190058372663","","","","0","","false","0","","9.3708","0.15617999999999999","0","","0","","0","","0",""
"shard-sp20-moderate","shardbearer","","0","sp20-moderate","{""bridgeman"":0,""spearman"":20,""chull"":0,""scout"":0,""heavy"":0,""shardbearer"":1}","{}","[{""name"":""60 Spearmen"",""units"":{""bridgeman"":0,""spearman"":60,""chull"":0,""scout"":0,""heavy"":0,""shardbearer"":0},""research"":{}}]","normalized","normalized","EXPERIMENTAL / normalized Survival — NOT BALANCED","5000","0","4999","density","equal","0.03","100","0.6931471805599453","","60","60","25","119.04761904761905","21","10","0.25","0.1141304347826087","2.3967391304347827","2.4038","11.446666666666667","2","2","3","0.4906582925009965","0.1132","0.8868","0.004480753508060893","0","","false","0","","2.2906","0.11452999999999999","0","","0","","0","","0.1132","0.1132"
"shard-sp20-moderate","shardbearer","","1","60 Spearmen","{""bridgeman"":0,""spearman"":60,""chull"":0,""scout"":0,""heavy"":0,""shardbearer"":0}","{}","[{""name"":""sp20-moderate"",""units"":{""bridgeman"":0,""spearman"":20,""chull"":0,""scout"":0,""heavy"":0,""shardbearer"":1},""research"":{}}]","normalized","normalized","EXPERIMENTAL / normalized Survival — NOT BALANCED","5000","0","4999","density","equal","0.03","100","0.6931471805599453","","60","60","60","100","60","30","0.25","0.125","7.5","7.4932","12.488666666666665","7","7","8","0.49995375786164437","","","","0","","false","0","","7.4932","0.12488666666666666","0","","0","","0","","0",""
"shard-sp20-moderate","shardbearer","","0","sp20-moderate","{""bridgeman"":0,""spearman"":20,""chull"":0,""scout"":0,""heavy"":0,""shardbearer"":1}","{}","[{""name"":""60 Spearmen"",""units"":{""bridgeman"":0,""spearman"":60,""chull"":0,""scout"":0,""heavy"":0,""shardbearer"":0},""research"":{}}]","normalized-weighted","normalized-weighted","EXPERIMENTAL / normalized + weighted — NOT BALANCED","5000","0","4999","density","weighted","0.03","100","0.6931471805599453","","60","60","25","119.04761904761905","21","10","0.25","0.1141304347826087","2.3967391304347827","2.4038","11.446666666666667","2","2","3","0.4906582925009965","0.0088","0.9912","0.0013207997577225701","0","","false","0","","2.395","0.11975","0","","0","","0","","0.0088","0.0088"
"shard-sp20-moderate","shardbearer","","1","60 Spearmen","{""bridgeman"":0,""spearman"":60,""chull"":0,""scout"":0,""heavy"":0,""shardbearer"":0}","{}","[{""name"":""sp20-moderate"",""units"":{""bridgeman"":0,""spearman"":20,""chull"":0,""scout"":0,""heavy"":0,""shardbearer"":1},""research"":{}}]","normalized-weighted","normalized-weighted","EXPERIMENTAL / normalized + weighted — NOT BALANCED","5000","0","4999","density","weighted","0.03","100","0.6931471805599453","","60","60","60","100","60","30","0.25","0.125","7.5","7.4932","12.488666666666665","7","7","8","0.49995375786164437","","","","0","","false","0","","7.4932","0.12488666666666666","0","","0","","0","","0",""
"shard-mixed-moderate","shardbearer","","0","mixed-moderate","{""bridgeman"":50,""spearman"":50,""chull"":0,""scout"":0,""heavy"":0,""shardbearer"":1}","{}","[{""name"":""150 Spearmen"",""units"":{""bridgeman"":0,""spearman"":150,""chull"":0,""scout"":0,""heavy"":0,""shardbearer"":0},""research"":{}}]","current","current","CURRENT / BASELINE","5000","0","4999","total","equal","0.03","100","0.6931471805599453","","170","150","5","5","101","75","0.22058823529411764","0.21008403361344535","21.218487394957982","21.2204","21.01029702970297","21","21","22","0.414516392920712","0.2148","0.7852","0.005807942148472211","0","0","true","10.5278","0.210556","10.4778","0.209556","0","","0","","0","","0.2148","0.2148"
"shard-mixed-moderate","shardbearer","","1","150 Spearmen","{""bridgeman"":0,""spearman"":150,""chull"":0,""scout"":0,""heavy"":0,""shardbearer"":0}","{}","[{""name"":""mixed-moderate"",""units"":{""bridgeman"":50,""spearman"":50,""chull"":0,""scout"":0,""heavy"":0,""shardbearer"":1},""research"":{}}]","current","current","CURRENT / BASELINE","5000","0","4999","total","equal","0.03","100","0.6931471805599453","","150","170","150","150","150","75","0.2833333333333333","0.11333333333333334","17","17","11.333333333333334","17","17","17","0","","","","0","0","false","0","","17","0.11333333333333333","0","","0","","0","","0",""
"shard-mixed-moderate","shardbearer","","0","mixed-moderate","{""bridgeman"":50,""spearman"":50,""chull"":0,""scout"":0,""heavy"":0,""shardbearer"":1}","{}","[{""name"":""150 Spearmen"",""units"":{""bridgeman"":0,""spearman"":150,""chull"":0,""scout"":0,""heavy"":0,""shardbearer"":0},""research"":{}}]","floor1","floor1","EXPERIMENTAL / 1% floor","5000","0","4999","total","equal","0.01","100","0.6931471805599453","","170","150","5","5","101","75","0.22058823529411764","0.21008403361344535","21.218487394957982","21.2204","21.01029702970297","21","21","22","0.414516392920712","0.2148","0.7852","0.005807942148472211","0","0","true","10.5278","0.210556","10.4778","0.209556","0","","0","","0","","0.2148","0.2148"
"shard-mixed-moderate","shardbearer","","1","150 Spearmen","{""bridgeman"":0,""spearman"":150,""chull"":0,""scout"":0,""heavy"":0,""shardbearer"":0}","{}","[{""name"":""mixed-moderate"",""units"":{""bridgeman"":50,""spearman"":50,""chull"":0,""scout"":0,""heavy"":0,""shardbearer"":1},""research"":{}}]","floor1","floor1","EXPERIMENTAL / 1% floor","5000","0","4999","total","equal","0.01","100","0.6931471805599453","","150","170","150","150","150","75","0.2833333333333333","0.11333333333333334","17","17","11.333333333333334","17","17","17","0","","","","0","0","false","0","","17","0.11333333333333333","0","","0","","0","","0",""
"shard-mixed-moderate","shardbearer","","0","mixed-moderate","{""bridgeman"":50,""spearman"":50,""chull"":0,""scout"":0,""heavy"":0,""shardbearer"":1}","{}","[{""name"":""150 Spearmen"",""units"":{""bridgeman"":0,""spearman"":150,""chull"":0,""scout"":0,""heavy"":0,""shardbearer"":0},""research"":{}}]","floor0","floor0","EXPERIMENTAL / 0% floor","5000","0","4999","total","equal","0","100","0.6931471805599453","","170","150","5","5","101","75","0.22058823529411764","0.21008403361344535","21.218487394957982","21.2204","21.01029702970297","21","21","22","0.414516392920712","0.2148","0.7852","0.005807942148472211","0","0","true","10.5278","0.210556","10.4778","0.209556","0","","0","","0","","0.2148","0.2148"
"shard-mixed-moderate","shardbearer","","1","150 Spearmen","{""bridgeman"":0,""spearman"":150,""chull"":0,""scout"":0,""heavy"":0,""shardbearer"":0}","{}","[{""name"":""mixed-moderate"",""units"":{""bridgeman"":50,""spearman"":50,""chull"":0,""scout"":0,""heavy"":0,""shardbearer"":1},""research"":{}}]","floor0","floor0","EXPERIMENTAL / 0% floor","5000","0","4999","total","equal","0","100","0.6931471805599453","","150","170","150","150","150","75","0.2833333333333333","0.11333333333333334","17","17","11.333333333333334","17","17","17","0","","","","0","0","false","0","","17","0.11333333333333333","0","","0","","0","","0",""
"shard-mixed-moderate","shardbearer","","0","mixed-moderate","{""bridgeman"":50,""spearman"":50,""chull"":0,""scout"":0,""heavy"":0,""shardbearer"":1}","{}","[{""name"":""150 Spearmen"",""units"":{""bridgeman"":0,""spearman"":150,""chull"":0,""scout"":0,""heavy"":0,""shardbearer"":0},""research"":{}}]","weighted","weighted","EXPERIMENTAL / weighted selection","5000","0","4999","total","weighted","0.03","100","0.6931471805599453","","170","150","5","5","101","75","0.22058823529411764","0.21008403361344535","21.218487394957982","21.2204","21.01029702970297","21","21","22","0.414516392920712","0.0066","0.9934","0.001145114841402381","0","0","true","16.502","0.33004","4.7118","0.094236","0","","0","","0","","0.0066","0.0066"
"shard-mixed-moderate","shardbearer","","1","150 Spearmen","{""bridgeman"":0,""spearman"":150,""chull"":0,""scout"":0,""heavy"":0,""shardbearer"":0}","{}","[{""name"":""mixed-moderate"",""units"":{""bridgeman"":50,""spearman"":50,""chull"":0,""scout"":0,""heavy"":0,""shardbearer"":1},""research"":{}}]","weighted","weighted","EXPERIMENTAL / weighted selection","5000","0","4999","total","weighted","0.03","100","0.6931471805599453","","150","170","150","150","150","75","0.2833333333333333","0.11333333333333334","17","17","11.333333333333334","17","17","17","0","","","","0","0","false","0","","17","0.11333333333333333","0","","0","","0","","0",""
"shard-mixed-moderate","shardbearer","","0","mixed-moderate","{""bridgeman"":50,""spearman"":50,""chull"":0,""scout"":0,""heavy"":0,""shardbearer"":1}","{}","[{""name"":""150 Spearmen"",""units"":{""bridgeman"":0,""spearman"":150,""chull"":0,""scout"":0,""heavy"":0,""shardbearer"":0},""research"":{}}]","normalized","normalized","EXPERIMENTAL / normalized Survival — NOT BALANCED","5000","0","4999","density","equal","0.03","100","0.6931471805599453","","170","150","5","4.9504950495049505","101","75","0.22058823529411764","0.21018312985571586","21.2284961154273","21.229","21.01881188118812","21","21","22","0.4201892430798216","0.2148","0.7852","0.005807942148472211","0","0","true","10.5318","0.21063600000000002","10.4824","0.209648","0","","0","","0","","0.2148","0.2148"
"shard-mixed-moderate","shardbearer","","1","150 Spearmen","{""bridgeman"":0,""spearman"":150,""chull"":0,""scout"":0,""heavy"":0,""shardbearer"":0}","{}","[{""name"":""mixed-moderate"",""units"":{""bridgeman"":50,""spearman"":50,""chull"":0,""scout"":0,""heavy"":0,""shardbearer"":1},""research"":{}}]","normalized","normalized","EXPERIMENTAL / normalized Survival — NOT BALANCED","5000","0","4999","density","equal","0.03","100","0.6931471805599453","","150","170","150","100","150","75","0.2833333333333333","0.14166666666666666","21.25","21.2476","14.165066666666664","21","21","22","0.4316181645853298","","","","0","0","false","0","","21.2476","0.14165066666666665","0","","0","","0","","0",""
"shard-mixed-moderate","shardbearer","","0","mixed-moderate","{""bridgeman"":50,""spearman"":50,""chull"":0,""scout"":0,""heavy"":0,""shardbearer"":1}","{}","[{""name"":""150 Spearmen"",""units"":{""bridgeman"":0,""spearman"":150,""chull"":0,""scout"":0,""heavy"":0,""shardbearer"":0},""research"":{}}]","normalized-weighted","normalized-weighted","EXPERIMENTAL / normalized + weighted — NOT BALANCED","5000","0","4999","density","weighted","0.03","100","0.6931471805599453","","170","150","5","4.9504950495049505","101","75","0.22058823529411764","0.21018312985571586","21.2284961154273","21.229","21.01881188118812","21","21","22","0.4201892430798216","0.0066","0.9934","0.001145114841402381","0","0","true","16.5086","0.330172","4.7138","0.094276","0","","0","","0","","0.0066","0.0066"
"shard-mixed-moderate","shardbearer","","1","150 Spearmen","{""bridgeman"":0,""spearman"":150,""chull"":0,""scout"":0,""heavy"":0,""shardbearer"":0}","{}","[{""name"":""mixed-moderate"",""units"":{""bridgeman"":50,""spearman"":50,""chull"":0,""scout"":0,""heavy"":0,""shardbearer"":1},""research"":{}}]","normalized-weighted","normalized-weighted","EXPERIMENTAL / normalized + weighted — NOT BALANCED","5000","0","4999","density","weighted","0.03","100","0.6931471805599453","","150","170","150","100","150","75","0.2833333333333333","0.14166666666666666","21.25","21.2476","14.165066666666664","21","21","22","0.4316181645853298","","","","0","0","false","0","","21.2476","0.14165066666666665","0","","0","","0","","0",""
"surgery-10","research","Compare side A with scale-sp at the same size: only its Field Surgery differs.","0","10 Spearmen","{""bridgeman"":0,""spearman"":10,""chull"":0,""scout"":0,""heavy"":0,""shardbearer"":0}","{""painrialMedicine"":3}","[{""name"":""10 Spearmen"",""units"":{""bridgeman"":0,""spearman"":10,""chull"":0,""scout"":0,""heavy"":0,""shardbearer"":0},""research"":{}}]","current","current","CURRENT / BASELINE","1000","0","999","total","equal","0.03","100","0.6931471805599453","","10","10","30","30","10","5","0.25","0.19230769230769232","1.9230769230769231","1.924","19.240000000000002","2","1","2","0.2649981132008253","","","","0","","false","0","","1.924","0.1924","0","","0","","0","","0",""
"surgery-10","research","Compare side A with scale-sp at the same size: only its Field Surgery differs.","1","10 Spearmen","{""bridgeman"":0,""spearman"":10,""chull"":0,""scout"":0,""heavy"":0,""shardbearer"":0}","{}","[{""name"":""10 Spearmen"",""units"":{""bridgeman"":0,""spearman"":10,""chull"":0,""scout"":0,""heavy"":0,""shardbearer"":0},""research"":{""painrialMedicine"":3}}]","current","current","CURRENT / BASELINE","1000","0","999","total","equal","0.03","100","0.6931471805599453","","10","10","10","10","10","5","0.25","0.22727272727272727","2.2727272727272725","2.267","22.669999999999998","2","2","3","0.4423923597893601","","","","0","","false","0","","2.267","0.22669999999999998","0","","0","","0","","0",""
"surgery-10","research","Compare side A with scale-sp at the same size: only its Field Surgery differs.","0","10 Spearmen","{""bridgeman"":0,""spearman"":10,""chull"":0,""scout"":0,""heavy"":0,""shardbearer"":0}","{""painrialMedicine"":3}","[{""name"":""10 Spearmen"",""units"":{""bridgeman"":0,""spearman"":10,""chull"":0,""scout"":0,""heavy"":0,""shardbearer"":0},""research"":{}}]","floor1","floor1","EXPERIMENTAL / 1% floor","1000","0","999","total","equal","0.01","100","0.6931471805599453","","10","10","30","30","10","5","0.25","0.19230769230769232","1.9230769230769231","1.924","19.240000000000002","2","1","2","0.2649981132008253","","","","0","","false","0","","1.924","0.1924","0","","0","","0","","0",""
"surgery-10","research","Compare side A with scale-sp at the same size: only its Field Surgery differs.","1","10 Spearmen","{""bridgeman"":0,""spearman"":10,""chull"":0,""scout"":0,""heavy"":0,""shardbearer"":0}","{}","[{""name"":""10 Spearmen"",""units"":{""bridgeman"":0,""spearman"":10,""chull"":0,""scout"":0,""heavy"":0,""shardbearer"":0},""research"":{""painrialMedicine"":3}}]","floor1","floor1","EXPERIMENTAL / 1% floor","1000","0","999","total","equal","0.01","100","0.6931471805599453","","10","10","10","10","10","5","0.25","0.22727272727272727","2.2727272727272725","2.267","22.669999999999998","2","2","3","0.4423923597893601","","","","0","","false","0","","2.267","0.22669999999999998","0","","0","","0","","0",""
"surgery-10","research","Compare side A with scale-sp at the same size: only its Field Surgery differs.","0","10 Spearmen","{""bridgeman"":0,""spearman"":10,""chull"":0,""scout"":0,""heavy"":0,""shardbearer"":0}","{""painrialMedicine"":3}","[{""name"":""10 Spearmen"",""units"":{""bridgeman"":0,""spearman"":10,""chull"":0,""scout"":0,""heavy"":0,""shardbearer"":0},""research"":{}}]","floor0","floor0","EXPERIMENTAL / 0% floor","1000","0","999","total","equal","0","100","0.6931471805599453","","10","10","30","30","10","5","0.25","0.19230769230769232","1.9230769230769231","1.924","19.240000000000002","2","1","2","0.2649981132008253","","","","0","","false","0","","1.924","0.1924","0","","0","","0","","0",""
"surgery-10","research","Compare side A with scale-sp at the same size: only its Field Surgery differs.","1","10 Spearmen","{""bridgeman"":0,""spearman"":10,""chull"":0,""scout"":0,""heavy"":0,""shardbearer"":0}","{}","[{""name"":""10 Spearmen"",""units"":{""bridgeman"":0,""spearman"":10,""chull"":0,""scout"":0,""heavy"":0,""shardbearer"":0},""research"":{""painrialMedicine"":3}}]","floor0","floor0","EXPERIMENTAL / 0% floor","1000","0","999","total","equal","0","100","0.6931471805599453","","10","10","10","10","10","5","0.25","0.22727272727272727","2.2727272727272725","2.267","22.669999999999998","2","2","3","0.4423923597893601","","","","0","","false","0","","2.267","0.22669999999999998","0","","0","","0","","0",""
"surgery-10","research","Compare side A with scale-sp at the same size: only its Field Surgery differs.","0","10 Spearmen","{""bridgeman"":0,""spearman"":10,""chull"":0,""scout"":0,""heavy"":0,""shardbearer"":0}","{""painrialMedicine"":3}","[{""name"":""10 Spearmen"",""units"":{""bridgeman"":0,""spearman"":10,""chull"":0,""scout"":0,""heavy"":0,""shardbearer"":0},""research"":{}}]","weighted","weighted","EXPERIMENTAL / weighted selection","1000","0","999","total","weighted","0.03","100","0.6931471805599453","","10","10","30","30","10","5","0.25","0.19230769230769232","1.9230769230769231","1.924","19.240000000000002","2","1","2","0.2649981132008253","","","","0","","false","0","","1.924","0.1924","0","","0","","0","","0",""
"surgery-10","research","Compare side A with scale-sp at the same size: only its Field Surgery differs.","1","10 Spearmen","{""bridgeman"":0,""spearman"":10,""chull"":0,""scout"":0,""heavy"":0,""shardbearer"":0}","{}","[{""name"":""10 Spearmen"",""units"":{""bridgeman"":0,""spearman"":10,""chull"":0,""scout"":0,""heavy"":0,""shardbearer"":0},""research"":{""painrialMedicine"":3}}]","weighted","weighted","EXPERIMENTAL / weighted selection","1000","0","999","total","weighted","0.03","100","0.6931471805599453","","10","10","10","10","10","5","0.25","0.22727272727272727","2.2727272727272725","2.267","22.669999999999998","2","2","3","0.4423923597893601","","","","0","","false","0","","2.267","0.22669999999999998","0","","0","","0","","0",""
"surgery-10","research","Compare side A with scale-sp at the same size: only its Field Surgery differs.","0","10 Spearmen","{""bridgeman"":0,""spearman"":10,""chull"":0,""scout"":0,""heavy"":0,""shardbearer"":0}","{""painrialMedicine"":3}","[{""name"":""10 Spearmen"",""units"":{""bridgeman"":0,""spearman"":10,""chull"":0,""scout"":0,""heavy"":0,""shardbearer"":0},""research"":{}}]","normalized","normalized","EXPERIMENTAL / normalized Survival — NOT BALANCED","1000","0","999","density","equal","0.03","100","0.6931471805599453","","10","10","30","300","10","5","0.25","0.0625","0.625","0.632","6.32","1","0","1","0.4822613399392496","","","","0","","false","0","","0.632","0.0632","0","","0","","0","","0",""
"surgery-10","research","Compare side A with scale-sp at the same size: only its Field Surgery differs.","1","10 Spearmen","{""bridgeman"":0,""spearman"":10,""chull"":0,""scout"":0,""heavy"":0,""shardbearer"":0}","{}","[{""name"":""10 Spearmen"",""units"":{""bridgeman"":0,""spearman"":10,""chull"":0,""scout"":0,""heavy"":0,""shardbearer"":0},""research"":{""painrialMedicine"":3}}]","normalized","normalized","EXPERIMENTAL / normalized Survival — NOT BALANCED","1000","0","999","density","equal","0.03","100","0.6931471805599453","","10","10","10","100","10","5","0.25","0.125","1.25","1.251","12.51","1","1","2","0.43358851460803344","","","","0","","false","0","","1.251","0.1251","0","","0","","0","","0",""
"surgery-10","research","Compare side A with scale-sp at the same size: only its Field Surgery differs.","0","10 Spearmen","{""bridgeman"":0,""spearman"":10,""chull"":0,""scout"":0,""heavy"":0,""shardbearer"":0}","{""painrialMedicine"":3}","[{""name"":""10 Spearmen"",""units"":{""bridgeman"":0,""spearman"":10,""chull"":0,""scout"":0,""heavy"":0,""shardbearer"":0},""research"":{}}]","normalized-weighted","normalized-weighted","EXPERIMENTAL / normalized + weighted — NOT BALANCED","1000","0","999","density","weighted","0.03","100","0.6931471805599453","","10","10","30","300","10","5","0.25","0.0625","0.625","0.632","6.32","1","0","1","0.4822613399392496","","","","0","","false","0","","0.632","0.0632","0","","0","","0","","0",""
"surgery-10","research","Compare side A with scale-sp at the same size: only its Field Surgery differs.","1","10 Spearmen","{""bridgeman"":0,""spearman"":10,""chull"":0,""scout"":0,""heavy"":0,""shardbearer"":0}","{}","[{""name"":""10 Spearmen"",""units"":{""bridgeman"":0,""spearman"":10,""chull"":0,""scout"":0,""heavy"":0,""shardbearer"":0},""research"":{""painrialMedicine"":3}}]","normalized-weighted","normalized-weighted","EXPERIMENTAL / normalized + weighted — NOT BALANCED","1000","0","999","density","weighted","0.03","100","0.6931471805599453","","10","10","10","100","10","5","0.25","0.125","1.25","1.251","12.51","1","1","2","0.43358851460803344","","","","0","","false","0","","1.251","0.1251","0","","0","","0","","0",""
"surgery-100","research","Compare side A with scale-sp at the same size: only its Field Surgery differs.","0","100 Spearmen","{""bridgeman"":0,""spearman"":100,""chull"":0,""scout"":0,""heavy"":0,""shardbearer"":0}","{""painrialMedicine"":3}","[{""name"":""100 Spearmen"",""units"":{""bridgeman"":0,""spearman"":100,""chull"":0,""scout"":0,""heavy"":0,""shardbearer"":0},""research"":{}}]","current","current","CURRENT / BASELINE","1000","0","999","total","equal","0.03","100","0.6931471805599453","","100","100","300","300","100","50","0.25","0.0625","6.25","6.278","6.278","6","6","7","0.44801339265696055","","","","0","","false","0","","6.278","0.06278","0","","0","","0","","0",""
"surgery-100","research","Compare side A with scale-sp at the same size: only its Field Surgery differs.","1","100 Spearmen","{""bridgeman"":0,""spearman"":100,""chull"":0,""scout"":0,""heavy"":0,""shardbearer"":0}","{}","[{""name"":""100 Spearmen"",""units"":{""bridgeman"":0,""spearman"":100,""chull"":0,""scout"":0,""heavy"":0,""shardbearer"":0},""research"":{""painrialMedicine"":3}}]","current","current","CURRENT / BASELINE","1000","0","999","total","equal","0.03","100","0.6931471805599453","","100","100","100","100","100","50","0.25","0.125","12.5","12.483","12.482999999999999","12","12","13","0.49971091643069215","","","","0","","false","0","","12.483","0.12483000000000001","0","","0","","0","","0",""
"surgery-100","research","Compare side A with scale-sp at the same size: only its Field Surgery differs.","0","100 Spearmen","{""bridgeman"":0,""spearman"":100,""chull"":0,""scout"":0,""heavy"":0,""shardbearer"":0}","{""painrialMedicine"":3}","[{""name"":""100 Spearmen"",""units"":{""bridgeman"":0,""spearman"":100,""chull"":0,""scout"":0,""heavy"":0,""shardbearer"":0},""research"":{}}]","floor1","floor1","EXPERIMENTAL / 1% floor","1000","0","999","total","equal","0.01","100","0.6931471805599453","","100","100","300","300","100","50","0.25","0.0625","6.25","6.278","6.278","6","6","7","0.44801339265696055","","","","0","","false","0","","6.278","0.06278","0","","0","","0","","0",""
"surgery-100","research","Compare side A with scale-sp at the same size: only its Field Surgery differs.","1","100 Spearmen","{""bridgeman"":0,""spearman"":100,""chull"":0,""scout"":0,""heavy"":0,""shardbearer"":0}","{}","[{""name"":""100 Spearmen"",""units"":{""bridgeman"":0,""spearman"":100,""chull"":0,""scout"":0,""heavy"":0,""shardbearer"":0},""research"":{""painrialMedicine"":3}}]","floor1","floor1","EXPERIMENTAL / 1% floor","1000","0","999","total","equal","0.01","100","0.6931471805599453","","100","100","100","100","100","50","0.25","0.125","12.5","12.483","12.482999999999999","12","12","13","0.49971091643069215","","","","0","","false","0","","12.483","0.12483000000000001","0","","0","","0","","0",""
"surgery-100","research","Compare side A with scale-sp at the same size: only its Field Surgery differs.","0","100 Spearmen","{""bridgeman"":0,""spearman"":100,""chull"":0,""scout"":0,""heavy"":0,""shardbearer"":0}","{""painrialMedicine"":3}","[{""name"":""100 Spearmen"",""units"":{""bridgeman"":0,""spearman"":100,""chull"":0,""scout"":0,""heavy"":0,""shardbearer"":0},""research"":{}}]","floor0","floor0","EXPERIMENTAL / 0% floor","1000","0","999","total","equal","0","100","0.6931471805599453","","100","100","300","300","100","50","0.25","0.0625","6.25","6.278","6.278","6","6","7","0.44801339265696055","","","","0","","false","0","","6.278","0.06278","0","","0","","0","","0",""
"surgery-100","research","Compare side A with scale-sp at the same size: only its Field Surgery differs.","1","100 Spearmen","{""bridgeman"":0,""spearman"":100,""chull"":0,""scout"":0,""heavy"":0,""shardbearer"":0}","{}","[{""name"":""100 Spearmen"",""units"":{""bridgeman"":0,""spearman"":100,""chull"":0,""scout"":0,""heavy"":0,""shardbearer"":0},""research"":{""painrialMedicine"":3}}]","floor0","floor0","EXPERIMENTAL / 0% floor","1000","0","999","total","equal","0","100","0.6931471805599453","","100","100","100","100","100","50","0.25","0.125","12.5","12.483","12.482999999999999","12","12","13","0.49971091643069215","","","","0","","false","0","","12.483","0.12483000000000001","0","","0","","0","","0",""
"surgery-100","research","Compare side A with scale-sp at the same size: only its Field Surgery differs.","0","100 Spearmen","{""bridgeman"":0,""spearman"":100,""chull"":0,""scout"":0,""heavy"":0,""shardbearer"":0}","{""painrialMedicine"":3}","[{""name"":""100 Spearmen"",""units"":{""bridgeman"":0,""spearman"":100,""chull"":0,""scout"":0,""heavy"":0,""shardbearer"":0},""research"":{}}]","weighted","weighted","EXPERIMENTAL / weighted selection","1000","0","999","total","weighted","0.03","100","0.6931471805599453","","100","100","300","300","100","50","0.25","0.0625","6.25","6.278","6.278","6","6","7","0.44801339265696055","","","","0","","false","0","","6.278","0.06278","0","","0","","0","","0",""
"surgery-100","research","Compare side A with scale-sp at the same size: only its Field Surgery differs.","1","100 Spearmen","{""bridgeman"":0,""spearman"":100,""chull"":0,""scout"":0,""heavy"":0,""shardbearer"":0}","{}","[{""name"":""100 Spearmen"",""units"":{""bridgeman"":0,""spearman"":100,""chull"":0,""scout"":0,""heavy"":0,""shardbearer"":0},""research"":{""painrialMedicine"":3}}]","weighted","weighted","EXPERIMENTAL / weighted selection","1000","0","999","total","weighted","0.03","100","0.6931471805599453","","100","100","100","100","100","50","0.25","0.125","12.5","12.483","12.482999999999999","12","12","13","0.49971091643069215","","","","0","","false","0","","12.483","0.12483000000000001","0","","0","","0","","0",""
"surgery-100","research","Compare side A with scale-sp at the same size: only its Field Surgery differs.","0","100 Spearmen","{""bridgeman"":0,""spearman"":100,""chull"":0,""scout"":0,""heavy"":0,""shardbearer"":0}","{""painrialMedicine"":3}","[{""name"":""100 Spearmen"",""units"":{""bridgeman"":0,""spearman"":100,""chull"":0,""scout"":0,""heavy"":0,""shardbearer"":0},""research"":{}}]","normalized","normalized","EXPERIMENTAL / normalized Survival — NOT BALANCED","1000","0","999","density","equal","0.03","100","0.6931471805599453","","100","100","300","300","100","50","0.25","0.0625","6.25","6.278","6.278","6","6","7","0.44801339265696055","","","","0","","false","0","","6.278","0.06278","0","","0","","0","","0",""
"surgery-100","research","Compare side A with scale-sp at the same size: only its Field Surgery differs.","1","100 Spearmen","{""bridgeman"":0,""spearman"":100,""chull"":0,""scout"":0,""heavy"":0,""shardbearer"":0}","{}","[{""name"":""100 Spearmen"",""units"":{""bridgeman"":0,""spearman"":100,""chull"":0,""scout"":0,""heavy"":0,""shardbearer"":0},""research"":{""painrialMedicine"":3}}]","normalized","normalized","EXPERIMENTAL / normalized Survival — NOT BALANCED","1000","0","999","density","equal","0.03","100","0.6931471805599453","","100","100","100","100","100","50","0.25","0.125","12.5","12.483","12.482999999999999","12","12","13","0.49971091643069215","","","","0","","false","0","","12.483","0.12483000000000001","0","","0","","0","","0",""
"surgery-100","research","Compare side A with scale-sp at the same size: only its Field Surgery differs.","0","100 Spearmen","{""bridgeman"":0,""spearman"":100,""chull"":0,""scout"":0,""heavy"":0,""shardbearer"":0}","{""painrialMedicine"":3}","[{""name"":""100 Spearmen"",""units"":{""bridgeman"":0,""spearman"":100,""chull"":0,""scout"":0,""heavy"":0,""shardbearer"":0},""research"":{}}]","normalized-weighted","normalized-weighted","EXPERIMENTAL / normalized + weighted — NOT BALANCED","1000","0","999","density","weighted","0.03","100","0.6931471805599453","","100","100","300","300","100","50","0.25","0.0625","6.25","6.278","6.278","6","6","7","0.44801339265696055","","","","0","","false","0","","6.278","0.06278","0","","0","","0","","0",""
"surgery-100","research","Compare side A with scale-sp at the same size: only its Field Surgery differs.","1","100 Spearmen","{""bridgeman"":0,""spearman"":100,""chull"":0,""scout"":0,""heavy"":0,""shardbearer"":0}","{}","[{""name"":""100 Spearmen"",""units"":{""bridgeman"":0,""spearman"":100,""chull"":0,""scout"":0,""heavy"":0,""shardbearer"":0},""research"":{""painrialMedicine"":3}}]","normalized-weighted","normalized-weighted","EXPERIMENTAL / normalized + weighted — NOT BALANCED","1000","0","999","density","weighted","0.03","100","0.6931471805599453","","100","100","100","100","100","50","0.25","0.125","12.5","12.483","12.482999999999999","12","12","13","0.49971091643069215","","","","0","","false","0","","12.483","0.12483000000000001","0","","0","","0","","0",""
"surgery-1000","research","Compare side A with scale-sp at the same size: only its Field Surgery differs.","0","1000 Spearmen","{""bridgeman"":0,""spearman"":1000,""chull"":0,""scout"":0,""heavy"":0,""shardbearer"":0}","{""painrialMedicine"":3}","[{""name"":""1000 Spearmen"",""units"":{""bridgeman"":0,""spearman"":1000,""chull"":0,""scout"":0,""heavy"":0,""shardbearer"":0},""research"":{}}]","current","current","CURRENT / BASELINE","1000","0","999","total","equal","0.03","100","0.6931471805599453","","1000","1000","3000","3000","1000","500","0.25","0.008064516129032258","8.064516129032258","8.071","0.8071","8","8","9","0.25682484303509273","","","","0","","false","0","","8.071","0.008071","0","","0","","0","","0",""
"surgery-1000","research","Compare side A with scale-sp at the same size: only its Field Surgery differs.","1","1000 Spearmen","{""bridgeman"":0,""spearman"":1000,""chull"":0,""scout"":0,""heavy"":0,""shardbearer"":0}","{}","[{""name"":""1000 Spearmen"",""units"":{""bridgeman"":0,""spearman"":1000,""chull"":0,""scout"":0,""heavy"":0,""shardbearer"":0},""research"":{""painrialMedicine"":3}}]","current","current","CURRENT / BASELINE","1000","0","999","total","equal","0.03","100","0.6931471805599453","","1000","1000","1000","1000","1000","500","0.25","0.022727272727272728","22.727272727272727","22.762","2.2762","23","22","23","0.4258591316386267","","","","0","","false","0","","22.762","0.022762","0","","0","","0","","0",""
"surgery-1000","research","Compare side A with scale-sp at the same size: only its Field Surgery differs.","0","1000 Spearmen","{""bridgeman"":0,""spearman"":1000,""chull"":0,""scout"":0,""heavy"":0,""shardbearer"":0}","{""painrialMedicine"":3}","[{""name"":""1000 Spearmen"",""units"":{""bridgeman"":0,""spearman"":1000,""chull"":0,""scout"":0,""heavy"":0,""shardbearer"":0},""research"":{}}]","floor1","floor1","EXPERIMENTAL / 1% floor","1000","0","999","total","equal","0.01","100","0.6931471805599453","","1000","1000","3000","3000","1000","500","0.25","0.008064516129032258","8.064516129032258","8.071","0.8071","8","8","9","0.25682484303509273","","","","0","","false","0","","8.071","0.008071","0","","0","","0","","0",""
"surgery-1000","research","Compare side A with scale-sp at the same size: only its Field Surgery differs.","1","1000 Spearmen","{""bridgeman"":0,""spearman"":1000,""chull"":0,""scout"":0,""heavy"":0,""shardbearer"":0}","{}","[{""name"":""1000 Spearmen"",""units"":{""bridgeman"":0,""spearman"":1000,""chull"":0,""scout"":0,""heavy"":0,""shardbearer"":0},""research"":{""painrialMedicine"":3}}]","floor1","floor1","EXPERIMENTAL / 1% floor","1000","0","999","total","equal","0.01","100","0.6931471805599453","","1000","1000","1000","1000","1000","500","0.25","0.022727272727272728","22.727272727272727","22.762","2.2762","23","22","23","0.4258591316386267","","","","0","","false","0","","22.762","0.022762","0","","0","","0","","0",""
"surgery-1000","research","Compare side A with scale-sp at the same size: only its Field Surgery differs.","0","1000 Spearmen","{""bridgeman"":0,""spearman"":1000,""chull"":0,""scout"":0,""heavy"":0,""shardbearer"":0}","{""painrialMedicine"":3}","[{""name"":""1000 Spearmen"",""units"":{""bridgeman"":0,""spearman"":1000,""chull"":0,""scout"":0,""heavy"":0,""shardbearer"":0},""research"":{}}]","floor0","floor0","EXPERIMENTAL / 0% floor","1000","0","999","total","equal","0","100","0.6931471805599453","","1000","1000","3000","3000","1000","500","0.25","0.008064516129032258","8.064516129032258","8.071","0.8071","8","8","9","0.25682484303509273","","","","0","","false","0","","8.071","0.008071","0","","0","","0","","0",""
"surgery-1000","research","Compare side A with scale-sp at the same size: only its Field Surgery differs.","1","1000 Spearmen","{""bridgeman"":0,""spearman"":1000,""chull"":0,""scout"":0,""heavy"":0,""shardbearer"":0}","{}","[{""name"":""1000 Spearmen"",""units"":{""bridgeman"":0,""spearman"":1000,""chull"":0,""scout"":0,""heavy"":0,""shardbearer"":0},""research"":{""painrialMedicine"":3}}]","floor0","floor0","EXPERIMENTAL / 0% floor","1000","0","999","total","equal","0","100","0.6931471805599453","","1000","1000","1000","1000","1000","500","0.25","0.022727272727272728","22.727272727272727","22.762","2.2762","23","22","23","0.4258591316386267","","","","0","","false","0","","22.762","0.022762","0","","0","","0","","0",""
"surgery-1000","research","Compare side A with scale-sp at the same size: only its Field Surgery differs.","0","1000 Spearmen","{""bridgeman"":0,""spearman"":1000,""chull"":0,""scout"":0,""heavy"":0,""shardbearer"":0}","{""painrialMedicine"":3}","[{""name"":""1000 Spearmen"",""units"":{""bridgeman"":0,""spearman"":1000,""chull"":0,""scout"":0,""heavy"":0,""shardbearer"":0},""research"":{}}]","weighted","weighted","EXPERIMENTAL / weighted selection","1000","0","999","total","weighted","0.03","100","0.6931471805599453","","1000","1000","3000","3000","1000","500","0.25","0.008064516129032258","8.064516129032258","8.071","0.8071","8","8","9","0.25682484303509273","","","","0","","false","0","","8.071","0.008071","0","","0","","0","","0",""
"surgery-1000","research","Compare side A with scale-sp at the same size: only its Field Surgery differs.","1","1000 Spearmen","{""bridgeman"":0,""spearman"":1000,""chull"":0,""scout"":0,""heavy"":0,""shardbearer"":0}","{}","[{""name"":""1000 Spearmen"",""units"":{""bridgeman"":0,""spearman"":1000,""chull"":0,""scout"":0,""heavy"":0,""shardbearer"":0},""research"":{""painrialMedicine"":3}}]","weighted","weighted","EXPERIMENTAL / weighted selection","1000","0","999","total","weighted","0.03","100","0.6931471805599453","","1000","1000","1000","1000","1000","500","0.25","0.022727272727272728","22.727272727272727","22.762","2.2762","23","22","23","0.4258591316386267","","","","0","","false","0","","22.762","0.022762","0","","0","","0","","0",""
"surgery-1000","research","Compare side A with scale-sp at the same size: only its Field Surgery differs.","0","1000 Spearmen","{""bridgeman"":0,""spearman"":1000,""chull"":0,""scout"":0,""heavy"":0,""shardbearer"":0}","{""painrialMedicine"":3}","[{""name"":""1000 Spearmen"",""units"":{""bridgeman"":0,""spearman"":1000,""chull"":0,""scout"":0,""heavy"":0,""shardbearer"":0},""research"":{}}]","normalized","normalized","EXPERIMENTAL / normalized Survival — NOT BALANCED","1000","0","999","density","equal","0.03","100","0.6931471805599453","","1000","1000","3000","300","1000","500","0.25","0.0625","62.5","62.484","6.2484","62","62","63","0.49974393443042436","","","","0","","false","0","","62.484","0.062484000000000005","0","","0","","0","","0",""
"surgery-1000","research","Compare side A with scale-sp at the same size: only its Field Surgery differs.","1","1000 Spearmen","{""bridgeman"":0,""spearman"":1000,""chull"":0,""scout"":0,""heavy"":0,""shardbearer"":0}","{}","[{""name"":""1000 Spearmen"",""units"":{""bridgeman"":0,""spearman"":1000,""chull"":0,""scout"":0,""heavy"":0,""shardbearer"":0},""research"":{""painrialMedicine"":3}}]","normalized","normalized","EXPERIMENTAL / normalized Survival — NOT BALANCED","1000","0","999","density","equal","0.03","100","0.6931471805599453","","1000","1000","1000","100","1000","500","0.25","0.125","125","125","12.5","125","125","125","0","","","","0","","false","0","","125","0.125","0","","0","","0","","0",""
"surgery-1000","research","Compare side A with scale-sp at the same size: only its Field Surgery differs.","0","1000 Spearmen","{""bridgeman"":0,""spearman"":1000,""chull"":0,""scout"":0,""heavy"":0,""shardbearer"":0}","{""painrialMedicine"":3}","[{""name"":""1000 Spearmen"",""units"":{""bridgeman"":0,""spearman"":1000,""chull"":0,""scout"":0,""heavy"":0,""shardbearer"":0},""research"":{}}]","normalized-weighted","normalized-weighted","EXPERIMENTAL / normalized + weighted — NOT BALANCED","1000","0","999","density","weighted","0.03","100","0.6931471805599453","","1000","1000","3000","300","1000","500","0.25","0.0625","62.5","62.484","6.2484","62","62","63","0.49974393443042436","","","","0","","false","0","","62.484","0.062484000000000005","0","","0","","0","","0",""
"surgery-1000","research","Compare side A with scale-sp at the same size: only its Field Surgery differs.","1","1000 Spearmen","{""bridgeman"":0,""spearman"":1000,""chull"":0,""scout"":0,""heavy"":0,""shardbearer"":0}","{}","[{""name"":""1000 Spearmen"",""units"":{""bridgeman"":0,""spearman"":1000,""chull"":0,""scout"":0,""heavy"":0,""shardbearer"":0},""research"":{""painrialMedicine"":3}}]","normalized-weighted","normalized-weighted","EXPERIMENTAL / normalized + weighted — NOT BALANCED","1000","0","999","density","weighted","0.03","100","0.6931471805599453","","1000","1000","1000","100","1000","500","0.25","0.125","125","125","12.5","125","125","125","0","","","","0","","false","0","","125","0.125","0","","0","","0","","0",""
"armor-100","research","Compare scale-sp-100: Tailored Armor III doubles these Spearmen's Power.","0","100 Spearmen","{""bridgeman"":0,""spearman"":100,""chull"":0,""scout"":0,""heavy"":0,""shardbearer"":0}","{""soulcastArmor"":3}","[{""name"":""100 Spearmen"",""units"":{""bridgeman"":0,""spearman"":100,""chull"":0,""scout"":0,""heavy"":0,""shardbearer"":0},""research"":{}}]","current","current","CURRENT / BASELINE","1000","0","999","total","equal","0.03","100","0.6931471805599453","","200","100","100","100","100","50","0.125","0.0625","6.25","6.275","6.275","6","6","7","0.4465142774872936","","","","0","0","true","0","","6.275","0.06275","0","","0","","0","","0",""
"armor-100","research","Compare scale-sp-100: Tailored Armor III doubles these Spearmen's Power.","1","100 Spearmen","{""bridgeman"":0,""spearman"":100,""chull"":0,""scout"":0,""heavy"":0,""shardbearer"":0}","{}","[{""name"":""100 Spearmen"",""units"":{""bridgeman"":0,""spearman"":100,""chull"":0,""scout"":0,""heavy"":0,""shardbearer"":0},""research"":{""soulcastArmor"":3}}]","current","current","CURRENT / BASELINE","1000","0","999","total","equal","0.03","100","0.6931471805599453","","100","200","100","100","100","50","0.5","0.25","25","25","25","25","25","25","0","","","","0","0","false","0","","25","0.25","0","","0","","0","","0",""
"armor-100","research","Compare scale-sp-100: Tailored Armor III doubles these Spearmen's Power.","0","100 Spearmen","{""bridgeman"":0,""spearman"":100,""chull"":0,""scout"":0,""heavy"":0,""shardbearer"":0}","{""soulcastArmor"":3}","[{""name"":""100 Spearmen"",""units"":{""bridgeman"":0,""spearman"":100,""chull"":0,""scout"":0,""heavy"":0,""shardbearer"":0},""research"":{}}]","floor1","floor1","EXPERIMENTAL / 1% floor","1000","0","999","total","equal","0.01","100","0.6931471805599453","","200","100","100","100","100","50","0.125","0.0625","6.25","6.275","6.275","6","6","7","0.4465142774872936","","","","0","0","true","0","","6.275","0.06275","0","","0","","0","","0",""
"armor-100","research","Compare scale-sp-100: Tailored Armor III doubles these Spearmen's Power.","1","100 Spearmen","{""bridgeman"":0,""spearman"":100,""chull"":0,""scout"":0,""heavy"":0,""shardbearer"":0}","{}","[{""name"":""100 Spearmen"",""units"":{""bridgeman"":0,""spearman"":100,""chull"":0,""scout"":0,""heavy"":0,""shardbearer"":0},""research"":{""soulcastArmor"":3}}]","floor1","floor1","EXPERIMENTAL / 1% floor","1000","0","999","total","equal","0.01","100","0.6931471805599453","","100","200","100","100","100","50","0.5","0.25","25","25","25","25","25","25","0","","","","0","0","false","0","","25","0.25","0","","0","","0","","0",""
"armor-100","research","Compare scale-sp-100: Tailored Armor III doubles these Spearmen's Power.","0","100 Spearmen","{""bridgeman"":0,""spearman"":100,""chull"":0,""scout"":0,""heavy"":0,""shardbearer"":0}","{""soulcastArmor"":3}","[{""name"":""100 Spearmen"",""units"":{""bridgeman"":0,""spearman"":100,""chull"":0,""scout"":0,""heavy"":0,""shardbearer"":0},""research"":{}}]","floor0","floor0","EXPERIMENTAL / 0% floor","1000","0","999","total","equal","0","100","0.6931471805599453","","200","100","100","100","100","50","0.125","0.0625","6.25","6.275","6.275","6","6","7","0.4465142774872936","","","","0","0","true","0","","6.275","0.06275","0","","0","","0","","0",""
"armor-100","research","Compare scale-sp-100: Tailored Armor III doubles these Spearmen's Power.","1","100 Spearmen","{""bridgeman"":0,""spearman"":100,""chull"":0,""scout"":0,""heavy"":0,""shardbearer"":0}","{}","[{""name"":""100 Spearmen"",""units"":{""bridgeman"":0,""spearman"":100,""chull"":0,""scout"":0,""heavy"":0,""shardbearer"":0},""research"":{""soulcastArmor"":3}}]","floor0","floor0","EXPERIMENTAL / 0% floor","1000","0","999","total","equal","0","100","0.6931471805599453","","100","200","100","100","100","50","0.5","0.25","25","25","25","25","25","25","0","","","","0","0","false","0","","25","0.25","0","","0","","0","","0",""
"armor-100","research","Compare scale-sp-100: Tailored Armor III doubles these Spearmen's Power.","0","100 Spearmen","{""bridgeman"":0,""spearman"":100,""chull"":0,""scout"":0,""heavy"":0,""shardbearer"":0}","{""soulcastArmor"":3}","[{""name"":""100 Spearmen"",""units"":{""bridgeman"":0,""spearman"":100,""chull"":0,""scout"":0,""heavy"":0,""shardbearer"":0},""research"":{}}]","weighted","weighted","EXPERIMENTAL / weighted selection","1000","0","999","total","weighted","0.03","100","0.6931471805599453","","200","100","100","100","100","50","0.125","0.0625","6.25","6.275","6.275","6","6","7","0.4465142774872936","","","","0","0","true","0","","6.275","0.06275","0","","0","","0","","0",""
"armor-100","research","Compare scale-sp-100: Tailored Armor III doubles these Spearmen's Power.","1","100 Spearmen","{""bridgeman"":0,""spearman"":100,""chull"":0,""scout"":0,""heavy"":0,""shardbearer"":0}","{}","[{""name"":""100 Spearmen"",""units"":{""bridgeman"":0,""spearman"":100,""chull"":0,""scout"":0,""heavy"":0,""shardbearer"":0},""research"":{""soulcastArmor"":3}}]","weighted","weighted","EXPERIMENTAL / weighted selection","1000","0","999","total","weighted","0.03","100","0.6931471805599453","","100","200","100","100","100","50","0.5","0.25","25","25","25","25","25","25","0","","","","0","0","false","0","","25","0.25","0","","0","","0","","0",""
"armor-100","research","Compare scale-sp-100: Tailored Armor III doubles these Spearmen's Power.","0","100 Spearmen","{""bridgeman"":0,""spearman"":100,""chull"":0,""scout"":0,""heavy"":0,""shardbearer"":0}","{""soulcastArmor"":3}","[{""name"":""100 Spearmen"",""units"":{""bridgeman"":0,""spearman"":100,""chull"":0,""scout"":0,""heavy"":0,""shardbearer"":0},""research"":{}}]","normalized","normalized","EXPERIMENTAL / normalized Survival — NOT BALANCED","1000","0","999","density","equal","0.03","100","0.6931471805599453","","200","100","100","100","100","50","0.125","0.0625","6.25","6.275","6.275","6","6","7","0.4465142774872936","","","","0","0","true","0","","6.275","0.06275","0","","0","","0","","0",""
"armor-100","research","Compare scale-sp-100: Tailored Armor III doubles these Spearmen's Power.","1","100 Spearmen","{""bridgeman"":0,""spearman"":100,""chull"":0,""scout"":0,""heavy"":0,""shardbearer"":0}","{}","[{""name"":""100 Spearmen"",""units"":{""bridgeman"":0,""spearman"":100,""chull"":0,""scout"":0,""heavy"":0,""shardbearer"":0},""research"":{""soulcastArmor"":3}}]","normalized","normalized","EXPERIMENTAL / normalized Survival — NOT BALANCED","1000","0","999","density","equal","0.03","100","0.6931471805599453","","100","200","100","100","100","50","0.5","0.25","25","25","25","25","25","25","0","","","","0","0","false","0","","25","0.25","0","","0","","0","","0",""
"armor-100","research","Compare scale-sp-100: Tailored Armor III doubles these Spearmen's Power.","0","100 Spearmen","{""bridgeman"":0,""spearman"":100,""chull"":0,""scout"":0,""heavy"":0,""shardbearer"":0}","{""soulcastArmor"":3}","[{""name"":""100 Spearmen"",""units"":{""bridgeman"":0,""spearman"":100,""chull"":0,""scout"":0,""heavy"":0,""shardbearer"":0},""research"":{}}]","normalized-weighted","normalized-weighted","EXPERIMENTAL / normalized + weighted — NOT BALANCED","1000","0","999","density","weighted","0.03","100","0.6931471805599453","","200","100","100","100","100","50","0.125","0.0625","6.25","6.275","6.275","6","6","7","0.4465142774872936","","","","0","0","true","0","","6.275","0.06275","0","","0","","0","","0",""
"armor-100","research","Compare scale-sp-100: Tailored Armor III doubles these Spearmen's Power.","1","100 Spearmen","{""bridgeman"":0,""spearman"":100,""chull"":0,""scout"":0,""heavy"":0,""shardbearer"":0}","{}","[{""name"":""100 Spearmen"",""units"":{""bridgeman"":0,""spearman"":100,""chull"":0,""scout"":0,""heavy"":0,""shardbearer"":0},""research"":{""soulcastArmor"":3}}]","normalized-weighted","normalized-weighted","EXPERIMENTAL / normalized + weighted — NOT BALANCED","1000","0","999","density","weighted","0.03","100","0.6931471805599453","","100","200","100","100","100","50","0.5","0.25","25","25","25","25","25","25","0","","","","0","0","false","0","","25","0.25","0","","0","","0","","0",""
"ablative-before","marginal","","0","100 Spearmen","{""bridgeman"":0,""spearman"":100,""chull"":0,""scout"":0,""heavy"":0,""shardbearer"":0}","{}","[{""name"":""100 Spearmen"",""units"":{""bridgeman"":0,""spearman"":100,""chull"":0,""scout"":0,""heavy"":0,""shardbearer"":0},""research"":{}}]","current","current","CURRENT / BASELINE","1000","0","999","total","equal","0.03","100","0.6931471805599453","","100","100","100","100","100","50","0.25","0.125","12.5","12.513","12.513","13","12","13","0.4998309714293404","","","","0","","false","0","","12.513","0.12513","0","","0","","0","","0",""
"ablative-before","marginal","","1","100 Spearmen","{""bridgeman"":0,""spearman"":100,""chull"":0,""scout"":0,""heavy"":0,""shardbearer"":0}","{}","[{""name"":""100 Spearmen"",""units"":{""bridgeman"":0,""spearman"":100,""chull"":0,""scout"":0,""heavy"":0,""shardbearer"":0},""research"":{}}]","current","current","CURRENT / BASELINE","1000","0","999","total","equal","0.03","100","0.6931471805599453","","100","100","100","100","100","50","0.25","0.125","12.5","12.502","12.502","13","12","13","0.49999599998400396","","","","0","","false","0","","12.502","0.12502000000000002","0","","0","","0","","0",""
"ablative-before","marginal","","0","100 Spearmen","{""bridgeman"":0,""spearman"":100,""chull"":0,""scout"":0,""heavy"":0,""shardbearer"":0}","{}","[{""name"":""100 Spearmen"",""units"":{""bridgeman"":0,""spearman"":100,""chull"":0,""scout"":0,""heavy"":0,""shardbearer"":0},""research"":{}}]","floor1","floor1","EXPERIMENTAL / 1% floor","1000","0","999","total","equal","0.01","100","0.6931471805599453","","100","100","100","100","100","50","0.25","0.125","12.5","12.513","12.513","13","12","13","0.4998309714293404","","","","0","","false","0","","12.513","0.12513","0","","0","","0","","0",""
"ablative-before","marginal","","1","100 Spearmen","{""bridgeman"":0,""spearman"":100,""chull"":0,""scout"":0,""heavy"":0,""shardbearer"":0}","{}","[{""name"":""100 Spearmen"",""units"":{""bridgeman"":0,""spearman"":100,""chull"":0,""scout"":0,""heavy"":0,""shardbearer"":0},""research"":{}}]","floor1","floor1","EXPERIMENTAL / 1% floor","1000","0","999","total","equal","0.01","100","0.6931471805599453","","100","100","100","100","100","50","0.25","0.125","12.5","12.502","12.502","13","12","13","0.49999599998400396","","","","0","","false","0","","12.502","0.12502000000000002","0","","0","","0","","0",""
"ablative-before","marginal","","0","100 Spearmen","{""bridgeman"":0,""spearman"":100,""chull"":0,""scout"":0,""heavy"":0,""shardbearer"":0}","{}","[{""name"":""100 Spearmen"",""units"":{""bridgeman"":0,""spearman"":100,""chull"":0,""scout"":0,""heavy"":0,""shardbearer"":0},""research"":{}}]","floor0","floor0","EXPERIMENTAL / 0% floor","1000","0","999","total","equal","0","100","0.6931471805599453","","100","100","100","100","100","50","0.25","0.125","12.5","12.513","12.513","13","12","13","0.4998309714293404","","","","0","","false","0","","12.513","0.12513","0","","0","","0","","0",""
"ablative-before","marginal","","1","100 Spearmen","{""bridgeman"":0,""spearman"":100,""chull"":0,""scout"":0,""heavy"":0,""shardbearer"":0}","{}","[{""name"":""100 Spearmen"",""units"":{""bridgeman"":0,""spearman"":100,""chull"":0,""scout"":0,""heavy"":0,""shardbearer"":0},""research"":{}}]","floor0","floor0","EXPERIMENTAL / 0% floor","1000","0","999","total","equal","0","100","0.6931471805599453","","100","100","100","100","100","50","0.25","0.125","12.5","12.502","12.502","13","12","13","0.49999599998400396","","","","0","","false","0","","12.502","0.12502000000000002","0","","0","","0","","0",""
"ablative-before","marginal","","0","100 Spearmen","{""bridgeman"":0,""spearman"":100,""chull"":0,""scout"":0,""heavy"":0,""shardbearer"":0}","{}","[{""name"":""100 Spearmen"",""units"":{""bridgeman"":0,""spearman"":100,""chull"":0,""scout"":0,""heavy"":0,""shardbearer"":0},""research"":{}}]","weighted","weighted","EXPERIMENTAL / weighted selection","1000","0","999","total","weighted","0.03","100","0.6931471805599453","","100","100","100","100","100","50","0.25","0.125","12.5","12.513","12.513","13","12","13","0.4998309714293404","","","","0","","false","0","","12.513","0.12513","0","","0","","0","","0",""
"ablative-before","marginal","","1","100 Spearmen","{""bridgeman"":0,""spearman"":100,""chull"":0,""scout"":0,""heavy"":0,""shardbearer"":0}","{}","[{""name"":""100 Spearmen"",""units"":{""bridgeman"":0,""spearman"":100,""chull"":0,""scout"":0,""heavy"":0,""shardbearer"":0},""research"":{}}]","weighted","weighted","EXPERIMENTAL / weighted selection","1000","0","999","total","weighted","0.03","100","0.6931471805599453","","100","100","100","100","100","50","0.25","0.125","12.5","12.502","12.502","13","12","13","0.49999599998400396","","","","0","","false","0","","12.502","0.12502000000000002","0","","0","","0","","0",""
"ablative-before","marginal","","0","100 Spearmen","{""bridgeman"":0,""spearman"":100,""chull"":0,""scout"":0,""heavy"":0,""shardbearer"":0}","{}","[{""name"":""100 Spearmen"",""units"":{""bridgeman"":0,""spearman"":100,""chull"":0,""scout"":0,""heavy"":0,""shardbearer"":0},""research"":{}}]","normalized","normalized","EXPERIMENTAL / normalized Survival — NOT BALANCED","1000","0","999","density","equal","0.03","100","0.6931471805599453","","100","100","100","100","100","50","0.25","0.125","12.5","12.513","12.513","13","12","13","0.4998309714293404","","","","0","","false","0","","12.513","0.12513","0","","0","","0","","0",""
"ablative-before","marginal","","1","100 Spearmen","{""bridgeman"":0,""spearman"":100,""chull"":0,""scout"":0,""heavy"":0,""shardbearer"":0}","{}","[{""name"":""100 Spearmen"",""units"":{""bridgeman"":0,""spearman"":100,""chull"":0,""scout"":0,""heavy"":0,""shardbearer"":0},""research"":{}}]","normalized","normalized","EXPERIMENTAL / normalized Survival — NOT BALANCED","1000","0","999","density","equal","0.03","100","0.6931471805599453","","100","100","100","100","100","50","0.25","0.125","12.5","12.502","12.502","13","12","13","0.49999599998400396","","","","0","","false","0","","12.502","0.12502000000000002","0","","0","","0","","0",""
"ablative-before","marginal","","0","100 Spearmen","{""bridgeman"":0,""spearman"":100,""chull"":0,""scout"":0,""heavy"":0,""shardbearer"":0}","{}","[{""name"":""100 Spearmen"",""units"":{""bridgeman"":0,""spearman"":100,""chull"":0,""scout"":0,""heavy"":0,""shardbearer"":0},""research"":{}}]","normalized-weighted","normalized-weighted","EXPERIMENTAL / normalized + weighted — NOT BALANCED","1000","0","999","density","weighted","0.03","100","0.6931471805599453","","100","100","100","100","100","50","0.25","0.125","12.5","12.513","12.513","13","12","13","0.4998309714293404","","","","0","","false","0","","12.513","0.12513","0","","0","","0","","0",""
"ablative-before","marginal","","1","100 Spearmen","{""bridgeman"":0,""spearman"":100,""chull"":0,""scout"":0,""heavy"":0,""shardbearer"":0}","{}","[{""name"":""100 Spearmen"",""units"":{""bridgeman"":0,""spearman"":100,""chull"":0,""scout"":0,""heavy"":0,""shardbearer"":0},""research"":{}}]","normalized-weighted","normalized-weighted","EXPERIMENTAL / normalized + weighted — NOT BALANCED","1000","0","999","density","weighted","0.03","100","0.6931471805599453","","100","100","100","100","100","50","0.25","0.125","12.5","12.502","12.502","13","12","13","0.49999599998400396","","","","0","","false","0","","12.502","0.12502000000000002","0","","0","","0","","0",""
"ablative-plus-bm","marginal","Adding a troop changes Power, total Survival and casualty allocation.","0","100 SP + 1 BM","{""bridgeman"":1,""spearman"":100,""chull"":0,""scout"":0,""heavy"":0,""shardbearer"":0}","{}","[{""name"":""100 Spearmen"",""units"":{""bridgeman"":0,""spearman"":100,""chull"":0,""scout"":0,""heavy"":0,""shardbearer"":0},""research"":{}}]","current","current","CURRENT / BASELINE","1000","0","999","total","equal","0.03","100","0.6931471805599453","","100.5","100","99","99","101","51","0.24875621890547264","0.12500312507812694","12.625315632890821","12.618","12.493069306930693","13","12","13","0.4858765275252596","","","","0","0","true","0.111","0.111","12.507","0.12507","0","","0","","0","","0",""
"ablative-plus-bm","marginal","Adding a troop changes Power, total Survival and casualty allocation.","1","100 Spearmen","{""bridgeman"":0,""spearman"":100,""chull"":0,""scout"":0,""heavy"":0,""shardbearer"":0}","{}","[{""name"":""100 SP + 1 BM"",""units"":{""bridgeman"":1,""spearman"":100,""chull"":0,""scout"":0,""heavy"":0,""shardbearer"":0},""research"":{}}]","current","current","CURRENT / BASELINE","1000","0","999","total","equal","0.03","100","0.6931471805599453","","100","100.5","100","100","100","50","0.25125","0.125625","12.562499999999998","12.566","12.566","13","12","13","0.49562485813365","","","","0","0","false","0","","12.566","0.12566","0","","0","","0","","0",""
"ablative-plus-bm","marginal","Adding a troop changes Power, total Survival and casualty allocation.","0","100 SP + 1 BM","{""bridgeman"":1,""spearman"":100,""chull"":0,""scout"":0,""heavy"":0,""shardbearer"":0}","{}","[{""name"":""100 Spearmen"",""units"":{""bridgeman"":0,""spearman"":100,""chull"":0,""scout"":0,""heavy"":0,""shardbearer"":0},""research"":{}}]","floor1","floor1","EXPERIMENTAL / 1% floor","1000","0","999","total","equal","0.01","100","0.6931471805599453","","100.5","100","99","99","101","51","0.24875621890547264","0.12500312507812694","12.625315632890821","12.618","12.493069306930693","13","12","13","0.4858765275252596","","","","0","0","true","0.111","0.111","12.507","0.12507","0","","0","","0","","0",""
"ablative-plus-bm","marginal","Adding a troop changes Power, total Survival and casualty allocation.","1","100 Spearmen","{""bridgeman"":0,""spearman"":100,""chull"":0,""scout"":0,""heavy"":0,""shardbearer"":0}","{}","[{""name"":""100 SP + 1 BM"",""units"":{""bridgeman"":1,""spearman"":100,""chull"":0,""scout"":0,""heavy"":0,""shardbearer"":0},""research"":{}}]","floor1","floor1","EXPERIMENTAL / 1% floor","1000","0","999","total","equal","0.01","100","0.6931471805599453","","100","100.5","100","100","100","50","0.25125","0.125625","12.562499999999998","12.566","12.566","13","12","13","0.49562485813365","","","","0","0","false","0","","12.566","0.12566","0","","0","","0","","0",""
"ablative-plus-bm","marginal","Adding a troop changes Power, total Survival and casualty allocation.","0","100 SP + 1 BM","{""bridgeman"":1,""spearman"":100,""chull"":0,""scout"":0,""heavy"":0,""shardbearer"":0}","{}","[{""name"":""100 Spearmen"",""units"":{""bridgeman"":0,""spearman"":100,""chull"":0,""scout"":0,""heavy"":0,""shardbearer"":0},""research"":{}}]","floor0","floor0","EXPERIMENTAL / 0% floor","1000","0","999","total","equal","0","100","0.6931471805599453","","100.5","100","99","99","101","51","0.24875621890547264","0.12500312507812694","12.625315632890821","12.618","12.493069306930693","13","12","13","0.4858765275252596","","","","0","0","true","0.111","0.111","12.507","0.12507","0","","0","","0","","0",""
"ablative-plus-bm","marginal","Adding a troop changes Power, total Survival and casualty allocation.","1","100 Spearmen","{""bridgeman"":0,""spearman"":100,""chull"":0,""scout"":0,""heavy"":0,""shardbearer"":0}","{}","[{""name"":""100 SP + 1 BM"",""units"":{""bridgeman"":1,""spearman"":100,""chull"":0,""scout"":0,""heavy"":0,""shardbearer"":0},""research"":{}}]","floor0","floor0","EXPERIMENTAL / 0% floor","1000","0","999","total","equal","0","100","0.6931471805599453","","100","100.5","100","100","100","50","0.25125","0.125625","12.562499999999998","12.566","12.566","13","12","13","0.49562485813365","","","","0","0","false","0","","12.566","0.12566","0","","0","","0","","0",""
"ablative-plus-bm","marginal","Adding a troop changes Power, total Survival and casualty allocation.","0","100 SP + 1 BM","{""bridgeman"":1,""spearman"":100,""chull"":0,""scout"":0,""heavy"":0,""shardbearer"":0}","{}","[{""name"":""100 Spearmen"",""units"":{""bridgeman"":0,""spearman"":100,""chull"":0,""scout"":0,""heavy"":0,""shardbearer"":0},""research"":{}}]","weighted","weighted","EXPERIMENTAL / weighted selection","1000","0","999","total","weighted","0.03","100","0.6931471805599453","","100.5","100","99","99","101","51","0.24875621890547264","0.12500312507812694","12.625315632890821","12.618","12.493069306930693","13","12","13","0.4858765275252596","","","","0","0","true","0.404","0.404","12.214","0.12214","0","","0","","0","","0",""
"ablative-plus-bm","marginal","Adding a troop changes Power, total Survival and casualty allocation.","1","100 Spearmen","{""bridgeman"":0,""spearman"":100,""chull"":0,""scout"":0,""heavy"":0,""shardbearer"":0}","{}","[{""name"":""100 SP + 1 BM"",""units"":{""bridgeman"":1,""spearman"":100,""chull"":0,""scout"":0,""heavy"":0,""shardbearer"":0},""research"":{}}]","weighted","weighted","EXPERIMENTAL / weighted selection","1000","0","999","total","weighted","0.03","100","0.6931471805599453","","100","100.5","100","100","100","50","0.25125","0.125625","12.562499999999998","12.566","12.566","13","12","13","0.49562485813365","","","","0","0","false","0","","12.566","0.12566","0","","0","","0","","0",""
"ablative-plus-bm","marginal","Adding a troop changes Power, total Survival and casualty allocation.","0","100 SP + 1 BM","{""bridgeman"":1,""spearman"":100,""chull"":0,""scout"":0,""heavy"":0,""shardbearer"":0}","{}","[{""name"":""100 Spearmen"",""units"":{""bridgeman"":0,""spearman"":100,""chull"":0,""scout"":0,""heavy"":0,""shardbearer"":0},""research"":{}}]","normalized","normalized","EXPERIMENTAL / normalized Survival — NOT BALANCED","1000","0","999","density","equal","0.03","100","0.6931471805599453","","100.5","100","99","98.01980198019803","101","51","0.24875621890547264","0.1256218905472637","12.687810945273633","12.675","12.549504950495049","13","12","13","0.4683748498798818","","","","0","0","true","0.111","0.111","12.564","0.12564","0","","0","","0","","0",""
"ablative-plus-bm","marginal","Adding a troop changes Power, total Survival and casualty allocation.","1","100 Spearmen","{""bridgeman"":0,""spearman"":100,""chull"":0,""scout"":0,""heavy"":0,""shardbearer"":0}","{}","[{""name"":""100 SP + 1 BM"",""units"":{""bridgeman"":1,""spearman"":100,""chull"":0,""scout"":0,""heavy"":0,""shardbearer"":0},""research"":{}}]","normalized","normalized","EXPERIMENTAL / normalized Survival — NOT BALANCED","1000","0","999","density","equal","0.03","100","0.6931471805599453","","100","100.5","100","100","100","50","0.25125","0.125625","12.562499999999998","12.566","12.566","13","12","13","0.49562485813365","","","","0","0","false","0","","12.566","0.12566","0","","0","","0","","0",""
"ablative-plus-bm","marginal","Adding a troop changes Power, total Survival and casualty allocation.","0","100 SP + 1 BM","{""bridgeman"":1,""spearman"":100,""chull"":0,""scout"":0,""heavy"":0,""shardbearer"":0}","{}","[{""name"":""100 Spearmen"",""units"":{""bridgeman"":0,""spearman"":100,""chull"":0,""scout"":0,""heavy"":0,""shardbearer"":0},""research"":{}}]","normalized-weighted","normalized-weighted","EXPERIMENTAL / normalized + weighted — NOT BALANCED","1000","0","999","density","weighted","0.03","100","0.6931471805599453","","100.5","100","99","98.01980198019803","101","51","0.24875621890547264","0.1256218905472637","12.687810945273633","12.675","12.549504950495049","13","12","13","0.4683748498798818","","","","0","0","true","0.406","0.406","12.269","0.12269000000000001","0","","0","","0","","0",""
"ablative-plus-bm","marginal","Adding a troop changes Power, total Survival and casualty allocation.","1","100 Spearmen","{""bridgeman"":0,""spearman"":100,""chull"":0,""scout"":0,""heavy"":0,""shardbearer"":0}","{}","[{""name"":""100 SP + 1 BM"",""units"":{""bridgeman"":1,""spearman"":100,""chull"":0,""scout"":0,""heavy"":0,""shardbearer"":0},""research"":{}}]","normalized-weighted","normalized-weighted","EXPERIMENTAL / normalized + weighted — NOT BALANCED","1000","0","999","density","weighted","0.03","100","0.6931471805599453","","100","100.5","100","100","100","50","0.25125","0.125625","12.562499999999998","12.566","12.566","13","12","13","0.49562485813365","","","","0","0","false","0","","12.566","0.12566","0","","0","","0","","0",""
"zero-own","edge","","0","10 Chulls","{""bridgeman"":0,""spearman"":0,""chull"":10,""scout"":0,""heavy"":0,""shardbearer"":0}","{}","[{""name"":""10 Spearmen"",""units"":{""bridgeman"":0,""spearman"":10,""chull"":0,""scout"":0,""heavy"":0,""shardbearer"":0},""research"":{}}]","current","current","CURRENT / BASELINE","1000","0","999","total","equal","0.03","100","0.6931471805599453","","0","10","20","20","10","300","0.8","0.6666666666666667","6.666666666666668","6.667","66.66999999999999","7","6","7","0.4712865370451297","","","","0","1","false","0","","0","","6.667","0.6667","0","","0","","0",""
"zero-own","edge","","1","10 Spearmen","{""bridgeman"":0,""spearman"":10,""chull"":0,""scout"":0,""heavy"":0,""shardbearer"":0}","{}","[{""name"":""10 Chulls"",""units"":{""bridgeman"":0,""spearman"":0,""chull"":10,""scout"":0,""heavy"":0,""shardbearer"":0},""research"":{}}]","current","current","CURRENT / BASELINE","1000","0","999","total","equal","0.03","100","0.6931471805599453","","10","0","10","10","10","5","0","0","0","0","0","0","0","0","0","","","","0","1","true","0","","0","0","0","","0","","0","","0",""
"zero-own","edge","","0","10 Chulls","{""bridgeman"":0,""spearman"":0,""chull"":10,""scout"":0,""heavy"":0,""shardbearer"":0}","{}","[{""name"":""10 Spearmen"",""units"":{""bridgeman"":0,""spearman"":10,""chull"":0,""scout"":0,""heavy"":0,""shardbearer"":0},""research"":{}}]","floor1","floor1","EXPERIMENTAL / 1% floor","1000","0","999","total","equal","0.01","100","0.6931471805599453","","0","10","20","20","10","300","0.8","0.6666666666666667","6.666666666666668","6.667","66.66999999999999","7","6","7","0.4712865370451297","","","","0","1","false","0","","0","","6.667","0.6667","0","","0","","0",""
"zero-own","edge","","1","10 Spearmen","{""bridgeman"":0,""spearman"":10,""chull"":0,""scout"":0,""heavy"":0,""shardbearer"":0}","{}","[{""name"":""10 Chulls"",""units"":{""bridgeman"":0,""spearman"":0,""chull"":10,""scout"":0,""heavy"":0,""shardbearer"":0},""research"":{}}]","floor1","floor1","EXPERIMENTAL / 1% floor","1000","0","999","total","equal","0.01","100","0.6931471805599453","","10","0","10","10","10","5","0","0","0","0","0","0","0","0","0","","","","0","1","true","0","","0","0","0","","0","","0","","0",""
"zero-own","edge","","0","10 Chulls","{""bridgeman"":0,""spearman"":0,""chull"":10,""scout"":0,""heavy"":0,""shardbearer"":0}","{}","[{""name"":""10 Spearmen"",""units"":{""bridgeman"":0,""spearman"":10,""chull"":0,""scout"":0,""heavy"":0,""shardbearer"":0},""research"":{}}]","floor0","floor0","EXPERIMENTAL / 0% floor","1000","0","999","total","equal","0","100","0.6931471805599453","","0","10","20","20","10","300","0.8","0.6666666666666667","6.666666666666668","6.667","66.66999999999999","7","6","7","0.4712865370451297","","","","0","1","false","0","","0","","6.667","0.6667","0","","0","","0",""
"zero-own","edge","","1","10 Spearmen","{""bridgeman"":0,""spearman"":10,""chull"":0,""scout"":0,""heavy"":0,""shardbearer"":0}","{}","[{""name"":""10 Chulls"",""units"":{""bridgeman"":0,""spearman"":0,""chull"":10,""scout"":0,""heavy"":0,""shardbearer"":0},""research"":{}}]","floor0","floor0","EXPERIMENTAL / 0% floor","1000","0","999","total","equal","0","100","0.6931471805599453","","10","0","10","10","10","5","0","0","0","0","0","0","0","0","0","","","","0","1","true","0","","0","0","0","","0","","0","","0",""
"zero-own","edge","","0","10 Chulls","{""bridgeman"":0,""spearman"":0,""chull"":10,""scout"":0,""heavy"":0,""shardbearer"":0}","{}","[{""name"":""10 Spearmen"",""units"":{""bridgeman"":0,""spearman"":10,""chull"":0,""scout"":0,""heavy"":0,""shardbearer"":0},""research"":{}}]","weighted","weighted","EXPERIMENTAL / weighted selection","1000","0","999","total","weighted","0.03","100","0.6931471805599453","","0","10","20","20","10","300","0.8","0.6666666666666667","6.666666666666668","6.667","66.66999999999999","7","6","7","0.4712865370451297","","","","0","1","false","0","","0","","6.667","0.6667","0","","0","","0",""
"zero-own","edge","","1","10 Spearmen","{""bridgeman"":0,""spearman"":10,""chull"":0,""scout"":0,""heavy"":0,""shardbearer"":0}","{}","[{""name"":""10 Chulls"",""units"":{""bridgeman"":0,""spearman"":0,""chull"":10,""scout"":0,""heavy"":0,""shardbearer"":0},""research"":{}}]","weighted","weighted","EXPERIMENTAL / weighted selection","1000","0","999","total","weighted","0.03","100","0.6931471805599453","","10","0","10","10","10","5","0","0","0","0","0","0","0","0","0","","","","0","1","true","0","","0","0","0","","0","","0","","0",""
"zero-own","edge","","0","10 Chulls","{""bridgeman"":0,""spearman"":0,""chull"":10,""scout"":0,""heavy"":0,""shardbearer"":0}","{}","[{""name"":""10 Spearmen"",""units"":{""bridgeman"":0,""spearman"":10,""chull"":0,""scout"":0,""heavy"":0,""shardbearer"":0},""research"":{}}]","normalized","normalized","EXPERIMENTAL / normalized Survival — NOT BALANCED","1000","0","999","density","equal","0.03","100","0.6931471805599453","","0","10","20","200","10","300","0.8","0.26666666666666666","2.6666666666666665","2.667","26.669999999999998","3","2","3","0.4712865370451297","","","","0","1","false","0","","0","","2.667","0.2667","0","","0","","0",""
"zero-own","edge","","1","10 Spearmen","{""bridgeman"":0,""spearman"":10,""chull"":0,""scout"":0,""heavy"":0,""shardbearer"":0}","{}","[{""name"":""10 Chulls"",""units"":{""bridgeman"":0,""spearman"":0,""chull"":10,""scout"":0,""heavy"":0,""shardbearer"":0},""research"":{}}]","normalized","normalized","EXPERIMENTAL / normalized Survival — NOT BALANCED","1000","0","999","density","equal","0.03","100","0.6931471805599453","","10","0","10","100","10","5","0","0","0","0","0","0","0","0","0","","","","0","1","true","0","","0","0","0","","0","","0","","0",""
"zero-own","edge","","0","10 Chulls","{""bridgeman"":0,""spearman"":0,""chull"":10,""scout"":0,""heavy"":0,""shardbearer"":0}","{}","[{""name"":""10 Spearmen"",""units"":{""bridgeman"":0,""spearman"":10,""chull"":0,""scout"":0,""heavy"":0,""shardbearer"":0},""research"":{}}]","normalized-weighted","normalized-weighted","EXPERIMENTAL / normalized + weighted — NOT BALANCED","1000","0","999","density","weighted","0.03","100","0.6931471805599453","","0","10","20","200","10","300","0.8","0.26666666666666666","2.6666666666666665","2.667","26.669999999999998","3","2","3","0.4712865370451297","","","","0","1","false","0","","0","","2.667","0.2667","0","","0","","0",""
"zero-own","edge","","1","10 Spearmen","{""bridgeman"":0,""spearman"":10,""chull"":0,""scout"":0,""heavy"":0,""shardbearer"":0}","{}","[{""name"":""10 Chulls"",""units"":{""bridgeman"":0,""spearman"":0,""chull"":10,""scout"":0,""heavy"":0,""shardbearer"":0},""research"":{}}]","normalized-weighted","normalized-weighted","EXPERIMENTAL / normalized + weighted — NOT BALANCED","1000","0","999","density","weighted","0.03","100","0.6931471805599453","","10","0","10","100","10","5","0","0","0","0","0","0","0","0","0","","","","0","1","true","0","","0","0","0","","0","","0","","0",""
"zero-both","edge","","0","10 Chulls","{""bridgeman"":0,""spearman"":0,""chull"":10,""scout"":0,""heavy"":0,""shardbearer"":0}","{}","[{""name"":""10 Chulls"",""units"":{""bridgeman"":0,""spearman"":0,""chull"":10,""scout"":0,""heavy"":0,""shardbearer"":0},""research"":{}}]","current","current","CURRENT / BASELINE","1000","0","999","total","equal","0.03","100","0.6931471805599453","","0","0","20","20","10","300","0","0","0","0","0","0","0","0","0","","","","0","","false","0","","0","","0","0","0","","0","","0",""
"zero-both","edge","","1","10 Chulls","{""bridgeman"":0,""spearman"":0,""chull"":10,""scout"":0,""heavy"":0,""shardbearer"":0}","{}","[{""name"":""10 Chulls"",""units"":{""bridgeman"":0,""spearman"":0,""chull"":10,""scout"":0,""heavy"":0,""shardbearer"":0},""research"":{}}]","current","current","CURRENT / BASELINE","1000","0","999","total","equal","0.03","100","0.6931471805599453","","0","0","20","20","10","300","0","0","0","0","0","0","0","0","0","","","","0","","false","0","","0","","0","0","0","","0","","0",""
"zero-both","edge","","0","10 Chulls","{""bridgeman"":0,""spearman"":0,""chull"":10,""scout"":0,""heavy"":0,""shardbearer"":0}","{}","[{""name"":""10 Chulls"",""units"":{""bridgeman"":0,""spearman"":0,""chull"":10,""scout"":0,""heavy"":0,""shardbearer"":0},""research"":{}}]","floor1","floor1","EXPERIMENTAL / 1% floor","1000","0","999","total","equal","0.01","100","0.6931471805599453","","0","0","20","20","10","300","0","0","0","0","0","0","0","0","0","","","","0","","false","0","","0","","0","0","0","","0","","0",""
"zero-both","edge","","1","10 Chulls","{""bridgeman"":0,""spearman"":0,""chull"":10,""scout"":0,""heavy"":0,""shardbearer"":0}","{}","[{""name"":""10 Chulls"",""units"":{""bridgeman"":0,""spearman"":0,""chull"":10,""scout"":0,""heavy"":0,""shardbearer"":0},""research"":{}}]","floor1","floor1","EXPERIMENTAL / 1% floor","1000","0","999","total","equal","0.01","100","0.6931471805599453","","0","0","20","20","10","300","0","0","0","0","0","0","0","0","0","","","","0","","false","0","","0","","0","0","0","","0","","0",""
"zero-both","edge","","0","10 Chulls","{""bridgeman"":0,""spearman"":0,""chull"":10,""scout"":0,""heavy"":0,""shardbearer"":0}","{}","[{""name"":""10 Chulls"",""units"":{""bridgeman"":0,""spearman"":0,""chull"":10,""scout"":0,""heavy"":0,""shardbearer"":0},""research"":{}}]","floor0","floor0","EXPERIMENTAL / 0% floor","1000","0","999","total","equal","0","100","0.6931471805599453","","0","0","20","20","10","300","0","0","0","0","0","0","0","0","0","","","","0","","false","0","","0","","0","0","0","","0","","0",""
"zero-both","edge","","1","10 Chulls","{""bridgeman"":0,""spearman"":0,""chull"":10,""scout"":0,""heavy"":0,""shardbearer"":0}","{}","[{""name"":""10 Chulls"",""units"":{""bridgeman"":0,""spearman"":0,""chull"":10,""scout"":0,""heavy"":0,""shardbearer"":0},""research"":{}}]","floor0","floor0","EXPERIMENTAL / 0% floor","1000","0","999","total","equal","0","100","0.6931471805599453","","0","0","20","20","10","300","0","0","0","0","0","0","0","0","0","","","","0","","false","0","","0","","0","0","0","","0","","0",""
"zero-both","edge","","0","10 Chulls","{""bridgeman"":0,""spearman"":0,""chull"":10,""scout"":0,""heavy"":0,""shardbearer"":0}","{}","[{""name"":""10 Chulls"",""units"":{""bridgeman"":0,""spearman"":0,""chull"":10,""scout"":0,""heavy"":0,""shardbearer"":0},""research"":{}}]","weighted","weighted","EXPERIMENTAL / weighted selection","1000","0","999","total","weighted","0.03","100","0.6931471805599453","","0","0","20","20","10","300","0","0","0","0","0","0","0","0","0","","","","0","","false","0","","0","","0","0","0","","0","","0",""
"zero-both","edge","","1","10 Chulls","{""bridgeman"":0,""spearman"":0,""chull"":10,""scout"":0,""heavy"":0,""shardbearer"":0}","{}","[{""name"":""10 Chulls"",""units"":{""bridgeman"":0,""spearman"":0,""chull"":10,""scout"":0,""heavy"":0,""shardbearer"":0},""research"":{}}]","weighted","weighted","EXPERIMENTAL / weighted selection","1000","0","999","total","weighted","0.03","100","0.6931471805599453","","0","0","20","20","10","300","0","0","0","0","0","0","0","0","0","","","","0","","false","0","","0","","0","0","0","","0","","0",""
"zero-both","edge","","0","10 Chulls","{""bridgeman"":0,""spearman"":0,""chull"":10,""scout"":0,""heavy"":0,""shardbearer"":0}","{}","[{""name"":""10 Chulls"",""units"":{""bridgeman"":0,""spearman"":0,""chull"":10,""scout"":0,""heavy"":0,""shardbearer"":0},""research"":{}}]","normalized","normalized","EXPERIMENTAL / normalized Survival — NOT BALANCED","1000","0","999","density","equal","0.03","100","0.6931471805599453","","0","0","20","200","10","300","0","0","0","0","0","0","0","0","0","","","","0","","false","0","","0","","0","0","0","","0","","0",""
"zero-both","edge","","1","10 Chulls","{""bridgeman"":0,""spearman"":0,""chull"":10,""scout"":0,""heavy"":0,""shardbearer"":0}","{}","[{""name"":""10 Chulls"",""units"":{""bridgeman"":0,""spearman"":0,""chull"":10,""scout"":0,""heavy"":0,""shardbearer"":0},""research"":{}}]","normalized","normalized","EXPERIMENTAL / normalized Survival — NOT BALANCED","1000","0","999","density","equal","0.03","100","0.6931471805599453","","0","0","20","200","10","300","0","0","0","0","0","0","0","0","0","","","","0","","false","0","","0","","0","0","0","","0","","0",""
"zero-both","edge","","0","10 Chulls","{""bridgeman"":0,""spearman"":0,""chull"":10,""scout"":0,""heavy"":0,""shardbearer"":0}","{}","[{""name"":""10 Chulls"",""units"":{""bridgeman"":0,""spearman"":0,""chull"":10,""scout"":0,""heavy"":0,""shardbearer"":0},""research"":{}}]","normalized-weighted","normalized-weighted","EXPERIMENTAL / normalized + weighted — NOT BALANCED","1000","0","999","density","weighted","0.03","100","0.6931471805599453","","0","0","20","200","10","300","0","0","0","0","0","0","0","0","0","","","","0","","false","0","","0","","0","0","0","","0","","0",""
"zero-both","edge","","1","10 Chulls","{""bridgeman"":0,""spearman"":0,""chull"":10,""scout"":0,""heavy"":0,""shardbearer"":0}","{}","[{""name"":""10 Chulls"",""units"":{""bridgeman"":0,""spearman"":0,""chull"":10,""scout"":0,""heavy"":0,""shardbearer"":0},""research"":{}}]","normalized-weighted","normalized-weighted","EXPERIMENTAL / normalized + weighted — NOT BALANCED","1000","0","999","density","weighted","0.03","100","0.6931471805599453","","0","0","20","200","10","300","0","0","0","0","0","0","0","0","0","","","","0","","false","0","","0","","0","0","0","","0","","0",""
"multiway-400-300-200","multiway","Individual Power decides control; every other kingdom contributes hostile Power.","0","400 Spearmen","{""bridgeman"":0,""spearman"":400,""chull"":0,""scout"":0,""heavy"":0,""shardbearer"":0}","{}","[{""name"":""300 Spearmen"",""units"":{""bridgeman"":0,""spearman"":300,""chull"":0,""scout"":0,""heavy"":0,""shardbearer"":0},""research"":{}},{""name"":""200 Spearmen"",""units"":{""bridgeman"":0,""spearman"":200,""chull"":0,""scout"":0,""heavy"":0,""shardbearer"":0},""research"":{}}]","current","current","CURRENT / BASELINE","1000","0","999","total","equal","0.03","100","0.6931471805599453","","400","500","400","400","400","200","0.3125","0.0625","25","25","6.25","25","25","25","0","","","","0","0","true","0","","25","0.0625","0","","0","","0","","0",""
"multiway-400-300-200","multiway","Individual Power decides control; every other kingdom contributes hostile Power.","1","300 Spearmen","{""bridgeman"":0,""spearman"":300,""chull"":0,""scout"":0,""heavy"":0,""shardbearer"":0}","{}","[{""name"":""400 Spearmen"",""units"":{""bridgeman"":0,""spearman"":400,""chull"":0,""scout"":0,""heavy"":0,""shardbearer"":0},""research"":{}},{""name"":""200 Spearmen"",""units"":{""bridgeman"":0,""spearman"":200,""chull"":0,""scout"":0,""heavy"":0,""shardbearer"":0},""research"":{}}]","current","current","CURRENT / BASELINE","1000","0","999","total","equal","0.03","100","0.6931471805599453","","300","600","300","300","300","150","0.5","0.125","37.5","37.505","12.501666666666669","38","37","38","0.4999749993749695","","","","0","0","false","0","","37.505","0.12501666666666666","0","","0","","0","","0",""
"multiway-400-300-200","multiway","Individual Power decides control; every other kingdom contributes hostile Power.","2","200 Spearmen","{""bridgeman"":0,""spearman"":200,""chull"":0,""scout"":0,""heavy"":0,""shardbearer"":0}","{}","[{""name"":""400 Spearmen"",""units"":{""bridgeman"":0,""spearman"":400,""chull"":0,""scout"":0,""heavy"":0,""shardbearer"":0},""research"":{}},{""name"":""300 Spearmen"",""units"":{""bridgeman"":0,""spearman"":300,""chull"":0,""scout"":0,""heavy"":0,""shardbearer"":0},""research"":{}}]","current","current","CURRENT / BASELINE","1000","0","999","total","equal","0.03","100","0.6931471805599453","","200","700","200","200","200","100","0.8","0.26666666666666666","53.333333333333336","53.363","26.6815","53","53","54","0.48086484587667566","","","","0","0","false","0","","53.363","0.266815","0","","0","","0","","0",""
"multiway-400-300-200","multiway","Individual Power decides control; every other kingdom contributes hostile Power.","0","400 Spearmen","{""bridgeman"":0,""spearman"":400,""chull"":0,""scout"":0,""heavy"":0,""shardbearer"":0}","{}","[{""name"":""300 Spearmen"",""units"":{""bridgeman"":0,""spearman"":300,""chull"":0,""scout"":0,""heavy"":0,""shardbearer"":0},""research"":{}},{""name"":""200 Spearmen"",""units"":{""bridgeman"":0,""spearman"":200,""chull"":0,""scout"":0,""heavy"":0,""shardbearer"":0},""research"":{}}]","floor1","floor1","EXPERIMENTAL / 1% floor","1000","0","999","total","equal","0.01","100","0.6931471805599453","","400","500","400","400","400","200","0.3125","0.0625","25","25","6.25","25","25","25","0","","","","0","0","true","0","","25","0.0625","0","","0","","0","","0",""
"multiway-400-300-200","multiway","Individual Power decides control; every other kingdom contributes hostile Power.","1","300 Spearmen","{""bridgeman"":0,""spearman"":300,""chull"":0,""scout"":0,""heavy"":0,""shardbearer"":0}","{}","[{""name"":""400 Spearmen"",""units"":{""bridgeman"":0,""spearman"":400,""chull"":0,""scout"":0,""heavy"":0,""shardbearer"":0},""research"":{}},{""name"":""200 Spearmen"",""units"":{""bridgeman"":0,""spearman"":200,""chull"":0,""scout"":0,""heavy"":0,""shardbearer"":0},""research"":{}}]","floor1","floor1","EXPERIMENTAL / 1% floor","1000","0","999","total","equal","0.01","100","0.6931471805599453","","300","600","300","300","300","150","0.5","0.125","37.5","37.505","12.501666666666669","38","37","38","0.4999749993749695","","","","0","0","false","0","","37.505","0.12501666666666666","0","","0","","0","","0",""
"multiway-400-300-200","multiway","Individual Power decides control; every other kingdom contributes hostile Power.","2","200 Spearmen","{""bridgeman"":0,""spearman"":200,""chull"":0,""scout"":0,""heavy"":0,""shardbearer"":0}","{}","[{""name"":""400 Spearmen"",""units"":{""bridgeman"":0,""spearman"":400,""chull"":0,""scout"":0,""heavy"":0,""shardbearer"":0},""research"":{}},{""name"":""300 Spearmen"",""units"":{""bridgeman"":0,""spearman"":300,""chull"":0,""scout"":0,""heavy"":0,""shardbearer"":0},""research"":{}}]","floor1","floor1","EXPERIMENTAL / 1% floor","1000","0","999","total","equal","0.01","100","0.6931471805599453","","200","700","200","200","200","100","0.8","0.26666666666666666","53.333333333333336","53.363","26.6815","53","53","54","0.48086484587667566","","","","0","0","false","0","","53.363","0.266815","0","","0","","0","","0",""
"multiway-400-300-200","multiway","Individual Power decides control; every other kingdom contributes hostile Power.","0","400 Spearmen","{""bridgeman"":0,""spearman"":400,""chull"":0,""scout"":0,""heavy"":0,""shardbearer"":0}","{}","[{""name"":""300 Spearmen"",""units"":{""bridgeman"":0,""spearman"":300,""chull"":0,""scout"":0,""heavy"":0,""shardbearer"":0},""research"":{}},{""name"":""200 Spearmen"",""units"":{""bridgeman"":0,""spearman"":200,""chull"":0,""scout"":0,""heavy"":0,""shardbearer"":0},""research"":{}}]","floor0","floor0","EXPERIMENTAL / 0% floor","1000","0","999","total","equal","0","100","0.6931471805599453","","400","500","400","400","400","200","0.3125","0.0625","25","25","6.25","25","25","25","0","","","","0","0","true","0","","25","0.0625","0","","0","","0","","0",""
"multiway-400-300-200","multiway","Individual Power decides control; every other kingdom contributes hostile Power.","1","300 Spearmen","{""bridgeman"":0,""spearman"":300,""chull"":0,""scout"":0,""heavy"":0,""shardbearer"":0}","{}","[{""name"":""400 Spearmen"",""units"":{""bridgeman"":0,""spearman"":400,""chull"":0,""scout"":0,""heavy"":0,""shardbearer"":0},""research"":{}},{""name"":""200 Spearmen"",""units"":{""bridgeman"":0,""spearman"":200,""chull"":0,""scout"":0,""heavy"":0,""shardbearer"":0},""research"":{}}]","floor0","floor0","EXPERIMENTAL / 0% floor","1000","0","999","total","equal","0","100","0.6931471805599453","","300","600","300","300","300","150","0.5","0.125","37.5","37.505","12.501666666666669","38","37","38","0.4999749993749695","","","","0","0","false","0","","37.505","0.12501666666666666","0","","0","","0","","0",""
"multiway-400-300-200","multiway","Individual Power decides control; every other kingdom contributes hostile Power.","2","200 Spearmen","{""bridgeman"":0,""spearman"":200,""chull"":0,""scout"":0,""heavy"":0,""shardbearer"":0}","{}","[{""name"":""400 Spearmen"",""units"":{""bridgeman"":0,""spearman"":400,""chull"":0,""scout"":0,""heavy"":0,""shardbearer"":0},""research"":{}},{""name"":""300 Spearmen"",""units"":{""bridgeman"":0,""spearman"":300,""chull"":0,""scout"":0,""heavy"":0,""shardbearer"":0},""research"":{}}]","floor0","floor0","EXPERIMENTAL / 0% floor","1000","0","999","total","equal","0","100","0.6931471805599453","","200","700","200","200","200","100","0.8","0.26666666666666666","53.333333333333336","53.363","26.6815","53","53","54","0.48086484587667566","","","","0","0","false","0","","53.363","0.266815","0","","0","","0","","0",""
"multiway-400-300-200","multiway","Individual Power decides control; every other kingdom contributes hostile Power.","0","400 Spearmen","{""bridgeman"":0,""spearman"":400,""chull"":0,""scout"":0,""heavy"":0,""shardbearer"":0}","{}","[{""name"":""300 Spearmen"",""units"":{""bridgeman"":0,""spearman"":300,""chull"":0,""scout"":0,""heavy"":0,""shardbearer"":0},""research"":{}},{""name"":""200 Spearmen"",""units"":{""bridgeman"":0,""spearman"":200,""chull"":0,""scout"":0,""heavy"":0,""shardbearer"":0},""research"":{}}]","weighted","weighted","EXPERIMENTAL / weighted selection","1000","0","999","total","weighted","0.03","100","0.6931471805599453","","400","500","400","400","400","200","0.3125","0.0625","25","25","6.25","25","25","25","0","","","","0","0","true","0","","25","0.0625","0","","0","","0","","0",""
"multiway-400-300-200","multiway","Individual Power decides control; every other kingdom contributes hostile Power.","1","300 Spearmen","{""bridgeman"":0,""spearman"":300,""chull"":0,""scout"":0,""heavy"":0,""shardbearer"":0}","{}","[{""name"":""400 Spearmen"",""units"":{""bridgeman"":0,""spearman"":400,""chull"":0,""scout"":0,""heavy"":0,""shardbearer"":0},""research"":{}},{""name"":""200 Spearmen"",""units"":{""bridgeman"":0,""spearman"":200,""chull"":0,""scout"":0,""heavy"":0,""shardbearer"":0},""research"":{}}]","weighted","weighted","EXPERIMENTAL / weighted selection","1000","0","999","total","weighted","0.03","100","0.6931471805599453","","300","600","300","300","300","150","0.5","0.125","37.5","37.505","12.501666666666669","38","37","38","0.4999749993749695","","","","0","0","false","0","","37.505","0.12501666666666666","0","","0","","0","","0",""
"multiway-400-300-200","multiway","Individual Power decides control; every other kingdom contributes hostile Power.","2","200 Spearmen","{""bridgeman"":0,""spearman"":200,""chull"":0,""scout"":0,""heavy"":0,""shardbearer"":0}","{}","[{""name"":""400 Spearmen"",""units"":{""bridgeman"":0,""spearman"":400,""chull"":0,""scout"":0,""heavy"":0,""shardbearer"":0},""research"":{}},{""name"":""300 Spearmen"",""units"":{""bridgeman"":0,""spearman"":300,""chull"":0,""scout"":0,""heavy"":0,""shardbearer"":0},""research"":{}}]","weighted","weighted","EXPERIMENTAL / weighted selection","1000","0","999","total","weighted","0.03","100","0.6931471805599453","","200","700","200","200","200","100","0.8","0.26666666666666666","53.333333333333336","53.363","26.6815","53","53","54","0.48086484587667566","","","","0","0","false","0","","53.363","0.266815","0","","0","","0","","0",""
"multiway-400-300-200","multiway","Individual Power decides control; every other kingdom contributes hostile Power.","0","400 Spearmen","{""bridgeman"":0,""spearman"":400,""chull"":0,""scout"":0,""heavy"":0,""shardbearer"":0}","{}","[{""name"":""300 Spearmen"",""units"":{""bridgeman"":0,""spearman"":300,""chull"":0,""scout"":0,""heavy"":0,""shardbearer"":0},""research"":{}},{""name"":""200 Spearmen"",""units"":{""bridgeman"":0,""spearman"":200,""chull"":0,""scout"":0,""heavy"":0,""shardbearer"":0},""research"":{}}]","normalized","normalized","EXPERIMENTAL / normalized Survival — NOT BALANCED","1000","0","999","density","equal","0.03","100","0.6931471805599453","","400","500","400","100","400","200","0.3125","0.15625","62.5","62.512","15.628","63","62","63","0.49985597925803016","","","","0","0","true","0","","62.512","0.15628","0","","0","","0","","0",""
"multiway-400-300-200","multiway","Individual Power decides control; every other kingdom contributes hostile Power.","1","300 Spearmen","{""bridgeman"":0,""spearman"":300,""chull"":0,""scout"":0,""heavy"":0,""shardbearer"":0}","{}","[{""name"":""400 Spearmen"",""units"":{""bridgeman"":0,""spearman"":400,""chull"":0,""scout"":0,""heavy"":0,""shardbearer"":0},""research"":{}},{""name"":""200 Spearmen"",""units"":{""bridgeman"":0,""spearman"":200,""chull"":0,""scout"":0,""heavy"":0,""shardbearer"":0},""research"":{}}]","normalized","normalized","EXPERIMENTAL / normalized Survival — NOT BALANCED","1000","0","999","density","equal","0.03","100","0.6931471805599453","","300","600","300","100","300","150","0.5","0.25","75","75","25","75","75","75","0","","","","0","0","false","0","","75","0.25","0","","0","","0","","0",""
"multiway-400-300-200","multiway","Individual Power decides control; every other kingdom contributes hostile Power.","2","200 Spearmen","{""bridgeman"":0,""spearman"":200,""chull"":0,""scout"":0,""heavy"":0,""shardbearer"":0}","{}","[{""name"":""400 Spearmen"",""units"":{""bridgeman"":0,""spearman"":400,""chull"":0,""scout"":0,""heavy"":0,""shardbearer"":0},""research"":{}},{""name"":""300 Spearmen"",""units"":{""bridgeman"":0,""spearman"":300,""chull"":0,""scout"":0,""heavy"":0,""shardbearer"":0},""research"":{}}]","normalized","normalized","EXPERIMENTAL / normalized Survival — NOT BALANCED","1000","0","999","density","equal","0.03","100","0.6931471805599453","","200","700","200","100","200","100","0.8","0.4","80","80","40","80","80","80","0","","","","0","0","false","0","","80","0.4","0","","0","","0","","0",""
"multiway-400-300-200","multiway","Individual Power decides control; every other kingdom contributes hostile Power.","0","400 Spearmen","{""bridgeman"":0,""spearman"":400,""chull"":0,""scout"":0,""heavy"":0,""shardbearer"":0}","{}","[{""name"":""300 Spearmen"",""units"":{""bridgeman"":0,""spearman"":300,""chull"":0,""scout"":0,""heavy"":0,""shardbearer"":0},""research"":{}},{""name"":""200 Spearmen"",""units"":{""bridgeman"":0,""spearman"":200,""chull"":0,""scout"":0,""heavy"":0,""shardbearer"":0},""research"":{}}]","normalized-weighted","normalized-weighted","EXPERIMENTAL / normalized + weighted — NOT BALANCED","1000","0","999","density","weighted","0.03","100","0.6931471805599453","","400","500","400","100","400","200","0.3125","0.15625","62.5","62.512","15.628","63","62","63","0.49985597925803016","","","","0","0","true","0","","62.512","0.15628","0","","0","","0","","0",""
"multiway-400-300-200","multiway","Individual Power decides control; every other kingdom contributes hostile Power.","1","300 Spearmen","{""bridgeman"":0,""spearman"":300,""chull"":0,""scout"":0,""heavy"":0,""shardbearer"":0}","{}","[{""name"":""400 Spearmen"",""units"":{""bridgeman"":0,""spearman"":400,""chull"":0,""scout"":0,""heavy"":0,""shardbearer"":0},""research"":{}},{""name"":""200 Spearmen"",""units"":{""bridgeman"":0,""spearman"":200,""chull"":0,""scout"":0,""heavy"":0,""shardbearer"":0},""research"":{}}]","normalized-weighted","normalized-weighted","EXPERIMENTAL / normalized + weighted — NOT BALANCED","1000","0","999","density","weighted","0.03","100","0.6931471805599453","","300","600","300","100","300","150","0.5","0.25","75","75","25","75","75","75","0","","","","0","0","false","0","","75","0.25","0","","0","","0","","0",""
"multiway-400-300-200","multiway","Individual Power decides control; every other kingdom contributes hostile Power.","2","200 Spearmen","{""bridgeman"":0,""spearman"":200,""chull"":0,""scout"":0,""heavy"":0,""shardbearer"":0}","{}","[{""name"":""400 Spearmen"",""units"":{""bridgeman"":0,""spearman"":400,""chull"":0,""scout"":0,""heavy"":0,""shardbearer"":0},""research"":{}},{""name"":""300 Spearmen"",""units"":{""bridgeman"":0,""spearman"":300,""chull"":0,""scout"":0,""heavy"":0,""shardbearer"":0},""research"":{}}]","normalized-weighted","normalized-weighted","EXPERIMENTAL / normalized + weighted — NOT BALANCED","1000","0","999","density","weighted","0.03","100","0.6931471805599453","","200","700","200","100","200","100","0.8","0.4","80","80","40","80","80","80","0","","","","0","0","false","0","","80","0.4","0","","0","","0","","0",""
